dataset,policy,seed,key,split,k_star,n_k,n_k_calpool,r_full,rmin_thr,rmin_depth,alpha,margin,z,k_max,pred_tier1,pred_tier1_thr,obs_tier1,tier3_share,n_draws_split,pred_tier1_nk_calpool,pred_tier1_hyper
csv-diabetes,greedy_entropy,0,0.5,778,0,8286,16571,0.09528694707621749,0.09528694707621749,0.0936575945929636,0.15,0.05471305292378251,13.947883802030038,1174,1.0,1.0,1.0,0.0,20,1.0,1.0
csv-diabetes,greedy_entropy,0,0.5,779,0,8286,16571,0.0938386337577696,0.0935369018164263,0.0923903204393217,0.15,0.05616136624223039,14.317099277956492,1174,1.0,1.0,1.0,0.0,20,1.0,1.0
csv-diabetes,greedy_entropy,0,0.5,780,0,8286,16571,0.0955886790175608,0.09534729346448614,0.09311447709854566,0.15,0.0544113209824392,13.870963911212028,1174,1.0,1.0,1.0,0.0,20,1.0,1.0
csv-diabetes,greedy_entropy,0,0.5,781,0,8286,16571,0.09697664594774003,0.09697664594774003,0.09420071208738157,0.15,0.05302335405225997,13.517132413449174,1174,1.0,1.0,1.0,0.0,20,1.0,1.0
csv-diabetes,greedy_entropy,0,0.5,782,0,8286,16571,0.09776114899523264,0.09770080260696397,0.09492486874660551,0.15,0.052238851004767356,13.317140697322342,1174,1.0,1.0,1.0,0.0,20,1.0,1.0
csv-diabetes,greedy_entropy,0,0.7,778,0,8286,16571,0.09528694707621749,0.09528694707621749,0.0936575945929636,0.15,0.05471305292378251,13.947883802030038,1174,1.0,1.0,1.0,0.0,20,1.0,1.0
csv-diabetes,greedy_entropy,0,0.7,779,0,8286,16571,0.0938386337577696,0.0935369018164263,0.0923903204393217,0.15,0.05616136624223039,14.317099277956492,1174,1.0,1.0,1.0,0.0,20,1.0,1.0
csv-diabetes,greedy_entropy,0,0.7,780,0,8286,16571,0.0955886790175608,0.09534729346448614,0.09311447709854566,0.15,0.0544113209824392,13.870963911212028,1174,1.0,1.0,1.0,0.0,20,1.0,1.0
csv-diabetes,greedy_entropy,0,0.7,781,0,8286,16571,0.09697664594774003,0.09697664594774003,0.09420071208738157,0.15,0.05302335405225997,13.517132413449174,1174,1.0,1.0,1.0,0.0,20,1.0,1.0
csv-diabetes,greedy_entropy,0,0.7,782,0,8286,16571,0.09776114899523264,0.09770080260696397,0.09492486874660551,0.15,0.052238851004767356,13.317140697322342,1174,1.0,1.0,1.0,0.0,20,1.0,1.0
csv-diabetes,greedy_entropy,0,0.9,778,1,1661,3286,0.4023128423615338,0.4013998782714547,0.39622641509433965,0.15,-0.25231284236153384,-28.79844776162034,218,1.7705220273855319e-130,9.77274387342798e-130,0.0,0.0,20,7.517158831948997e-129,4.260062949166125e-205
csv-diabetes,greedy_entropy,0,0.9,779,1,1661,3228,0.3990086741016109,0.395910780669145,0.39281288723667906,0.15,-0.2490086741016109,-28.42131706887245,218,8.394661319258456e-128,2.569092489280213e-125,0.0,0.0,20,3.926044171119603e-124,2.4433372652842168e-197
csv-diabetes,greedy_entropy,0,0.9,780,1,1661,3232,0.41646039603960394,0.41336633663366334,0.40748762376237624,0.15,-0.2664603960396039,-30.413219256163714,218,3.1681824837587605e-142,1.2892730565909494e-139,0.0,0.0,20,1.730142339175544e-138,6.609597276585663e-220
csv-diabetes,greedy_entropy,0,0.9,781,1,1661,3300,0.41545454545454547,0.41454545454545455,0.403030303030303,0.15,-0.2654545454545455,-30.298413623368006,218,2.24721213855212e-141,1.3138896632416947e-140,0.0,0.0,20,3.7419956411705895e-140,2.4153285448211476e-223
csv-diabetes,greedy_entropy,0,0.9,782,1,1661,3239,0.41185551096017287,0.4100030873726459,0.3988885458474838,0.15,-0.2618555109601729,-29.887627529769386,218,2.3785875121823967e-138,8.339853479859445e-137,0.0,0.0,20,2.1424902627188842e-135,2.432161575173457e-214
csv-diabetes,greedy_entropy,0,dep,778,1,2158,4289,0.33271158778269994,0.32921426906038703,0.32734903240848684,0.15,-0.18271158778269994,-23.770412563115617,288,4.1526238678439006e-100,3.507747613073168e-97,0.0,1.0,20,1.5415733125003148e-99,4.691828844247387e-162
csv-diabetes,greedy_entropy,0,dep,779,1,2158,4263,0.32348111658456485,0.31996246774571896,0.3183204316209242,0.15,-0.17348111658456486,-22.569546700176616,288,1.8392387808985942e-92,1.2973215882606599e-89,0.0,1.0,20,3.858058778709185e-91,2.4465232532573625e-149
csv-diabetes,greedy_entropy,0,dep,780,1,2158,4230,0.3387706855791962,0.33404255319148934,0.3312056737588652,0.15,-0.1887706855791962,-24.558689082031723,288,2.900810646939462e-105,3.126382523836835e-101,0.0,1.0,20,2.4244298548871037e-103,6.483463969534094e-168
csv-diabetes,greedy_entropy,0,dep,781,1,2158,4301,0.33713089979074634,0.3345733550337131,0.32829574517554055,0.15,-0.18713089979074635,-24.345356226794625,288,7.387690133552575e-104,1.1107378317793952e-101,0.0,1.0,20,1.9115961949346535e-103,2.4282684666048267e-168
csv-diabetes,greedy_entropy,0,dep,782,1,2158,4300,0.3369767441860465,0.3325581395348837,0.3267441860465116,0.15,-0.1869767441860465,-24.325300890583602,288,1.0006412284243244e-103,5.591020562624808e-100,0.0,1.0,20,2.5861734411880456e-103,4.1006138599559496e-168
csv-diabetes,greedy_entropy,1,0.5,778,0,8286,16571,0.09727837788908333,0.09727837788908333,0.09649387484159073,0.15,0.05272162211091666,13.440212522631162,1174,1.0,1.0,1.0,0.0,20,1.0,1.0
csv-diabetes,greedy_entropy,1,0.5,779,0,8286,16571,0.09619214290024743,0.09619214290024743,0.0951059079114115,0.15,0.05380785709975257,13.717124129576002,1174,1.0,1.0,1.0,0.0,20,1.0,1.0
csv-diabetes,greedy_entropy,1,0.5,780,0,8286,16571,0.09981292619636714,0.09981292619636714,0.09902842314887454,0.15,0.05018707380363285,12.794085439759867,1174,1.0,1.0,1.0,0.0,20,1.0,1.0
csv-diabetes,greedy_entropy,1,0.5,781,0,8286,16571,0.09806288093657595,0.09806288093657595,0.09758010983042664,0.15,0.05193711906342405,13.24022080650433,1174,1.0,1.0,1.0,0.0,20,1.0,1.0
csv-diabetes,greedy_entropy,1,0.5,782,0,8286,16571,0.09540763985275481,0.09540763985275481,0.0951059079114115,0.15,0.05459236014724518,13.917115845702833,1174,1.0,1.0,1.0,0.0,20,1.0,1.0
csv-diabetes,greedy_entropy,1,0.7,778,0,8286,16571,0.09727837788908333,0.09727837788908333,0.09649387484159073,0.15,0.05272162211091666,13.440212522631162,1174,1.0,1.0,1.0,0.0,20,1.0,1.0
csv-diabetes,greedy_entropy,1,0.7,779,0,8286,16571,0.09619214290024743,0.09619214290024743,0.0951059079114115,0.15,0.05380785709975257,13.717124129576002,1174,1.0,1.0,1.0,0.0,20,1.0,1.0
csv-diabetes,greedy_entropy,1,0.7,780,0,8286,16571,0.09981292619636714,0.09981292619636714,0.09902842314887454,0.15,0.05018707380363285,12.794085439759867,1174,1.0,1.0,1.0,0.0,20,1.0,1.0
csv-diabetes,greedy_entropy,1,0.7,781,0,8286,16571,0.09806288093657595,0.09806288093657595,0.09758010983042664,0.15,0.05193711906342405,13.24022080650433,1174,1.0,1.0,1.0,0.0,20,1.0,1.0
csv-diabetes,greedy_entropy,1,0.7,782,0,8286,16571,0.09540763985275481,0.09540763985275481,0.0951059079114115,0.15,0.05459236014724518,13.917115845702833,1174,1.0,1.0,1.0,0.0,20,1.0,1.0
csv-diabetes,greedy_entropy,1,0.9,778,1,1663,3447,0.40440963156367854,0.40382941688424717,0.40295909486510006,0.15,-0.2544096315636786,-29.055247635324086,218,1.6165713776660448e-132,4.830793665280278e-132,0.0,0.0,20,1.1840089054260194e-136,1.1764491810888137e-217
csv-diabetes,greedy_entropy,1,0.9,779,1,1663,3455,0.39913169319826336,0.3988422575976845,0.39739507959479015,0.15,-0.24913169319826337,-28.452472475953865,218,3.1937590972815227e-128,5.470070213600504e-128,0.0,0.0,20,3.2965993827019584e-132,5.928939327686207e-211
csv-diabetes,greedy_entropy,1,0.9,780,1,1663,3492,0.4034936998854525,0.4032073310423826,0.40148911798396336,0.15,-0.25349369988545245,-28.95064223353828,218,9.093733544460769e-132,1.5591029354278006e-131,0.0,0.0,20,1.611730161062483e-137,3.2261380695917827e-219
csv-diabetes,greedy_entropy,1,0.9,781,1,1663,3483,0.40396210163652024,0.40338788400803904,0.40281366637955784,0.15,-0.2539621016365202,-29.004136783986095,218,3.761552911303489e-132,1.1098868194723678e-131,0.0,0.0,20,2.8798296277561528e-137,3.155797329636026e-219
csv-diabetes,greedy_entropy,1,0.9,782,1,1663,3443,0.4008132442637235,0.4005227998838222,0.4008132442637235,0.15,-0.25081324426372353,-28.644516630564258,218,1.3891630327199889e-129,2.389993150144856e-129,0.0,0.0,20,2.6973849772345313e-133,2.1358366769078164e-212
csv-diabetes,greedy_entropy,1,dep,778,1,1771,3614,0.38848920863309355,0.38848920863309355,0.3859988931931378,0.15,-0.23848920863309356,-28.107545392037107,234,2.9123547381538436e-126,2.9123547381538436e-126,0.0,0.1,20,1.2249435067691215e-128,6.651489619468062e-206
csv-diabetes,greedy_entropy,1,dep,779,1,1771,3629,0.3835767429043814,0.3830256268944613,0.3802700468448608,0.15,-0.23357674290438138,-27.528578510273366,234,3.271649092544573e-122,9.236342328582023e-122,0.0,0.0,20,6.155171763183989e-125,3.81107184336259e-200
csv-diabetes,greedy_entropy,1,dep,780,1,1771,3643,0.39445511940708206,0.3933571232500686,0.3911611309360417,0.15,-0.24445511940708206,-28.810667805188743,234,2.9203055117195683e-131,2.4661524601929538e-130,0.0,0.05,20,8.064505055820185e-135,7.292357293716405e-216
csv-diabetes,greedy_entropy,1,dep,781,1,1771,3638,0.3892248488180319,0.388675096206707,0.38647608576140735,0.15,-0.23922484881803188,-28.19424549896803,234,7.1217540198782775e-127,2.0408503992366597e-126,0.0,0.0,20,1.7940030532246852e-130,2.91520576973715e-208
csv-diabetes,greedy_entropy,1,dep,782,1,1771,3577,0.3913894324853229,0.3908303047246296,0.3913894324853229,0.15,-0.24138943248532288,-28.44935613492492,234,1.1094359506920477e-128,3.259062417193724e-128,0.0,0.1,20,4.725903653636001e-130,1.0202380370374092e-207
csv-diabetes,greedy_entropy,2,0.5,778,0,8286,16571,0.09450244402872487,0.09395932653430693,0.0935369018164263,0.15,0.05549755597127512,14.14787551815687,1174,1.0,1.0,1.0,0.0,20,1.0,1.0
csv-diabetes,greedy_entropy,2,0.5,779,0,8286,16571,0.09601110373544143,0.09498521513487418,0.09576971818236679,0.15,0.053988896264558564,13.763276064066812,1174,1.0,1.0,1.0,0.0,20,1.0,1.0
csv-diabetes,greedy_entropy,2,0.5,780,0,8286,16571,0.09039888962645586,0.08967473296723191,0.09039888962645586,0.15,0.05960111037354414,15.193986033281826,1174,1.0,1.0,1.0,0.0,20,1.0,1.0
csv-diabetes,greedy_entropy,2,0.5,781,0,8286,16571,0.09474382958179953,0.09377828736950093,0.09444209764045622,0.15,0.05525617041820047,14.08633960550246,1174,1.0,1.0,1.0,0.0,20,1.0,1.0
csv-diabetes,greedy_entropy,2,0.5,782,0,8286,16571,0.09667491400639672,0.09576971818236679,0.09631283567678474,0.15,0.05332508599360328,13.594052304267185,1174,1.0,1.0,1.0,0.0,20,1.0,1.0
csv-diabetes,greedy_entropy,2,0.7,778,0,8286,16571,0.09450244402872487,0.09395932653430693,0.0935369018164263,0.15,0.05549755597127512,14.14787551815687,1174,1.0,1.0,1.0,0.0,20,1.0,1.0
csv-diabetes,greedy_entropy,2,0.7,779,0,8286,16571,0.09601110373544143,0.09498521513487418,0.09576971818236679,0.15,0.053988896264558564,13.763276064066812,1174,1.0,1.0,1.0,0.0,20,1.0,1.0
csv-diabetes,greedy_entropy,2,0.7,780,0,8286,16571,0.09039888962645586,0.08967473296723191,0.09039888962645586,0.15,0.05960111037354414,15.193986033281826,1174,1.0,1.0,1.0,0.0,20,1.0,1.0
csv-diabetes,greedy_entropy,2,0.7,781,0,8286,16571,0.09474382958179953,0.09377828736950093,0.09444209764045622,0.15,0.05525617041820047,14.08633960550246,1174,1.0,1.0,1.0,0.0,20,1.0,1.0
csv-diabetes,greedy_entropy,2,0.7,782,0,8286,16571,0.09667491400639672,0.09576971818236679,0.09631283567678474,0.15,0.05332508599360328,13.594052304267185,1174,1.0,1.0,1.0,0.0,20,1.0,1.0
csv-diabetes,greedy_entropy,2,0.9,778,1,1659,3275,0.3987786259541985,0.3987786259541985,0.3987786259541985,0.15,-0.2487786259541985,-28.37795955712914,218,2.686730168051071e-127,2.686730168051071e-127,0.0,0.0,20,7.27261766188148e-126,6.150487512304366e-200
csv-diabetes,greedy_entropy,2,0.9,779,1,1659,3274,0.405620036652413,0.405620036652413,0.405620036652413,0.15,-0.25562003665241295,-29.158353272075473,218,7.48178935750659e-133,7.48178935750659e-133,0.0,0.0,20,3.456952724792936e-131,1.3381942107640252e-208
csv-diabetes,greedy_entropy,2,0.9,780,1,1659,3251,0.38603506613349736,0.3857274684712396,0.38603506613349736,0.15,-0.23603506613349737,-26.924312870969327,218,3.0737574185645527e-117,5.3190719925355916e-117,0.0,0.0,20,2.3462797390692937e-115,7.50211563878097e-183
csv-diabetes,greedy_entropy,2,0.9,781,1,1659,3304,0.40102905569007263,0.40102905569007263,0.40102905569007263,0.15,-0.2510290556900726,-28.63466410232811,218,4.1107865625754174e-129,4.1107865625754174e-129,0.0,0.0,20,1.2553170312752176e-128,1.6422537870215297e-204
csv-diabetes,greedy_entropy,2,0.9,782,1,1659,3266,0.4038579301898347,0.40293937538273117,0.4038579301898347,0.15,-0.2538579301898347,-28.957351334153334,218,2.0667286516473146e-131,1.1580203765119322e-130,0.0,0.0,20,9.209585341035197e-130,1.1911337191110037e-205
csv-diabetes,greedy_entropy,2,dep,778,1,2248,4450,0.321123595505618,0.31685393258426964,0.31775280898876407,0.15,-0.17112359550561798,-22.72233496396343,301,9.183938415600476e-94,3.302669300947259e-90,0.0,1.0,20,8.732500911837614e-93,2.182129623365377e-152
csv-diabetes,greedy_entropy,2,dep,779,1,2248,4355,0.33249138920780713,0.3288174512055109,0.33249138920780713,0.15,-0.18249138920780714,-24.231786746689068,301,1.664078074514491e-103,2.589266117297525e-100,0.0,1.0,20,1.1594799630062139e-100,3.572510655776988e-164
csv-diabetes,greedy_entropy,2,dep,780,1,2248,4391,0.31017991345934864,0.3065360965611478,0.31017991345934864,0.15,-0.16017991345934865,-21.26919807503989,301,9.195704660158872e-85,7.542796429099996e-82,0.0,1.0,20,7.282099881186334e-83,9.330497041845754e-137
csv-diabetes,greedy_entropy,2,dep,781,1,2248,4418,0.3234495246717972,0.3193752829334541,0.32254413761883205,0.15,-0.17344952467179722,-23.031179232109036,301,1.005112324514454e-95,2.6661198624323482e-92,0.0,1.0,20,5.469948458279699e-94,2.0833766230205638e-154
csv-diabetes,greedy_entropy,2,dep,782,1,2248,4427,0.3252767110910323,0.3214366388073187,0.3252767110910323,0.15,-0.1752767110910323,-23.273798852955544,301,2.819229099375023e-97,5.013028341157845e-94,0.0,1.0,20,4.684286633032697e-96,4.171838633888556e-157
csv-diabetes,random,0,0.5,778,0,8286,16571,0.09528694707621749,0.09528694707621749,0.09528694707621749,0.15,0.05471305292378251,13.947883802030038,1174,1.0,1.0,1.0,0.0,20,1.0,1.0
csv-diabetes,random,0,0.5,779,0,8286,16571,0.0938386337577696,0.0938386337577696,0.0938386337577696,0.15,0.05616136624223039,14.317099277956492,1174,1.0,1.0,1.0,0.0,20,1.0,1.0
csv-diabetes,random,0,0.5,780,0,8286,16571,0.0955886790175608,0.0955886790175608,0.0955886790175608,0.15,0.0544113209824392,13.870963911212028,1174,1.0,1.0,1.0,0.0,20,1.0,1.0
csv-diabetes,random,0,0.5,781,0,8286,16571,0.09697664594774003,0.09697664594774003,0.09697664594774003,0.15,0.05302335405225997,13.517132413449174,1174,1.0,1.0,1.0,0.0,20,1.0,1.0
csv-diabetes,random,0,0.5,782,0,8286,16571,0.09776114899523264,0.09776114899523264,0.09776114899523264,0.15,0.052238851004767356,13.317140697322342,1174,1.0,1.0,1.0,0.0,20,1.0,1.0
csv-diabetes,random,0,0.7,778,0,8286,16571,0.09528694707621749,0.09528694707621749,0.09528694707621749,0.15,0.05471305292378251,13.947883802030038,1174,1.0,1.0,1.0,0.0,20,1.0,1.0
csv-diabetes,random,0,0.7,779,0,8286,16571,0.0938386337577696,0.0938386337577696,0.0938386337577696,0.15,0.05616136624223039,14.317099277956492,1174,1.0,1.0,1.0,0.0,20,1.0,1.0
csv-diabetes,random,0,0.7,780,0,8286,16571,0.0955886790175608,0.0955886790175608,0.0955886790175608,0.15,0.0544113209824392,13.870963911212028,1174,1.0,1.0,1.0,0.0,20,1.0,1.0
csv-diabetes,random,0,0.7,781,0,8286,16571,0.09697664594774003,0.09697664594774003,0.09697664594774003,0.15,0.05302335405225997,13.517132413449174,1174,1.0,1.0,1.0,0.0,20,1.0,1.0
csv-diabetes,random,0,0.7,782,0,8286,16571,0.09776114899523264,0.09776114899523264,0.09776114899523264,0.15,0.052238851004767356,13.317140697322342,1174,1.0,1.0,1.0,0.0,20,1.0,1.0
csv-diabetes,random,0,0.9,778,4,1661,3310,0.35740181268882176,0.35740181268882176,0.35740181268882176,0.15,-0.20740181268882177,-23.672398965035743,218,2.9735470356212164e-96,2.9735470356212164e-96,0.0,0.5,20,4.939937863086502e-96,4.458431006203574e-153
csv-diabetes,random,0,0.9,779,4,1661,3269,0.3530131538696849,0.35270724992352404,0.3530131538696849,0.15,-0.2030131538696849,-23.171486841167745,218,3.733227430949471e-93,6.115958079415266e-93,0.0,0.9,20,6.318155735021919e-92,9.827283562498577e-147
csv-diabetes,random,0,0.9,780,4,1661,3240,0.36419753086419754,0.36358024691358026,0.36419753086419754,0.15,-0.21419753086419754,-24.448047691610785,218,3.883077264868964e-101,1.0892401212002111e-100,0.0,0.95,20,4.783694924442077e-99,1.8729403662208363e-157
csv-diabetes,random,0,0.9,781,4,1661,3323,0.36864279265723743,0.36834185976527234,0.36864279265723743,0.15,-0.21864279265723743,-24.95542035776368,218,2.1773185855025714e-104,3.626055539656302e-104,0.0,1.0,20,1.5818186509879453e-104,3.239773822352254e-166
csv-diabetes,random,0,0.9,782,4,1661,3275,0.36396946564885496,0.36366412213740457,0.36274809160305344,0.15,-0.21396946564885497,-24.422016816096036,218,5.6856163168102557e-101,9.469084696675467e-101,0.0,1.0,20,1.3716299003250546e-99,7.674325238989685e-159
csv-diabetes,random,0,dep,778,3,1701,3305,0.24084720121028744,0.24084720121028744,0.24084720121028744,0.15,-0.09084720121028744,-10.493216093894938,224,1.9515257265931853e-29,1.9515257265931853e-29,0.0,1.0,20,8.14386468221824e-29,7.907088683166202e-49
csv-diabetes,random,0,dep,779,3,1701,3359,0.23310509080083358,0.23310509080083358,0.23310509080083358,0.15,-0.08310509080083359,-9.598971290897163,224,4.3440051851406625e-26,4.3440051851406625e-26,0.0,1.0,20,7.363296682952018e-26,5.364469947700016e-44
csv-diabetes,random,0,dep,780,3,1701,3254,0.24247080516287645,0.24247080516287645,0.24247080516287645,0.15,-0.09247080516287645,-10.680748862086473,224,3.6914353486527416e-30,3.6914353486527416e-30,0.0,1.0,20,2.463622860733712e-29,2.310018326998459e-49
csv-diabetes,random,0,dep,781,3,1701,3323,0.24104724646403852,0.24104724646403852,0.24104724646403852,0.15,-0.09104724646403853,-10.516322123009797,224,1.59097501183298e-29,1.59097501183298e-29,0.0,1.0,20,3.6193209719131716e-29,3.4818158424633e-49
csv-diabetes,random,0,dep,782,3,1701,3344,0.2437200956937799,0.2437200956937799,0.24252392344497609,0.15,-0.0937200956937799,-10.82504692884235,224,1.013472807501767e-30,1.013472807501767e-30,0.0,1.0,20,2.7524138502356003e-30,2.288016568626452e-51
csv-diabetes,random,1,0.5,778,0,8286,16571,0.09727837788908333,0.09727837788908333,0.09727837788908333,0.15,0.05272162211091666,13.440212522631162,1174,1.0,1.0,1.0,0.0,20,1.0,1.0
csv-diabetes,random,1,0.5,779,0,8286,16571,0.09619214290024743,0.09619214290024743,0.09619214290024743,0.15,0.05380785709975257,13.717124129576002,1174,1.0,1.0,1.0,0.0,20,1.0,1.0
csv-diabetes,random,1,0.5,780,0,8286,16571,0.09981292619636714,0.09981292619636714,0.09981292619636714,0.15,0.05018707380363285,12.794085439759867,1174,1.0,1.0,1.0,0.0,20,1.0,1.0
csv-diabetes,random,1,0.5,781,0,8286,16571,0.09806288093657595,0.09806288093657595,0.09806288093657595,0.15,0.05193711906342405,13.24022080650433,1174,1.0,1.0,1.0,0.0,20,1.0,1.0
csv-diabetes,random,1,0.5,782,0,8286,16571,0.09540763985275481,0.09540763985275481,0.09540763985275481,0.15,0.05459236014724518,13.917115845702833,1174,1.0,1.0,1.0,0.0,20,1.0,1.0
csv-diabetes,random,1,0.7,778,0,8286,16571,0.09727837788908333,0.09727837788908333,0.09727837788908333,0.15,0.05272162211091666,13.440212522631162,1174,1.0,1.0,1.0,0.0,20,1.0,1.0
csv-diabetes,random,1,0.7,779,0,8286,16571,0.09619214290024743,0.09619214290024743,0.09619214290024743,0.15,0.05380785709975257,13.717124129576002,1174,1.0,1.0,1.0,0.0,20,1.0,1.0
csv-diabetes,random,1,0.7,780,0,8286,16571,0.09981292619636714,0.09981292619636714,0.09981292619636714,0.15,0.05018707380363285,12.794085439759867,1174,1.0,1.0,1.0,0.0,20,1.0,1.0
csv-diabetes,random,1,0.7,781,0,8286,16571,0.09806288093657595,0.09806288093657595,0.09806288093657595,0.15,0.05193711906342405,13.24022080650433,1174,1.0,1.0,1.0,0.0,20,1.0,1.0
csv-diabetes,random,1,0.7,782,0,8286,16571,0.09540763985275481,0.09540763985275481,0.09540763985275481,0.15,0.05459236014724518,13.917115845702833,1174,1.0,1.0,1.0,0.0,20,1.0,1.0
csv-diabetes,random,1,0.9,778,4,1692,3624,0.34740618101545256,0.34740618101545256,0.34740618101545256,0.15,-0.19740618101545257,-22.7408049787428,223,2.219624842689456e-90,2.219624842689456e-90,0.0,1.0,20,1.4879383300608951e-96,4.232340623801155e-155
csv-diabetes,random,1,0.9,779,4,1692,3692,0.3423618634886241,0.3423618634886241,0.3418201516793066,0.15,-0.19236186348862408,-22.159709490555016,223,7.015143343110117e-87,7.015143343110117e-87,0.0,1.0,20,3.079971336789443e-94,6.936675831065106e-152
csv-diabetes,random,1,0.9,780,4,1692,3713,0.34796660382440076,0.34796660382440076,0.34796660382440076,0.15,-0.19796660382440076,-22.80536458745603,223,8.991933150860321e-91,8.991933150860321e-91,0.0,1.0,20,1.2471842201708282e-98,2.4227240875975473e-159
csv-diabetes,random,1,0.9,781,4,1692,3702,0.342247433819557,0.342247433819557,0.342247433819557,0.15,-0.19224743381955703,-22.1465274170523,223,8.409122177666863e-87,8.409122177666863e-87,0.0,1.0,20,3.201097395241416e-94,3.674940582999924e-152
csv-diabetes,random,1,0.9,782,4,1692,3643,0.3433982981059566,0.3433982981059566,0.3433982981059566,0.15,-0.19339829810595663,-22.27910472622969,223,1.3543249623311889e-87,1.3543249623311889e-87,0.0,1.0,20,1.031089277252248e-93,2.8765470619048073e-151
csv-diabetes,random,1,dep,778,3,1692,3633,0.24057252958987063,0.24057252958987063,0.24002202036884118,0.15,-0.09057252958987064,-10.433777814046417,223,4.141331525756857e-29,4.141331525756857e-29,0.0,1.0,20,6.676897720344692e-31,1.724408892474563e-52
csv-diabetes,random,1,dep,779,3,1692,3615,0.24149377593360996,0.24149377593360996,0.23955739972337484,0.15,-0.09149377593360997,-10.539903586464435,223,1.6253434070353955e-29,1.6253434070353955e-29,0.0,1.0,20,3.457378961717678e-31,5.413288649231975e-53
csv-diabetes,random,1,dep,780,3,1692,3621,0.24026512013256007,0.24026512013256007,0.24026512013256007,0.15,-0.09026512013256008,-10.398364847333012,223,5.651495590889165e-29,5.651495590889165e-29,0.0,1.0,20,9.970005748515604e-31,4.107794239185439e-52
csv-diabetes,random,1,dep,781,3,1692,3612,0.24086378737541528,0.24086378737541528,0.24086378737541528,0.15,-0.09086378737541528,-10.467330139842602,223,3.082982129684547e-29,3.082982129684547e-29,0.0,1.0,20,8.94053929997838e-31,1.804462567371802e-52
csv-diabetes,random,1,dep,782,3,1692,3555,0.24416315049226442,0.24416315049226442,0.24416315049226442,0.15,-0.09416315049226442,-10.847410301509122,223,1.0491928836751502e-30,1.0491928836751502e-30,0.0,1.0,20,5.880839105257652e-32,2.520602967036428e-54
csv-diabetes,random,2,0.5,778,0,8286,16571,0.09450244402872487,0.09450244402872487,0.09450244402872487,0.15,0.05549755597127512,14.14787551815687,1174,1.0,1.0,1.0,0.0,20,1.0,1.0
csv-diabetes,random,2,0.5,779,0,8286,16571,0.09601110373544143,0.09601110373544143,0.09601110373544143,0.15,0.053988896264558564,13.763276064066812,1174,1.0,1.0,1.0,0.0,20,1.0,1.0
csv-diabetes,random,2,0.5,780,0,8286,16571,0.09039888962645586,0.09039888962645586,0.09039888962645586,0.15,0.05960111037354414,15.193986033281826,1174,1.0,1.0,1.0,0.0,20,1.0,1.0
csv-diabetes,random,2,0.5,781,0,8286,16571,0.09474382958179953,0.09474382958179953,0.09474382958179953,0.15,0.05525617041820047,14.08633960550246,1174,1.0,1.0,1.0,0.0,20,1.0,1.0
csv-diabetes,random,2,0.5,782,0,8286,16571,0.09667491400639672,0.09667491400639672,0.09667491400639672,0.15,0.05332508599360328,13.594052304267185,1174,1.0,1.0,1.0,0.0,20,1.0,1.0
csv-diabetes,random,2,0.7,778,0,8286,16571,0.09450244402872487,0.09450244402872487,0.09450244402872487,0.15,0.05549755597127512,14.14787551815687,1174,1.0,1.0,1.0,0.0,20,1.0,1.0
csv-diabetes,random,2,0.7,779,0,8286,16571,0.09601110373544143,0.09601110373544143,0.09601110373544143,0.15,0.053988896264558564,13.763276064066812,1174,1.0,1.0,1.0,0.0,20,1.0,1.0
csv-diabetes,random,2,0.7,780,0,8286,16571,0.09039888962645586,0.09039888962645586,0.09039888962645586,0.15,0.05960111037354414,15.193986033281826,1174,1.0,1.0,1.0,0.0,20,1.0,1.0
csv-diabetes,random,2,0.7,781,0,8286,16571,0.09474382958179953,0.09474382958179953,0.09474382958179953,0.15,0.05525617041820047,14.08633960550246,1174,1.0,1.0,1.0,0.0,20,1.0,1.0
csv-diabetes,random,2,0.7,782,0,8286,16571,0.09667491400639672,0.09667491400639672,0.09667491400639672,0.15,0.05332508599360328,13.594052304267185,1174,1.0,1.0,1.0,0.0,20,1.0,1.0
csv-diabetes,random,2,0.9,778,4,1659,3235,0.3703245749613601,0.3703245749613601,0.3703245749613601,0.15,-0.22032457496136013,-25.132230929059958,218,2.3764943605282386e-105,2.3764943605282386e-105,0.0,1.0,20,3.7208841956681163e-103,7.693166346050602e-164
csv-diabetes,random,2,0.9,779,4,1659,3232,0.3805693069306931,0.3805693069306931,0.3805693069306931,0.15,-0.23056930693069308,-26.300838514957963,218,4.869003529613121e-113,4.869003529613121e-113,0.0,1.0,20,2.2625562935678762e-110,2.1810563182219967e-175
csv-diabetes,random,2,0.9,780,4,1659,3240,0.3552469135802469,0.3552469135802469,0.3552469135802469,0.15,-0.2052469135802469,-23.4123353260989,218,1.817408901013537e-94,1.817408901013537e-94,0.0,1.0,20,8.77334733531228e-93,7.793229862813982e-148
csv-diabetes,random,2,0.9,781,4,1659,3287,0.365378764831153,0.365378764831153,0.365378764831153,0.15,-0.215378764831153,-24.568066707499796,218,1.005822683979621e-101,1.005822683979621e-101,0.0,1.0,20,7.729671863219056e-101,6.222944925745194e-161
csv-diabetes,random,2,0.9,782,4,1659,3279,0.37328453796889294,0.37328453796889294,0.37328453796889294,0.15,-0.22328453796889294,-25.46987131193525,218,1.510142142950732e-107,1.510142142950732e-107,0.0,0.95,20,1.227211212004526e-106,1.9391284874799602e-169
csv-diabetes,random,2,dep,778,3,1728,3391,0.23149513417870834,0.23149513417870834,0.22913594809790622,0.15,-0.08149513417870835,-9.487427186617369,228,1.175076633587794e-25,1.175076633587794e-25,0.0,1.0,20,1.9049132845006431e-25,3.2904844566338175e-43
csv-diabetes,random,2,dep,779,3,1728,3296,0.23725728155339806,0.23725728155339806,0.23725728155339806,0.15,-0.08725728155339807,-10.158239673851849,228,3.874992350350107e-28,3.874992350350107e-28,0.0,1.0,20,2.2685355960758444e-27,3.3365736298419604e-46
csv-diabetes,random,2,dep,780,3,1728,3358,0.22126265634306136,0.22036926742108398,0.22126265634306136,0.15,-0.07126265634306136,-8.296191790998618,228,1.7257502826453367e-21,3.853246329786337e-21,0.0,1.0,20,4.475592494823664e-21,4.491434346763756e-36
csv-diabetes,random,2,dep,781,3,1728,3365,0.2323922734026746,0.2323922734026746,0.2323922734026746,0.15,-0.0823922734026746,-9.591869533383417,228,4.8974361604820104e-26,4.8974361604820104e-26,0.0,1.0,20,1.1365472577460909e-25,1.4476474088464686e-43
csv-diabetes,random,2,dep,782,3,1728,3382,0.2318154937906564,0.2318154937906564,0.2303370786516854,0.15,-0.08181549379065642,-9.524722523603074,228,8.60213265635473e-26,8.60213265635473e-26,0.0,1.0,20,1.2981174482142289e-25,2.435238367377233e-43
csv-physionet,greedy_entropy,0,0.5,778,0,1080,2160,0.12638888888888888,0.12638888888888888,0.12638888888888888,0.2,0.07361111111111113,6.04776990578621,188,0.9999973163560465,0.9999973163560465,1.0,0.0,20,0.9999973163560465,0.9999999999950547
csv-physionet,greedy_entropy,0,0.5,779,0,1080,2160,0.12962962962962962,0.12916666666666668,0.12962962962962962,0.2,0.07037037037037039,5.781515884776755,188,0.9999875683784873,0.9999899342782436,1.0,0.0,20,0.9999875683784873,0.9999999998181786
csv-physionet,greedy_entropy,0,0.5,780,0,1080,2160,0.12175925925925926,0.12175925925925926,0.11898148148148148,0.2,0.07824074074074075,6.428132792942575,188,0.9999997620119543,0.9999997620119543,1.0,0.0,20,0.9999997620119543,0.9999999999999863
csv-physionet,greedy_entropy,0,0.5,781,0,1080,2160,0.13194444444444445,0.13194444444444445,0.1310185185185185,0.2,0.06805555555555556,5.591334441198572,188,0.9999656236812511,0.9999656236812511,1.0,0.0,20,0.9999656236812511,0.9999999981130302
csv-physionet,greedy_entropy,0,0.5,782,0,1080,2160,0.12268518518518519,0.12268518518518519,0.12129629629629629,0.2,0.07731481481481482,6.352060215511302,188,0.9999996047765962,0.9999996047765962,1.0,0.0,20,0.9999996047765962,0.9999999999999521
csv-physionet,greedy_entropy,0,0.7,778,0,1080,2160,0.12638888888888888,0.12638888888888888,0.12638888888888888,0.2,0.07361111111111113,6.04776990578621,188,0.9999973163560465,0.9999973163560465,1.0,0.0,20,0.9999973163560465,0.9999999999950547
csv-physionet,greedy_entropy,0,0.7,779,0,1080,2160,0.12962962962962962,0.12916666666666668,0.12962962962962962,0.2,0.07037037037037039,5.781515884776755,188,0.9999875683784873,0.9999899342782436,1.0,0.0,20,0.9999875683784873,0.9999999998181786
csv-physionet,greedy_entropy,0,0.7,780,0,1080,2160,0.12175925925925926,0.12175925925925926,0.11898148148148148,0.2,0.07824074074074075,6.428132792942575,188,0.9999997620119543,0.9999997620119543,1.0,0.0,20,0.9999997620119543,0.9999999999999863
csv-physionet,greedy_entropy,0,0.7,781,0,1080,2160,0.13194444444444445,0.13194444444444445,0.1310185185185185,0.2,0.06805555555555556,5.591334441198572,188,0.9999656236812511,0.9999656236812511,1.0,0.0,20,0.9999656236812511,0.9999999981130302
csv-physionet,greedy_entropy,0,0.7,782,0,1080,2160,0.12268518518518519,0.12268518518518519,0.12129629629629629,0.2,0.07731481481481482,6.352060215511302,188,0.9999996047765962,0.9999996047765962,1.0,0.0,20,0.9999996047765962,0.9999999999999521
csv-physionet,greedy_entropy,0,0.9,778,1,459,910,0.1879120879120879,0.1879120879120879,0.1879120879120879,0.2,0.0120879120879121,0.6474371926975667,73,0.06157576841865626,0.06157576841865626,0.0,1.0,20,0.07285773726007393,0.01725048941554931
csv-physionet,greedy_entropy,0,0.9,779,1,459,907,0.18963616317530319,0.1874310915104741,0.18963616317530319,0.2,0.010363836824696826,0.5550944919650188,73,0.051106581828560406,0.06478668038679258,0.05,0.95,20,0.049463059237461464,0.012497705688557416
csv-physionet,greedy_entropy,0,0.9,780,1,459,861,0.19279907084785133,0.1916376306620209,0.18699186991869918,0.2,0.007200929152148677,0.3856869011930814,73,0.0357019485695966,0.04083130060882378,0.0,1.0,20,0.03673756059763167,0.006429797767673393
csv-physionet,greedy_entropy,0,0.9,781,1,459,894,0.21588366890380314,0.21029082774049218,0.21140939597315436,0.2,-0.015883668903803133,-0.850740634943863,73,0.0013702916816075931,0.003340775158928251,0.0,1.0,20,0.0015113874816069241,2.489690765064762e-05
csv-physionet,greedy_entropy,0,0.9,782,1,459,900,0.20444444444444446,0.2011111111111111,0.1988888888888889,0.2,-0.004444444444444445,-0.2380476142847617,73,0.007920669313811813,0.012551695395301736,0.0,1.0,20,0.00980445777015761,0.0005050867625535564
csv-physionet,greedy_entropy,0,dep,778,0,1080,2160,0.12638888888888888,0.12638888888888888,0.12638888888888888,0.2,0.07361111111111113,6.04776990578621,188,0.9999973163560465,0.9999973163560465,1.0,0.0,20,0.9999973163560465,0.9999999999950547
csv-physionet,greedy_entropy,0,dep,779,0,1080,2160,0.12962962962962962,0.12916666666666668,0.12962962962962962,0.2,0.07037037037037039,5.781515884776755,188,0.9999875683784873,0.9999899342782436,1.0,0.0,20,0.9999875683784873,0.9999999998181786
csv-physionet,greedy_entropy,0,dep,780,0,1080,2160,0.12175925925925926,0.12175925925925926,0.11898148148148148,0.2,0.07824074074074075,6.428132792942575,188,0.9999997620119543,0.9999997620119543,1.0,0.0,20,0.9999997620119543,0.9999999999999863
csv-physionet,greedy_entropy,0,dep,781,0,1080,2160,0.13194444444444445,0.13194444444444445,0.1310185185185185,0.2,0.06805555555555556,5.591334441198572,188,0.9999656236812511,0.9999656236812511,1.0,0.0,20,0.9999656236812511,0.9999999981130302
csv-physionet,greedy_entropy,0,dep,782,0,1080,2160,0.12268518518518519,0.12268518518518519,0.12129629629629629,0.2,0.07731481481481482,6.352060215511302,188,0.9999996047765962,0.9999996047765962,1.0,0.0,20,0.9999996047765962,0.9999999999999521
csv-physionet,greedy_entropy,1,0.5,778,0,1080,2160,0.13148148148148148,0.13148148148148148,0.125,0.2,0.06851851851851853,5.629370729914209,188,0.9999718089293603,0.9999718089293603,1.0,0.0,20,0.9999718089293603,0.9999999988004845
csv-physionet,greedy_entropy,1,0.5,779,0,1080,2160,0.13425925925925927,0.13425925925925927,0.12777777777777777,0.2,0.06574074074074074,5.401152997620388,188,0.9999106924336676,0.9999106924336676,1.0,0.0,20,0.9999106924336676,0.999999983662903
csv-physionet,greedy_entropy,1,0.5,780,0,1080,2160,0.11990740740740741,0.11944444444444445,0.11666666666666667,0.2,0.0800925925925926,6.580277947805121,188,0.9999999166913108,0.9999999363961264,1.0,0.0,20,0.9999999166913108,0.9999999999999991
csv-physionet,greedy_entropy,1,0.5,781,0,1080,2160,0.12222222222222222,0.12222222222222222,0.11898148148148148,0.2,0.07777777777777779,6.390096504226939,188,0.9999996928657716,0.9999996928657716,1.0,0.0,20,0.9999996928657716,0.9999999999999744
csv-physionet,greedy_entropy,1,0.5,782,0,1080,2160,0.1337962962962963,0.13240740740740742,0.12685185185185185,0.2,0.06620370370370371,5.439189286336025,188,0.9999258543464471,0.9999581858587813,1.0,0.0,20,0.9999258543464471,0.9999999892416858
csv-physionet,greedy_entropy,1,0.7,778,0,1080,2160,0.13148148148148148,0.13148148148148148,0.125,0.2,0.06851851851851853,5.629370729914209,188,0.9999718089293603,0.9999718089293603,1.0,0.0,20,0.9999718089293603,0.9999999988004845
csv-physionet,greedy_entropy,1,0.7,779,0,1080,2160,0.13425925925925927,0.13425925925925927,0.12777777777777777,0.2,0.06574074074074074,5.401152997620388,188,0.9999106924336676,0.9999106924336676,1.0,0.0,20,0.9999106924336676,0.999999983662903
csv-physionet,greedy_entropy,1,0.7,780,0,1080,2160,0.11990740740740741,0.11944444444444445,0.11666666666666667,0.2,0.0800925925925926,6.580277947805121,188,0.9999999166913108,0.9999999363961264,1.0,0.0,20,0.9999999166913108,0.9999999999999991
csv-physionet,greedy_entropy,1,0.7,781,0,1080,2160,0.12222222222222222,0.12222222222222222,0.11898148148148148,0.2,0.07777777777777779,6.390096504226939,188,0.9999996928657716,0.9999996928657716,1.0,0.0,20,0.9999996928657716,0.9999999999999744
csv-physionet,greedy_entropy,1,0.7,782,0,1080,2160,0.1337962962962963,0.13240740740740742,0.12685185185185185,0.2,0.06620370370370371,5.439189286336025,188,0.9999258543464471,0.9999581858587813,1.0,0.0,20,0.9999258543464471,0.9999999892416858
csv-physionet,greedy_entropy,1,0.9,778,1,558,1061,0.18661639962299717,0.1828463713477851,0.1696512723845429,0.2,0.013383600377002841,0.7903693106336085,91,0.0832591666244594,0.12357789840777755,0.05,0.95,20,0.08153270894733242,0.026115568023032075
csv-physionet,greedy_entropy,1,0.9,779,1,558,1098,0.18397085610200364,0.18214936247723132,0.16393442622950818,0.2,0.016029143897996367,0.9466020394986882,91,0.11028805584009285,0.13238077455405187,0.1,0.9,20,0.12283398342504667,0.04403776743566133
csv-physionet,greedy_entropy,1,0.9,780,1,558,1057,0.1598864711447493,0.15799432355723747,0.15042573320719016,0.2,0.04011352885525071,2.3689068154548307,91,0.6086771851558577,0.6549564134544672,0.75,0.25,20,0.6024010659983634,0.6196471064295748
csv-physionet,greedy_entropy,1,0.9,781,1,558,1097,0.1659070191431176,0.1649954421148587,0.15314494074749316,0.2,0.03409298085688242,2.013362997867196,91,0.45623528276002523,0.47926529712805715,0.65,0.35,20,0.44030098850050625,0.4328715386706369
csv-physionet,greedy_entropy,1,0.9,782,1,558,1079,0.17979610750695088,0.17238183503243745,0.16126042632066728,0.2,0.02020389249304913,1.1931420643196773,91,0.16539329113161091,0.3027236924240491,0.15,0.85,20,0.16805674454125885,0.08445626009801555
csv-physionet,greedy_entropy,1,dep,778,0,1080,2160,0.13148148148148148,0.13148148148148148,0.125,0.2,0.06851851851851853,5.629370729914209,188,0.9999718089293603,0.9999718089293603,1.0,0.0,20,0.9999718089293603,0.9999999988004845
csv-physionet,greedy_entropy,1,dep,779,0,1080,2160,0.13425925925925927,0.13425925925925927,0.12777777777777777,0.2,0.06574074074074074,5.401152997620388,188,0.9999106924336676,0.9999106924336676,1.0,0.0,20,0.9999106924336676,0.999999983662903
csv-physionet,greedy_entropy,1,dep,780,0,1080,2160,0.11990740740740741,0.11944444444444445,0.11666666666666667,0.2,0.0800925925925926,6.580277947805121,188,0.9999999166913108,0.9999999363961264,1.0,0.0,20,0.9999999166913108,0.9999999999999991
csv-physionet,greedy_entropy,1,dep,781,0,1080,2160,0.12222222222222222,0.12222222222222222,0.11898148148148148,0.2,0.07777777777777779,6.390096504226939,188,0.9999996928657716,0.9999996928657716,1.0,0.0,20,0.9999996928657716,0.9999999999999744
csv-physionet,greedy_entropy,1,dep,782,0,1080,2160,0.1337962962962963,0.13240740740740742,0.12685185185185185,0.2,0.06620370370370371,5.439189286336025,188,0.9999258543464471,0.9999581858587813,1.0,0.0,20,0.9999258543464471,0.9999999892416858
csv-physionet,greedy_entropy,2,0.5,778,0,1080,2160,0.11990740740740741,0.11990740740740741,0.11990740740740741,0.2,0.0800925925925926,6.580277947805121,188,0.9999999166913108,0.9999999166913108,1.0,0.0,20,0.9999999166913108,0.9999999999999991
csv-physionet,greedy_entropy,2,0.5,779,0,1080,2160,0.12546296296296297,0.12546296296296297,0.12268518518518519,0.2,0.07453703703703704,6.123842483217483,188,0.9999983095462937,0.9999983095462937,1.0,0.0,20,0.9999983095462937,0.9999999999983624
csv-physionet,greedy_entropy,2,0.5,780,0,1080,2160,0.11527777777777778,0.11527777777777778,0.11527777777777778,0.2,0.08472222222222223,6.960640834961486,188,0.9999999951222295,0.9999999951222295,1.0,0.0,20,0.9999999951222295,1.0
csv-physionet,greedy_entropy,2,0.5,781,0,1080,2160,0.12175925925925926,0.12129629629629629,0.12129629629629629,0.2,0.07824074074074075,6.428132792942575,188,0.9999997620119543,0.9999998161285961,1.0,0.0,20,0.9999997620119543,0.9999999999999863
csv-physionet,greedy_entropy,2,0.5,782,0,1080,2160,0.12129629629629629,0.12037037037037036,0.11944444444444445,0.2,0.07870370370370372,6.4661690816582125,188,0.9999998161285961,0.999999891209431,1.0,0.0,20,0.9999998161285961,0.9999999999999929
csv-physionet,greedy_entropy,2,0.7,778,0,1080,2160,0.11990740740740741,0.11990740740740741,0.11990740740740741,0.2,0.0800925925925926,6.580277947805121,188,0.9999999166913108,0.9999999166913108,1.0,0.0,20,0.9999999166913108,0.9999999999999991
csv-physionet,greedy_entropy,2,0.7,779,0,1080,2160,0.12546296296296297,0.12546296296296297,0.12268518518518519,0.2,0.07453703703703704,6.123842483217483,188,0.9999983095462937,0.9999983095462937,1.0,0.0,20,0.9999983095462937,0.9999999999983624
csv-physionet,greedy_entropy,2,0.7,780,0,1080,2160,0.11527777777777778,0.11527777777777778,0.11527777777777778,0.2,0.08472222222222223,6.960640834961486,188,0.9999999951222295,0.9999999951222295,1.0,0.0,20,0.9999999951222295,1.0
csv-physionet,greedy_entropy,2,0.7,781,0,1080,2160,0.12175925925925926,0.12129629629629629,0.12129629629629629,0.2,0.07824074074074075,6.428132792942575,188,0.9999997620119543,0.9999998161285961,1.0,0.0,20,0.9999997620119543,0.9999999999999863
csv-physionet,greedy_entropy,2,0.7,782,0,1080,2160,0.12129629629629629,0.12037037037037036,0.11944444444444445,0.2,0.07870370370370372,6.4661690816582125,188,0.9999998161285961,0.999999891209431,1.0,0.0,20,0.9999998161285961,0.9999999999999929
csv-physionet,greedy_entropy,2,0.9,778,1,574,1107,0.14363143631436315,0.14363143631436315,0.14363143631436315,0.2,0.05636856368563686,3.3762369899022704,94,0.9223561810315288,0.9223561810315288,1.0,0.0,20,0.9055821741806456,0.9739850097193246
csv-physionet,greedy_entropy,2,0.9,779,1,574,1140,0.14649122807017545,0.14649122807017545,0.14298245614035088,0.2,0.05350877192982456,3.2049476385674,94,0.8893150098256696,0.8893150098256696,0.85,0.15,20,0.8809088547152133,0.9589118029898245
csv-physionet,greedy_entropy,2,0.9,780,1,574,1148,0.14285714285714285,0.14285714285714285,0.14198606271777003,0.2,0.05714285714285716,3.422613871631698,94,0.929913454901419,0.929913454901419,1.0,0.0,20,0.929913454901419,0.9832851010176021
csv-physionet,greedy_entropy,2,0.9,781,1,574,1124,0.152135231316726,0.152135231316726,0.148576512455516,0.2,0.04786476868327402,2.8668958720117814,94,0.7989768017881738,0.7989768017881738,0.95,0.05,20,0.7957804524421245,0.8744893258532775
csv-physionet,greedy_entropy,2,0.9,782,1,574,1098,0.1557377049180328,0.1557377049180328,0.14754098360655737,0.2,0.04426229508196722,2.6511230399114374,94,0.7245473451934237,0.7245473451934237,0.8,0.2,20,0.7248393816076746,0.7749499058935048
csv-physionet,greedy_entropy,2,dep,778,0,1080,2160,0.11990740740740741,0.11990740740740741,0.11990740740740741,0.2,0.0800925925925926,6.580277947805121,188,0.9999999166913108,0.9999999166913108,1.0,0.0,20,0.9999999166913108,0.9999999999999991
csv-physionet,greedy_entropy,2,dep,779,0,1080,2160,0.12546296296296297,0.12546296296296297,0.12268518518518519,0.2,0.07453703703703704,6.123842483217483,188,0.9999983095462937,0.9999983095462937,1.0,0.0,20,0.9999983095462937,0.9999999999983624
csv-physionet,greedy_entropy,2,dep,780,0,1080,2160,0.11527777777777778,0.11527777777777778,0.11527777777777778,0.2,0.08472222222222223,6.960640834961486,188,0.9999999951222295,0.9999999951222295,1.0,0.0,20,0.9999999951222295,1.0
csv-physionet,greedy_entropy,2,dep,781,0,1080,2160,0.12175925925925926,0.12129629629629629,0.12129629629629629,0.2,0.07824074074074075,6.428132792942575,188,0.9999997620119543,0.9999998161285961,1.0,0.0,20,0.9999997620119543,0.9999999999999863
csv-physionet,greedy_entropy,2,dep,782,0,1080,2160,0.12129629629629629,0.12037037037037036,0.11944444444444445,0.2,0.07870370370370372,6.4661690816582125,188,0.9999998161285961,0.999999891209431,1.0,0.0,20,0.9999998161285961,0.9999999999999929
csv-physionet,random,0,0.5,778,0,1080,2160,0.12638888888888888,0.1259259259259259,0.12638888888888888,0.2,0.07361111111111113,6.04776990578621,188,0.9999973163560465,0.9999978671608867,1.0,0.0,20,0.9999973163560465,0.9999999999950547
csv-physionet,random,0,0.5,779,0,1080,2160,0.12962962962962962,0.12916666666666668,0.12962962962962962,0.2,0.07037037037037039,5.781515884776755,188,0.9999875683784873,0.9999899342782436,1.0,0.0,20,0.9999875683784873,0.9999999998181786
csv-physionet,random,0,0.5,780,0,1080,2160,0.12175925925925926,0.12129629629629629,0.12175925925925926,0.2,0.07824074074074075,6.428132792942575,188,0.9999997620119543,0.9999998161285961,1.0,0.0,20,0.9999997620119543,0.9999999999999863
csv-physionet,random,0,0.5,781,0,1080,2160,0.13194444444444445,0.13148148148148148,0.13194444444444445,0.2,0.06805555555555556,5.591334441198572,188,0.9999656236812511,0.9999718089293603,1.0,0.0,20,0.9999656236812511,0.9999999981130302
csv-physionet,random,0,0.5,782,0,1080,2160,0.12268518518518519,0.12268518518518519,0.12268518518518519,0.2,0.07731481481481482,6.352060215511302,188,0.9999996047765962,0.9999996047765962,1.0,0.0,20,0.9999996047765962,0.9999999999999521
csv-physionet,random,0,0.7,778,0,1080,2160,0.12638888888888888,0.1259259259259259,0.12638888888888888,0.2,0.07361111111111113,6.04776990578621,188,0.9999973163560465,0.9999978671608867,1.0,0.0,20,0.9999973163560465,0.9999999999950547
csv-physionet,random,0,0.7,779,0,1080,2160,0.12962962962962962,0.12916666666666668,0.12962962962962962,0.2,0.07037037037037039,5.781515884776755,188,0.9999875683784873,0.9999899342782436,1.0,0.0,20,0.9999875683784873,0.9999999998181786
csv-physionet,random,0,0.7,780,0,1080,2160,0.12175925925925926,0.12129629629629629,0.12175925925925926,0.2,0.07824074074074075,6.428132792942575,188,0.9999997620119543,0.9999998161285961,1.0,0.0,20,0.9999997620119543,0.9999999999999863
csv-physionet,random,0,0.7,781,0,1080,2160,0.13194444444444445,0.13148148148148148,0.13194444444444445,0.2,0.06805555555555556,5.591334441198572,188,0.9999656236812511,0.9999718089293603,1.0,0.0,20,0.9999656236812511,0.9999999981130302
csv-physionet,random,0,0.7,782,0,1080,2160,0.12268518518518519,0.12268518518518519,0.12268518518518519,0.2,0.07731481481481482,6.352060215511302,188,0.9999996047765962,0.9999996047765962,1.0,0.0,20,0.9999996047765962,0.9999999999999521
csv-physionet,random,0,0.9,778,1,448,938,0.1865671641791045,0.18443496801705758,0.1865671641791045,0.2,0.013432835820895522,0.7107988596889945,71,0.0692671436238526,0.0857729686620688,0.0,1.0,20,0.07546162271010491,0.022933497464852425
csv-physionet,random,0,0.9,779,1,448,903,0.1672203765227021,0.16611295681063123,0.1672203765227021,0.2,0.0327796234772979,1.734534635825291,71,0.33696402327133973,0.3601088762457701,0.4,0.6,20,0.3532118500977037,0.2910564815108062
csv-physionet,random,0,0.9,780,1,448,910,0.16593406593406593,0.15934065934065933,0.16483516483516483,0.2,0.034065934065934084,1.8025997943517,71,0.3639067766017436,0.5117958193680534,0.3,0.7,20,0.4056385777029267,0.3311871634000684
csv-physionet,random,0,0.9,781,1,448,895,0.19217877094972066,0.18994413407821228,0.19217877094972066,0.2,0.007821229050279349,0.413860540278261,71,0.03768037092902338,0.04840483546426371,0.0,1.0,20,0.03768037092902338,0.007538465506792295
csv-physionet,random,0,0.9,782,1,448,905,0.17569060773480663,0.1712707182320442,0.16906077348066298,0.2,0.02430939226519338,1.286332129136376,71,0.1860680321959561,0.25853896105141466,0.05,0.95,20,0.19744449459371108,0.11391933800800319
csv-physionet,random,0,dep,778,0,1080,2160,0.12638888888888888,0.1259259259259259,0.12638888888888888,0.2,0.07361111111111113,6.04776990578621,188,0.9999973163560465,0.9999978671608867,1.0,0.0,20,0.9999973163560465,0.9999999999950547
csv-physionet,random,0,dep,779,0,1080,2160,0.12962962962962962,0.12916666666666668,0.12962962962962962,0.2,0.07037037037037039,5.781515884776755,188,0.9999875683784873,0.9999899342782436,1.0,0.0,20,0.9999875683784873,0.9999999998181786
csv-physionet,random,0,dep,780,0,1080,2160,0.12175925925925926,0.12129629629629629,0.12175925925925926,0.2,0.07824074074074075,6.428132792942575,188,0.9999997620119543,0.9999998161285961,1.0,0.0,20,0.9999997620119543,0.9999999999999863
csv-physionet,random,0,dep,781,0,1080,2160,0.13194444444444445,0.13148148148148148,0.13194444444444445,0.2,0.06805555555555556,5.591334441198572,188,0.9999656236812511,0.9999718089293603,1.0,0.0,20,0.9999656236812511,0.9999999981130302
csv-physionet,random,0,dep,782,0,1080,2160,0.12268518518518519,0.12268518518518519,0.12268518518518519,0.2,0.07731481481481482,6.352060215511302,188,0.9999996047765962,0.9999996047765962,1.0,0.0,20,0.9999996047765962,0.9999999999999521
csv-physionet,random,1,0.5,778,0,1080,2160,0.13148148148148148,0.1300925925925926,0.1287037037037037,0.2,0.06851851851851853,5.629370729914209,188,0.9999718089293603,0.9999846860207418,1.0,0.0,20,0.9999718089293603,0.9999999988004845
csv-physionet,random,1,0.5,779,0,1080,2160,0.13425925925925927,0.1337962962962963,0.1300925925925926,0.2,0.06574074074074074,5.401152997620388,188,0.9999106924336676,0.9999258543464471,1.0,0.0,20,0.9999106924336676,0.999999983662903
csv-physionet,random,1,0.5,780,0,1080,2160,0.11990740740740741,0.11898148148148148,0.11805555555555555,0.2,0.0800925925925926,6.580277947805121,188,0.9999999166913108,0.9999999515870762,1.0,0.0,20,0.9999999166913108,0.9999999999999991
csv-physionet,random,1,0.5,781,0,1080,2160,0.12222222222222222,0.12037037037037036,0.12083333333333333,0.2,0.07777777777777779,6.390096504226939,188,0.9999996928657716,0.999999891209431,1.0,0.0,20,0.9999996928657716,0.9999999999999744
csv-physionet,random,1,0.5,782,0,1080,2160,0.1337962962962963,0.13194444444444445,0.13194444444444445,0.2,0.06620370370370371,5.439189286336025,188,0.9999258543464471,0.9999656236812511,1.0,0.0,20,0.9999258543464471,0.9999999892416858
csv-physionet,random,1,0.7,778,0,1080,2160,0.13148148148148148,0.1300925925925926,0.1287037037037037,0.2,0.06851851851851853,5.629370729914209,188,0.9999718089293603,0.9999846860207418,1.0,0.0,20,0.9999718089293603,0.9999999988004845
csv-physionet,random,1,0.7,779,0,1080,2160,0.13425925925925927,0.1337962962962963,0.1300925925925926,0.2,0.06574074074074074,5.401152997620388,188,0.9999106924336676,0.9999258543464471,1.0,0.0,20,0.9999106924336676,0.999999983662903
csv-physionet,random,1,0.7,780,0,1080,2160,0.11990740740740741,0.11898148148148148,0.11805555555555555,0.2,0.0800925925925926,6.580277947805121,188,0.9999999166913108,0.9999999515870762,1.0,0.0,20,0.9999999166913108,0.9999999999999991
csv-physionet,random,1,0.7,781,0,1080,2160,0.12222222222222222,0.12037037037037036,0.12083333333333333,0.2,0.07777777777777779,6.390096504226939,188,0.9999996928657716,0.999999891209431,1.0,0.0,20,0.9999996928657716,0.9999999999999744
csv-physionet,random,1,0.7,782,0,1080,2160,0.1337962962962963,0.13194444444444445,0.13194444444444445,0.2,0.06620370370370371,5.439189286336025,188,0.9999258543464471,0.9999656236812511,1.0,0.0,20,0.9999258543464471,0.9999999892416858
csv-physionet,random,1,0.9,778,1,657,1252,0.15654952076677317,0.15495207667731628,0.15495207667731628,0.2,0.04345047923322684,2.784307929783988,109,0.764138875660654,0.7977821662526332,0.9,0.1,20,0.7645750089484362,0.8299039397540954
csv-physionet,random,1,0.9,779,1,657,1263,0.15518606492478226,0.15201900237529692,0.14489311163895488,0.2,0.04481393507521775,2.871678218438078,109,0.7930301489221958,0.8519475141883237,0.95,0.05,20,0.7938089041891844,0.8663834517444671
csv-physionet,random,1,0.9,780,1,657,1254,0.14114832535885166,0.13955342902711323,0.1379585326953748,0.2,0.05885167464114835,3.771216964141352,109,0.9676750751708553,0.9754868293365606,1.0,0.0,20,0.9645093722275365,0.9947943679704174
csv-physionet,random,1,0.9,781,1,657,1273,0.14218381775333858,0.13982717989002358,0.14218381775333858,0.2,0.057816182246661435,3.704862582415772,109,0.9616137324191272,0.9742680548473436,1.0,0.0,20,0.954225405885501,0.9936887473655045
csv-physionet,random,1,0.9,782,1,657,1291,0.16189000774593337,0.1603408210689388,0.15956622773044152,0.2,0.03810999225406664,2.442089374145756,109,0.6341822126340606,0.6741958767477525,0.65,0.35,20,0.6265030307100814,0.6875041415632279
csv-physionet,random,1,dep,778,0,1080,2160,0.13148148148148148,0.1300925925925926,0.1287037037037037,0.2,0.06851851851851853,5.629370729914209,188,0.9999718089293603,0.9999846860207418,1.0,0.0,20,0.9999718089293603,0.9999999988004845
csv-physionet,random,1,dep,779,0,1080,2160,0.13425925925925927,0.1337962962962963,0.1300925925925926,0.2,0.06574074074074074,5.401152997620388,188,0.9999106924336676,0.9999258543464471,1.0,0.0,20,0.9999106924336676,0.999999983662903
csv-physionet,random,1,dep,780,0,1080,2160,0.11990740740740741,0.11898148148148148,0.11805555555555555,0.2,0.0800925925925926,6.580277947805121,188,0.9999999166913108,0.9999999515870762,1.0,0.0,20,0.9999999166913108,0.9999999999999991
csv-physionet,random,1,dep,781,0,1080,2160,0.12222222222222222,0.12037037037037036,0.12083333333333333,0.2,0.07777777777777779,6.390096504226939,188,0.9999996928657716,0.999999891209431,1.0,0.0,20,0.9999996928657716,0.9999999999999744
csv-physionet,random,1,dep,782,0,1080,2160,0.1337962962962963,0.13194444444444445,0.13194444444444445,0.2,0.06620370370370371,5.439189286336025,188,0.9999258543464471,0.9999656236812511,1.0,0.0,20,0.9999258543464471,0.9999999892416858
csv-physionet,random,2,0.5,778,0,1080,2160,0.11990740740740741,0.11990740740740741,0.11944444444444445,0.2,0.0800925925925926,6.580277947805121,188,0.9999999166913108,0.9999999166913108,1.0,0.0,20,0.9999999166913108,0.9999999999999991
csv-physionet,random,2,0.5,779,0,1080,2160,0.12546296296296297,0.12453703703703704,0.12546296296296297,0.2,0.07453703703703704,6.123842483217483,188,0.9999983095462937,0.9999989468374323,1.0,0.0,20,0.9999983095462937,0.9999999999983624
csv-physionet,random,2,0.5,780,0,1080,2160,0.11527777777777778,0.11527777777777778,0.11527777777777778,0.2,0.08472222222222223,6.960640834961486,188,0.9999999951222295,0.9999999951222295,1.0,0.0,20,0.9999999951222295,1.0
csv-physionet,random,2,0.5,781,0,1080,2160,0.12175925925925926,0.12175925925925926,0.12175925925925926,0.2,0.07824074074074075,6.428132792942575,188,0.9999997620119543,0.9999997620119543,1.0,0.0,20,0.9999997620119543,0.9999999999999863
csv-physionet,random,2,0.5,782,0,1080,2160,0.12129629629629629,0.12129629629629629,0.11712962962962963,0.2,0.07870370370370372,6.4661690816582125,188,0.9999998161285961,0.9999998161285961,1.0,0.0,20,0.9999998161285961,0.9999999999999929
csv-physionet,random,2,0.7,778,0,1080,2160,0.11990740740740741,0.11990740740740741,0.11944444444444445,0.2,0.0800925925925926,6.580277947805121,188,0.9999999166913108,0.9999999166913108,1.0,0.0,20,0.9999999166913108,0.9999999999999991
csv-physionet,random,2,0.7,779,0,1080,2160,0.12546296296296297,0.12453703703703704,0.12546296296296297,0.2,0.07453703703703704,6.123842483217483,188,0.9999983095462937,0.9999989468374323,1.0,0.0,20,0.9999983095462937,0.9999999999983624
csv-physionet,random,2,0.7,780,0,1080,2160,0.11527777777777778,0.11527777777777778,0.11527777777777778,0.2,0.08472222222222223,6.960640834961486,188,0.9999999951222295,0.9999999951222295,1.0,0.0,20,0.9999999951222295,1.0
csv-physionet,random,2,0.7,781,0,1080,2160,0.12175925925925926,0.12175925925925926,0.12175925925925926,0.2,0.07824074074074075,6.428132792942575,188,0.9999997620119543,0.9999997620119543,1.0,0.0,20,0.9999997620119543,0.9999999999999863
csv-physionet,random,2,0.7,782,0,1080,2160,0.12129629629629629,0.12129629629629629,0.11712962962962963,0.2,0.07870370370370372,6.4661690816582125,188,0.9999998161285961,0.9999998161285961,1.0,0.0,20,0.9999998161285961,0.9999999999999929
csv-physionet,random,2,0.9,778,1,652,1403,0.1347113328581611,0.13328581610833928,0.13328581610833928,0.2,0.06528866714183892,4.167749510577403,108,0.9896348348332632,0.9923076235882078,1.0,0.0,20,0.9949667798908142,0.999882341005511
csv-physionet,random,2,0.9,779,1,652,1403,0.14682822523164646,0.14255167498218105,0.14682822523164646,0.2,0.05317177476835355,3.3942588808850918,108,0.9193747454729672,0.9570736508148826,0.95,0.05,20,0.9479530723893848,0.9882199804916388
csv-physionet,random,2,0.9,780,1,652,1377,0.13217138707334786,0.13217138707334786,0.13217138707334786,0.2,0.06782861292665215,4.3298887954635665,108,0.9939621572762227,0.9939621572762227,1.0,0.0,20,0.9963615493218345,0.9999551091734351
csv-physionet,random,2,0.9,781,1,652,1386,0.1406926406926407,0.13997113997113997,0.1406926406926407,0.2,0.05930735930735931,3.785928378502397,108,0.9683507192596363,0.9720279426475377,1.0,0.0,20,0.9791424604611862,0.9982797780496471
csv-physionet,random,2,0.9,782,1,652,1421,0.1414496833216045,0.14074595355383532,0.13230119634060522,0.2,0.0585503166783955,3.737602012159283,108,0.9640852882472551,0.9680642980085393,1.0,0.0,20,0.9781004556197728,0.998235087151387
csv-physionet,random,2,dep,778,0,1080,2160,0.11990740740740741,0.11990740740740741,0.11944444444444445,0.2,0.0800925925925926,6.580277947805121,188,0.9999999166913108,0.9999999166913108,1.0,0.0,20,0.9999999166913108,0.9999999999999991
csv-physionet,random,2,dep,779,0,1080,2160,0.12546296296296297,0.12453703703703704,0.12546296296296297,0.2,0.07453703703703704,6.123842483217483,188,0.9999983095462937,0.9999989468374323,1.0,0.0,20,0.9999983095462937,0.9999999999983624
csv-physionet,random,2,dep,780,0,1080,2160,0.11527777777777778,0.11527777777777778,0.11527777777777778,0.2,0.08472222222222223,6.960640834961486,188,0.9999999951222295,0.9999999951222295,1.0,0.0,20,0.9999999951222295,1.0
csv-physionet,random,2,dep,781,0,1080,2160,0.12175925925925926,0.12175925925925926,0.12175925925925926,0.2,0.07824074074074075,6.428132792942575,188,0.9999997620119543,0.9999997620119543,1.0,0.0,20,0.9999997620119543,0.9999999999999863
csv-physionet,random,2,dep,782,0,1080,2160,0.12129629629629629,0.12129629629629629,0.11712962962962963,0.2,0.07870370370370372,6.4661690816582125,188,0.9999998161285961,0.9999998161285961,1.0,0.0,20,0.9999998161285961,0.9999999999999929
cube,greedy_entropy,0,0.5,778,1,916,1862,0.059613319011815255,0.059613319011815255,0.059613319011815255,0.15,0.09038668098818474,7.66120500615357,114,0.9999999999999136,0.9999999999999136,1.0,0.0,20,0.9999999999999504,0.9999999999952076
cube,greedy_entropy,0,0.5,779,1,916,1833,0.060556464811783964,0.060556464811783964,0.060556464811783964,0.15,0.08944353518821603,7.581263655887621,114,0.9999999999997619,0.9999999999997619,1.0,0.0,20,0.9999999999997619,0.9999999999961366
cube,greedy_entropy,0,0.5,780,1,916,1852,0.05939524838012959,0.05939524838012959,0.05939524838012959,0.15,0.0906047516198704,7.67968874509497,114,0.9999999999999319,0.9999999999999319,1.0,0.0,20,0.9999999999999731,0.9999999999951658
cube,greedy_entropy,0,0.5,781,1,916,1857,0.05546580506192784,0.05546580506192784,0.05546580506192784,0.15,0.09453419493807216,8.012749661722047,114,0.9999999999999993,0.9999999999999993,1.0,0.0,20,0.9999999999999997,0.9999999999961988
cube,greedy_entropy,0,0.5,782,1,916,1823,0.055951727921009324,0.055951727921009324,0.055951727921009324,0.15,0.09404827207899066,7.971562679304956,114,0.9999999999999988,0.9999999999999988,1.0,0.0,20,0.9999999999999991,0.9999999999961205
cube,greedy_entropy,0,0.7,778,2,734,1548,0.06136950904392765,0.06136950904392765,0.06136950904392765,0.15,0.08863049095607234,6.724749210282272,89,0.9999999994546415,0.9999999994546415,1.0,0.0,20,0.9999999999189955,0.9999999999951319
cube,greedy_entropy,0,0.7,779,2,734,1527,0.05762933857236411,0.05762933857236411,0.05762933857236411,0.15,0.09237066142763589,7.008530876768063,89,0.9999999999766455,0.9999999999766455,1.0,0.0,20,0.9999999999928713,0.9999999999964824
cube,greedy_entropy,0,0.7,780,2,734,1513,0.05551883674818242,0.05551883674818242,0.05551883674818242,0.15,0.09448116325181757,7.168663076447509,89,0.9999999999966622,0.9999999999966622,1.0,0.0,20,0.9999999999987668,0.9999999999966943
cube,greedy_entropy,0,0.7,781,2,734,1519,0.05859117840684661,0.05859117840684661,0.05859117840684661,0.15,0.09140882159315339,6.935552248334649,89,0.999999999945617,0.999999999945617,1.0,0.0,20,0.9999999999870679,0.999999999996603
cube,greedy_entropy,0,0.7,782,2,734,1510,0.052980132450331126,0.052980132450331126,0.052980132450331126,0.15,0.09701986754966888,7.361284707422984,89,0.9999999999997305,0.9999999999997305,1.0,0.0,20,0.9999999999999157,0.9999999999958532
cube,greedy_entropy,0,0.9,778,3,367,717,0.16457461645746166,0.16457461645746166,0.16457461645746166,0.15,-0.014574616457461664,-0.7819429610196127,40,0.001692801915510001,0.001692801915510001,0.0,1.0,20,0.001896615094706005,4.289370811897391e-05
cube,greedy_entropy,0,0.9,779,3,367,737,0.1628222523744912,0.1628222523744912,0.1628222523744912,0.15,-0.012822252374491194,-0.687926849938979,40,0.002227712187191372,0.002227712187191372,0.0,1.0,20,0.002083634275857621,6.420994989674475e-05
cube,greedy_entropy,0,0.9,780,3,367,677,0.1654357459379616,0.1654357459379616,0.1654357459379616,0.15,-0.015435745937961598,-0.8281434313900469,40,0.0014762045993200689,0.0014762045993200689,0.0,1.0,20,0.0014303676654504592,3.956630194123153e-05
cube,greedy_entropy,0,0.9,781,3,367,690,0.16376811594202897,0.16376811594202897,0.16376811594202897,0.15,-0.01376811594202898,-0.7386733900540993,40,0.001922127877929207,0.001922127877929207,0.0,1.0,20,0.001899306355407198,5.775726779950956e-05
cube,greedy_entropy,0,0.9,782,3,367,686,0.14868804664723032,0.14868804664723032,0.14868804664723032,0.15,0.0013119533527696792,0.07038762854436026,40,0.016635754854851033,0.016635754854851033,0.0,1.0,20,0.017226215488053195,0.0019295148485946286
cube,greedy_entropy,0,dep,778,2,592,1230,0.08048780487804878,0.08048780487804878,0.08048780487804878,0.15,0.06951219512195121,4.736600584797658,70,0.9994450438819434,0.9994450438819434,1.0,0.0,20,0.9996065661606921,0.9999997969614018
cube,greedy_entropy,0,dep,779,2,592,1218,0.07881773399014778,0.07881773399014778,0.07881773399014778,0.15,0.07118226600985221,4.850400166732992,70,0.9996884809433135,0.9996884809433135,1.0,0.0,20,0.9997362178331267,0.9999999393358124
cube,greedy_entropy,0,dep,780,2,592,1189,0.07232968881412952,0.07148864592094197,0.07232968881412952,0.15,0.07767031118587048,5.29249926202134,70,0.9999760462066041,0.9999835066504044,1.0,0.0,20,0.9999732801813896,0.9999999998297819
cube,greedy_entropy,0,dep,781,2,592,1176,0.07908163265306123,0.0782312925170068,0.07908163265306123,0.15,0.07091836734693877,4.832417961468288,70,0.99965799321314,0.999747589307973,1.0,0.0,20,0.9997183469046522,0.9999998177606179
cube,greedy_entropy,0,dep,782,2,592,1180,0.0711864406779661,0.06949152542372881,0.0711864406779661,0.15,0.07881355932203389,5.370400841461038,70,0.9999856114821555,0.9999934714563665,1.0,0.0,20,0.9999871422657391,0.9999999999390328
cube,greedy_entropy,1,0.5,778,1,1190,2382,0.04953820319059614,0.04953820319059614,0.04953820319059614,0.15,0.10046179680940386,9.705531641094689,152,1.0,1.0,1.0,0.0,20,1.0,0.9999999999963622
cube,greedy_entropy,1,0.5,779,1,1190,2374,0.05644481887110362,0.05644481887110362,0.05644481887110362,0.15,0.09355518112889638,9.038289175312201,152,1.0,1.0,1.0,0.0,20,1.0,0.9999999999960631
cube,greedy_entropy,1,0.5,780,1,1190,2336,0.04794520547945205,0.04794520547945205,0.04794520547945205,0.15,0.10205479452054794,9.859429841014732,152,1.0,1.0,1.0,0.0,20,1.0,0.9999999999965764
cube,greedy_entropy,1,0.5,781,1,1190,2384,0.05243288590604027,0.05243288590604027,0.05243288590604027,0.15,0.09756711409395973,9.425878722493465,152,1.0,1.0,1.0,0.0,20,1.0,0.9999999999964346
cube,greedy_entropy,1,0.5,782,1,1190,2378,0.051303616484440706,0.051303616484440706,0.051303616484440706,0.15,0.09869638351555929,9.534976513402471,152,1.0,1.0,1.0,0.0,20,1.0,0.9999999999962144
cube,greedy_entropy,1,0.7,778,3,394,659,0.1047040971168437,0.1047040971168437,0.1047040971168437,0.15,0.0452959028831563,2.517978047050542,44,0.7087090083863663,0.7087090083863663,0.45,0.55,20,0.576654388030946,0.6312234596850967
cube,greedy_entropy,1,0.7,779,3,394,668,0.12874251497005987,0.12874251497005987,0.12874251497005987,0.15,0.021257485029940126,1.1816936463098713,44,0.1750567767448088,0.1750567767448088,0.05,0.95,20,0.14335263772642193,0.06393099480686971
cube,greedy_entropy,1,0.7,780,3,394,650,0.10153846153846154,0.1,0.10153846153846154,0.15,0.04846153846153846,2.6939542476329685,44,0.7761915100108898,0.8058642276139644,0.75,0.25,20,0.6837629368471412,0.7185200971357625
cube,greedy_entropy,1,0.7,781,3,394,690,0.10434782608695652,0.10434782608695652,0.10434782608695652,0.15,0.04565217391304348,2.537782986900623,44,0.716689740102548,0.716689740102548,0.65,0.35,20,0.6124352540637199,0.6741348494239918
cube,greedy_entropy,1,0.7,782,3,394,675,0.11407407407407408,0.11407407407407408,0.11407407407407408,0.15,0.03592592592592592,1.9971054122664156,44,0.4799968251333667,0.4799968251333667,0.6,0.4,20,0.36979482240431427,0.34586007254152873
cube,greedy_entropy,1,0.9,778,3,405,720,0.1486111111111111,0.1486111111111111,0.1486111111111111,0.15,0.001388888888888884,0.0782780363856434,45,0.01734624509622317,0.01734624509622317,0.0,1.0,20,0.016148955622619105,0.001961091202264795
cube,greedy_entropy,1,0.9,779,3,405,745,0.17718120805369128,0.17718120805369128,0.17718120805369128,0.15,-0.027181208053691286,-1.5319379469834702,45,0.00015897824942057983,0.00015897824942057983,0.0,1.0,20,0.00023794551996542023,1.065003643715613e-06
cube,greedy_entropy,1,0.9,780,3,405,760,0.14473684210526316,0.14473684210526316,0.14473684210526316,0.15,0.005263157894736831,0.2966325589350702,45,0.02878447692518674,0.02878447692518674,0.0,1.0,20,0.030865075605727064,0.004572327120593124
cube,greedy_entropy,1,0.9,781,3,405,757,0.1571994715984148,0.1571994715984148,0.1571994715984148,0.15,-0.007199471598414803,-0.405763559811448,45,0.005030112136054869,0.005030112136054869,0.0,1.0,20,0.0065663793507998005,0.0002615282738849242
cube,greedy_entropy,1,0.9,782,3,405,762,0.14829396325459318,0.14829396325459318,0.14829396325459318,0.15,0.0017060367454068137,0.09615254863118378,45,0.01810289410013855,0.01810289410013855,0.0,1.0,20,0.018862562283175163,0.0021334311559077688
cube,greedy_entropy,1,dep,778,3,538,942,0.1029723991507431,0.1029723991507431,0.1029723991507431,0.15,0.04702760084925689,3.054842815507311,63,0.873703188297464,0.873703188297464,0.85,0.15,20,0.8195091741654044,0.894777855829747
cube,greedy_entropy,1,dep,779,3,538,915,0.13333333333333333,0.13333333333333333,0.13333333333333333,0.15,0.016666666666666663,1.0826418104619588,63,0.1477652314148762,0.1477652314148762,0.0,1.0,20,0.11800770296813483,0.050746431419477656
cube,greedy_entropy,1,dep,780,3,538,951,0.11041009463722397,0.11041009463722397,0.11041009463722397,0.15,0.039589905362776026,2.571701209078408,63,0.7177111826011311,0.7177111826011311,0.65,0.35,20,0.6722190377574517,0.6945159646167078
cube,greedy_entropy,1,dep,781,3,538,970,0.11443298969072165,0.11443298969072165,0.11443298969072165,0.15,0.03556701030927835,2.3103799460373766,63,0.6095753383790223,0.6095753383790223,0.6,0.4,20,0.5637851763445086,0.5586276053424226
cube,greedy_entropy,1,dep,782,3,538,981,0.10601427115188583,0.10601427115188583,0.10601427115188583,0.15,0.043985728848114164,2.857247346876669,63,0.8183012606533311,0.8183012606533311,0.9,0.1,20,0.7513653967191687,0.8475415942001245
cube,greedy_entropy,2,0.5,778,1,693,1559,0.05452212957023733,0.05452212957023733,0.05452212957023733,0.15,0.09547787042976266,7.039053219016767,84,0.9999999999948959,0.9999999999948959,1.0,0.0,20,0.9999999999999237,0.999999999995999
cube,greedy_entropy,2,0.5,779,1,693,1548,0.050387596899224806,0.050387596899224806,0.050387596899224806,0.15,0.09961240310077518,7.343869354693255,84,0.9999999999999156,0.9999999999999156,1.0,0.0,20,0.9999999999999989,0.9999999999951319
cube,greedy_entropy,2,0.5,780,1,693,1591,0.04902576995600252,0.04902576995600252,0.04902576995600252,0.15,0.10097423004399747,7.444269293289334,84,0.9999999999999807,0.9999999999999807,1.0,0.0,20,0.9999999999999999,0.999999999995526
cube,greedy_entropy,2,0.5,781,1,693,1538,0.05201560468140442,0.05201560468140442,0.05201560468140442,0.15,0.09798439531859557,7.223845380884938,84,0.9999999999995473,0.9999999999995473,1.0,0.0,20,0.9999999999999867,0.999999999995322
cube,greedy_entropy,2,0.5,782,1,693,1567,0.048500319081046586,0.048500319081046586,0.048500319081046586,0.15,0.10149968091895341,7.483007868585845,84,0.9999999999999892,0.9999999999999892,1.0,0.0,20,0.9999999999999999,0.9999999999958793
cube,greedy_entropy,2,0.7,778,2,659,1387,0.07281903388608507,0.07281903388608507,0.07281903388608507,0.15,0.07718096611391492,5.5487840805151425,79,0.9999936715345747,0.9999936715345747,1.0,0.0,20,0.9999976354723683,0.9999999999948215
cube,greedy_entropy,2,0.7,779,2,659,1385,0.07292418772563176,0.07292418772563176,0.07292418772563176,0.15,0.07707581227436823,5.541224237975461,79,0.9999933362101772,0.9999933362101772,1.0,0.0,20,0.9999977698838223,0.9999999999946724
cube,greedy_entropy,2,0.7,780,2,659,1398,0.07224606580829757,0.07224606580829757,0.07224606580829757,0.15,0.07775393419170243,5.589976570176107,79,0.9999952377664714,0.9999952377664714,1.0,0.0,20,0.9999987311249446,0.9999999999961039
cube,greedy_entropy,2,0.7,781,2,659,1331,0.07362885048835462,0.07362885048835462,0.07362885048835462,0.15,0.07637114951164538,5.4905638003468695,79,0.9999906225505978,0.9999906225505978,1.0,0.0,20,0.9999922512064728,0.9999999999814355
cube,greedy_entropy,2,0.7,782,2,659,1402,0.07132667617689016,0.07132667617689016,0.07132667617689016,0.15,0.07867332382310983,5.656074402419028,79,0.9999970148137208,0.9999970148137208,1.0,0.0,20,0.9999991427968998,0.9999999999962242
cube,greedy_entropy,2,0.9,778,2,364,732,0.16120218579234974,0.16120218579234974,0.16120218579234974,0.15,-0.011202185792349745,-0.5985471548614989,40,0.003467168804467264,0.003467168804467264,0.0,1.0,20,0.0030487715696670215,9.891368029217698e-05
cube,greedy_entropy,2,0.9,779,2,364,736,0.18206521739130435,0.18206521739130435,0.18206521739130435,0.15,-0.03206521739130436,-1.7132856922162236,40,0.00010708767650788183,0.00010708767650788183,0.0,1.0,20,7.510640178372899e-05,2.527927518032228e-07
cube,greedy_entropy,2,0.9,780,2,364,726,0.17079889807162535,0.17079889807162535,0.17079889807162535,0.15,-0.020798898071625355,-1.1113118007315583,40,0.0007665361792501105,0.0007665361792501105,0.0,1.0,20,0.000826051854937301,7.627592969988025e-06
cube,greedy_entropy,2,0.9,781,2,364,707,0.17114568599717114,0.17114568599717114,0.17114568599717114,0.15,-0.02114568599717115,-1.1298411243852964,40,0.0007237157725749033,0.0007237157725749033,0.0,1.0,20,0.00051636592993197,7.5984422386939225e-06
cube,greedy_entropy,2,0.9,782,2,364,693,0.18037518037518038,0.18037518037518038,0.18037518037518038,0.15,-0.03037518037518039,-1.622984846795284,40,0.00014575271370386686,0.00014575271370386686,0.0,1.0,20,0.00011203585234593414,5.973260919222005e-07
cube,greedy_entropy,2,dep,778,2,542,1137,0.09234828496042216,0.09234828496042216,0.09234828496042216,0.15,0.05765171503957783,3.7588654670035324,63,0.9739391554669392,0.9739391554669392,1.0,0.0,20,0.9828133901374468,0.9988220241016985
cube,greedy_entropy,2,dep,779,2,542,1132,0.10335689045936396,0.10335689045936396,0.10335689045936396,0.15,0.04664310954063604,3.0411094206928495,63,0.8540632689457766,0.8540632689457766,0.85,0.15,20,0.8913870980912233,0.9521689278789625
cube,greedy_entropy,2,dep,780,2,542,1094,0.09689213893967093,0.09689213893967093,0.09689213893967093,0.15,0.05310786106032907,3.462608264629248,63,0.9415789050015881,0.9415789050015881,1.0,0.0,20,0.9486298422472497,0.9904100657832271
cube,greedy_entropy,2,dep,781,2,542,1100,0.09181818181818181,0.09181818181818181,0.09181818181818181,0.15,0.05818181818181818,3.793427949558464,63,0.9765101341307791,0.9765101341307791,1.0,0.0,20,0.9777532873904967,0.998635020150576
cube,greedy_entropy,2,dep,782,2,542,1112,0.09622302158273381,0.09622302158273381,0.09622302158273381,0.15,0.05377697841726618,3.5062344104366536,63,0.9476575671910106,0.9476575671910106,1.0,0.0,20,0.9546413886772752,0.9933164118956186
cube,random,0,0.5,778,3,382,707,0.05374823196605375,0.05374823196605375,0.05374823196605375,0.15,0.09625176803394625,5.268479624845719,42,0.9999950279645782,0.9999950279645782,1.0,0.0,20,0.9999784014704354,0.999999999989147
cube,random,0,0.5,779,3,382,667,0.05847076461769116,0.05847076461769116,0.05847076461769116,0.15,0.09152923538230884,5.0099849752300845,42,0.9999634226584236,0.9999634226584236,1.0,0.0,20,0.9998322518558491,0.9999999871182557
cube,random,0,0.5,780,3,382,680,0.05,0.05,0.05,0.15,0.09999999999999999,5.473644518392246,42,0.9999991949724485,0.9999991949724485,1.0,0.0,20,0.9999960170645781,0.9999999999965842
cube,random,0,0.5,781,3,382,685,0.061313868613138686,0.061313868613138686,0.061313868613138686,0.15,0.08868613138686131,4.854363569231079,42,0.9998942867025321,0.9998942867025321,1.0,0.0,20,0.9996701095452637,0.9999999255642497
cube,random,0,0.5,782,3,382,686,0.048104956268221574,0.048104956268221574,0.048104956268221574,0.15,0.10189504373177842,5.577372475737872,42,0.9999997071943459,0.9999997071943459,1.0,0.0,20,0.9999979830592121,0.9999999999961802
cube,random,0,0.7,778,3,362,689,0.08272859216255443,0.07982583454281568,0.08272859216255443,0.15,0.06727140783744556,3.584509283121908,40,0.9740745464240494,0.9845135410295875,1.0,0.0,20,0.9572866875076859,0.9944712378861631
cube,random,0,0.7,779,3,362,633,0.08530805687203792,0.08530805687203792,0.08530805687203792,0.15,0.06469194312796207,3.447064334460045,40,0.9607062830471284,0.9607062830471284,0.95,0.05,20,0.9316179138369304,0.9780369952107019
cube,random,0,0.7,780,3,362,648,0.07716049382716049,0.07716049382716049,0.07716049382716049,0.15,0.0728395061728395,3.881201456129255,40,0.9907980676028003,0.9907980676028003,1.0,0.0,20,0.9818558587311397,0.9984112900524802
cube,random,0,0.7,781,3,362,658,0.07446808510638298,0.07142857142857142,0.07446808510638298,0.15,0.07553191489361702,4.024664546375648,40,0.9948247498517159,0.9974672480785296,1.0,0.0,20,0.9862115912293403,0.9995413330121632
cube,random,0,0.7,782,3,362,639,0.07355242566510173,0.07198748043818466,0.07355242566510173,0.15,0.07644757433489827,4.073454810664185,40,0.9957957143517971,0.9970959076294169,1.0,0.0,20,0.9872861807723792,0.9995401114777369
cube,random,0,0.9,778,3,369,740,0.1472972972972973,0.1445945945945946,0.1472972972972973,0.15,0.002702702702702703,0.14539730830109604,40,0.017981172018687885,0.025257625856664145,0.0,1.0,20,0.025053770445935035,0.0026203362054934144
cube,random,0,0.9,779,3,369,745,0.14899328859060404,0.14899328859060404,0.14899328859060404,0.15,0.001006711409395955,0.05415805779000459,40,0.014421954665433761,0.014421954665433761,0.05,0.95,20,0.018370238125846115,0.0018149014522949563
cube,random,0,0.9,780,3,369,752,0.14095744680851063,0.13962765957446807,0.14095744680851063,0.15,0.009042553191489361,0.4864622708584542,40,0.03899142955486717,0.04539414835179119,0.0,1.0,20,0.04069061062675628,0.009671118706081519
cube,random,0,0.9,781,3,369,724,0.143646408839779,0.14226519337016574,0.143646408839779,0.15,0.006353591160220995,0.3418041695144551,40,0.028357621939365613,0.03345826372555422,0.0,1.0,20,0.038927235726666176,0.005513839203887753
cube,random,0,0.9,782,3,369,746,0.12734584450402145,0.12734584450402145,0.12734584450402145,0.15,0.022654155495978545,1.2187256954514119,40,0.1551206569104986,0.1551206569104986,0.1,0.9,20,0.17625087761350539,0.09249184974008536
cube,random,0,dep,778,3,371,714,0.08263305322128851,0.07983193277310924,0.08263305322128851,0.15,0.06736694677871148,3.633948155159124,41,0.9757870601995899,0.9854378217585159,1.0,0.0,20,0.9686147742444555,0.9961298541647199
cube,random,0,dep,779,3,371,658,0.08662613981762918,0.08662613981762918,0.08662613981762918,0.15,0.06337386018237082,3.418550688537581,41,0.9539411844272485,0.9539411844272485,0.95,0.05,20,0.9117733551430685,0.9769738317706042
cube,random,0,dep,780,3,371,672,0.07738095238095238,0.07738095238095238,0.07738095238095238,0.15,0.07261904761904761,3.917260121517683,41,0.9910522629685002,0.9910522629685002,1.0,0.0,20,0.9801691276957714,0.9988694925933346
cube,random,0,dep,781,3,371,675,0.07407407407407407,0.07111111111111111,0.07407407407407407,0.15,0.07592592592592592,4.095641729965665,41,0.9956639372485854,0.9978900751703688,1.0,0.0,20,0.9883104586773439,0.9997282465058165
cube,random,0,dep,782,3,371,658,0.07142857142857142,0.06990881458966565,0.07142857142857142,0.15,0.07857142857142857,4.238347016724052,41,0.9977130188183825,0.998456937012153,1.0,0.0,20,0.9924440629120851,0.9998839885842639
cube,random,1,0.5,778,3,387,677,0.050221565731166914,0.050221565731166914,0.050221565731166914,0.15,0.09977843426883308,5.497143508325969,43,0.9999994822915917,0.9999994822915917,1.0,0.0,20,0.9999906690571212,0.9999999999956415
cube,random,1,0.5,779,3,387,673,0.04903417533432392,0.04903417533432392,0.04903417533432392,0.15,0.10096582466567608,5.56256100519977,43,0.999999727043606,0.999999727043606,1.0,0.0,20,0.9999951866431267,0.9999999999963503
cube,random,1,0.5,780,3,387,679,0.045655375552282766,0.044182621502209134,0.045655375552282766,0.15,0.10434462444771722,5.748710922502916,43,0.9999999618820506,0.9999999849946971,1.0,0.0,20,0.9999995285229949,0.9999999999957535
cube,random,1,0.5,781,3,387,634,0.04258675078864353,0.04258675078864353,0.04258675078864353,0.15,0.10741324921135646,5.9177722113729985,43,0.9999999948327398,0.9999999948327398,1.0,0.0,20,0.999999642262347,0.9999999999971982
cube,random,1,0.5,782,3,387,660,0.05454545454545454,0.05454545454545454,0.05454545454545454,0.15,0.09545454545454546,5.2589253252049195,43,0.9999956482942876,0.9999956482942876,1.0,0.0,20,0.9999283405347069,0.999999999679898
cube,random,1,0.7,778,3,369,707,0.08628005657708628,0.08628005657708628,0.08628005657708628,0.15,0.06371994342291372,3.4279420557522196,40,0.9419367507732783,0.9419367507732783,1.0,0.0,20,0.9302563729844989,0.9873941861222731
cube,random,1,0.7,779,3,369,697,0.09182209469153516,0.09038737446197992,0.09182209469153516,0.15,0.05817790530846484,3.1297970087453284,40,0.8818741199763974,0.9002789520266352,1.0,0.0,20,0.8859263669174275,0.9488571123691023
cube,random,1,0.7,780,3,369,662,0.08761329305135952,0.08761329305135952,0.08761329305135952,0.15,0.06238670694864047,3.356217927717595,40,0.9301373881499986,0.9301373881499986,0.95,0.05,20,0.9239725039024372,0.9721558307163443
cube,random,1,0.7,781,3,369,667,0.08695652173913043,0.08695652173913043,0.08695652173913043,0.15,0.06304347826086956,3.3915502566755658,40,0.9361480507529832,0.9361480507529832,1.0,0.0,20,0.92262006128803,0.9773085898469174
cube,random,1,0.7,782,3,369,707,0.09193776520509193,0.09193776520509193,0.09193776520509193,0.15,0.05806223479490806,3.123574281656573,40,0.8803001502210297,0.8803001502210297,1.0,0.0,20,0.8624926524777563,0.951448720175976
cube,random,1,0.9,778,3,405,765,0.12679738562091503,0.12679738562091503,0.12679738562091503,0.15,0.023202614379084968,1.3077036666778121,45,0.19218828111712102,0.19218828111712102,0.1,0.9,20,0.18142456413555794,0.10431960737743973
cube,random,1,0.9,779,3,405,797,0.1468005018820577,0.14554579673776663,0.1468005018820577,0.15,0.00319949811794229,0.18032430966630125,45,0.022069031976559336,0.02596683815162817,0.0,1.0,20,0.02130119294230987,0.003043377804678337
cube,random,1,0.9,780,3,405,744,0.13709677419354838,0.135752688172043,0.13709677419354838,0.15,0.012903225806451618,0.7272282090021094,45,0.0708090019745582,0.08181733908476714,0.0,1.0,20,0.07300889014138938,0.019562293012661904
cube,random,1,0.9,781,3,405,768,0.13411458333333334,0.13411458333333334,0.13411458333333334,0.15,0.015885416666666652,0.8953050411607988,45,0.09701801472776253,0.09701801472776253,0.05,0.95,20,0.08618156447589972,0.034365108800501594
cube,random,1,0.9,782,3,405,796,0.1306532663316583,0.1306532663316583,0.1306532663316583,0.15,0.019346733668341692,1.0903855118643422,45,0.13620494139206926,0.13620494139206926,0.0,1.0,20,0.13117913857831448,0.06382949635910512
cube,random,1,dep,778,3,367,763,0.10353866317169069,0.10353866317169069,0.10353866317169069,0.15,0.0464613368283093,2.4926978626499694,40,0.6725358849078176,0.6725358849078176,0.8,0.2,20,0.6955936356201968,0.76640047375289
cube,random,1,dep,779,3,367,762,0.11548556430446194,0.1141732283464567,0.11548556430446194,0.15,0.034514435695538054,1.8517344950009316,40,0.3865272518155491,0.41689205748913594,0.5,0.5,20,0.41259157466293545,0.36816188373986636
cube,random,1,dep,780,3,367,717,0.1101813110181311,0.1101813110181311,0.1101813110181311,0.15,0.0398186889818689,2.136313065752145,40,0.5128840713716214,0.5128840713716214,0.55,0.45,20,0.5124830035503654,0.5064179194127738
cube,random,1,dep,781,3,367,727,0.10729023383768914,0.10729023383768914,0.10729023383768914,0.15,0.042709766162310855,2.2914222899028527,40,0.5835152851966523,0.5835152851966523,0.6,0.4,20,0.6047700171670942,0.6143879480810367
cube,random,1,dep,782,3,367,765,0.09803921568627451,0.09803921568627451,0.09803921568627451,0.15,0.051960784313725486,2.787748800235131,40,0.7888153289488212,0.7888153289488212,1.0,0.0,20,0.8091512543004015,0.8958655165087901
cube,random,2,0.5,778,3,441,933,0.06752411575562701,0.06752411575562701,0.06752411575562701,0.15,0.08247588424437298,4.85055220103979,50,0.999855756272682,0.999855756272682,1.0,0.0,20,0.9999104775717056,0.9999999972412958
cube,random,2,0.5,779,3,441,915,0.06557377049180328,0.06557377049180328,0.06557377049180328,0.15,0.08442622950819671,4.965255445496041,50,0.9999292908539636,0.9999292908539636,1.0,0.0,20,0.9999490115879304,0.9999999993297024
cube,random,2,0.5,780,3,441,941,0.061636556854410204,0.061636556854410204,0.061636556854410204,0.15,0.08836344314558979,5.196809922902251,50,0.9999854603588595,0.9999854603588595,1.0,0.0,20,0.999995091638499,0.999999999993539
cube,random,2,0.5,781,3,441,927,0.06796116504854369,0.0668824163969795,0.06796116504854369,0.15,0.08203883495145631,4.824848561374181,50,0.9998317831527356,0.9998853565956253,1.0,0.0,20,0.9999057353861976,0.9999999948391921
cube,random,2,0.5,782,3,441,950,0.07157894736842105,0.07157894736842105,0.07157894736842105,0.15,0.07842105263157895,4.612080403077519,50,0.9994453673283112,0.9994453673283112,1.0,0.0,20,0.9996621228257977,0.9999999280588924
cube,random,2,0.7,778,2,461,850,0.07411764705882352,0.07176470588235294,0.07411764705882352,0.15,0.07588235294117647,4.562849656473897,53,0.9993526898469222,0.9996950241008699,1.0,0.0,20,0.9984518218872398,0.9999941476956277
cube,random,2,0.7,779,2,461,842,0.07482185273159145,0.07363420427553444,0.07482185273159145,0.15,0.07517814726840855,4.5205053631364605,53,0.9991979481373903,0.9994428587058632,1.0,0.0,20,0.9974182959530954,0.9999890967029821
cube,random,2,0.7,780,2,461,850,0.07294117647058823,0.07176470588235294,0.07294117647058823,0.15,0.07705882352941176,4.6335915116130275,53,0.9995525095909374,0.9996950241008699,1.0,0.0,20,0.9988859502015736,0.999997308388961
cube,random,2,0.7,781,2,461,845,0.08165680473372781,0.08047337278106509,0.08165680473372781,0.15,0.06834319526627218,4.1095157563811275,53,0.9949407046046214,0.9962129178985368,1.0,0.0,20,0.9869973520981252,0.9996172181723306
cube,random,2,0.7,782,2,461,824,0.08373786407766991,0.08373786407766991,0.08373786407766991,0.15,0.06626213592233009,3.9843804575328052,53,0.9918088660105578,0.9918088660105578,1.0,0.0,20,0.9802647642566626,0.9987461663689772
cube,random,2,0.9,778,4,405,764,0.15575916230366493,0.1544502617801047,0.15575916230366493,0.15,-0.005759162303664939,-0.32458745977712034,45,0.00625812329560834,0.007603815042305888,0.0,1.0,20,0.006413003892149379,0.00037164466392148416
cube,random,2,0.9,779,4,405,755,0.152317880794702,0.152317880794702,0.152317880794702,0.15,-0.002317880794701993,-0.13063619317339245,45,0.010363119750061945,0.010363119750061945,0.0,1.0,20,0.012936007211580029,0.0008526965736729781
cube,random,2,0.9,780,4,405,751,0.14513981358189082,0.14380825565912117,0.14513981358189082,0.15,0.004860186418109175,0.2739210114799881,45,0.027349592688749477,0.03233954656145094,0.0,1.0,20,0.024605759990088457,0.004167091597426151
cube,random,2,0.9,781,4,405,750,0.14933333333333335,0.14933333333333335,0.14933333333333335,0.15,0.0006666666666666488,0.03757345746510796,45,0.015726263526937623,0.015726263526937623,0.0,1.0,20,0.015094684859422653,0.0016851760343529832
cube,random,2,0.9,782,4,405,753,0.1646746347941567,0.1646746347941567,0.1646746347941567,0.15,-0.014674634794156705,-0.8270651493813825,45,0.0015128560473208668,0.0015128560473208668,0.0,1.0,20,0.0014869425257808895,3.750296275065502e-05
cube,random,2,dep,778,4,418,840,0.09047619047619047,0.0880952380952381,0.09047619047619047,0.15,0.05952380952380952,3.408189756172144,47,0.9469090221278756,0.9635220124304205,1.0,0.0,20,0.943317164212536,0.9894189560097342
cube,random,2,dep,779,4,418,811,0.08877928483353884,0.08877928483353884,0.08877928483353884,0.15,0.06122071516646116,3.5053504801705415,47,0.9592288916757142,0.9592288916757142,1.0,0.0,20,0.9467412137602251,0.9915525927935781
cube,random,2,dep,780,4,418,836,0.0861244019138756,0.08492822966507177,0.0861244019138756,0.15,0.06387559808612439,3.6573626723171695,47,0.9739495805213038,0.97901853341627,1.0,0.0,20,0.9739495805213038,0.997348750034755
cube,random,2,dep,781,4,418,823,0.09356014580801944,0.09234507897934387,0.09356014580801944,0.15,0.056439854191980554,3.2316099126688873,47,0.9177188766714689,0.9303315090341617,1.0,0.0,20,0.9081400310144122,0.9718991910443102
cube,random,2,dep,782,4,418,816,0.09558823529411764,0.09436274509803921,0.09558823529411764,0.15,0.054411764705882354,3.1154864006420664,47,0.8932372907805151,0.9085533494123469,1.0,0.0,20,0.8945818591647663,0.9527958253152439
fashionmnist,greedy_entropy,0,0.5,778,2,1537,3111,0.10318225650916105,0.10318225650916105,0.1018964963034394,0.15,0.04681774349083895,5.140345604667961,201,0.9997489105624313,0.9997489105624313,1.0,0.0,20,0.9997326779090416,0.9999998297219033
fashionmnist,greedy_entropy,0,0.5,779,2,1537,3093,0.10604591011962496,0.10604591011962496,0.09925638538635628,0.15,0.04395408988037504,4.825931278981375,201,0.9990318603878873,0.9990318603878873,1.0,0.0,20,0.9990155175213054,0.9999965405843111
fashionmnist,greedy_entropy,0,0.5,780,2,1537,3075,0.10016260162601626,0.10016260162601626,0.09723577235772357,0.15,0.04983739837398374,5.471888061626075,201,0.9999492572082801,0.9999492572082801,1.0,0.0,20,0.9999473378878383,0.9999999930180703
fashionmnist,greedy_entropy,0,0.5,781,2,1537,3119,0.1038794485411991,0.1038794485411991,0.10099390830394357,0.15,0.046120551458800896,5.063797532713199,201,0.999646119741478,0.999646119741478,1.0,0.0,20,0.9996757319306578,0.9999996616991953
fashionmnist,greedy_entropy,0,0.5,782,2,1537,3057,0.1046777886817141,0.1046777886817141,0.10336931632319267,0.15,0.0453222113182859,4.976143922642708,201,0.9994818532084209,0.9994818532084209,1.0,0.0,20,0.9993287841506007,0.9999988311627447
fashionmnist,greedy_entropy,0,0.7,778,3,1487,3071,0.11950504721589059,0.11950504721589059,0.11950504721589059,0.15,0.030494952784109408,3.2932777284366233,194,0.9090823646900485,0.9090823646900485,1.0,0.0,20,0.9195237895189018,0.9741466858417774
fashionmnist,greedy_entropy,0,0.7,779,3,1487,3054,0.12802881466928617,0.12802881466928617,0.12278978388998035,0.15,0.02197118533071382,2.3727603656004947,194,0.6287204311971939,0.6287204311971939,0.85,0.15,20,0.6235955913684983,0.6798166060428141
fashionmnist,greedy_entropy,0,0.7,780,3,1487,3042,0.11702827087442472,0.11702827087442472,0.11538461538461539,0.15,0.03297172912557528,3.560755183522852,194,0.9490164746403629,0.9490164746403629,1.0,0.0,20,0.9472983326969732,0.9909169756666263
fashionmnist,greedy_entropy,0,0.7,781,3,1487,3109,0.12222579607590865,0.12222579607590865,0.12093920874879382,0.15,0.027774203924091342,2.999452658799661,194,0.8436153640463536,0.8436153640463536,0.95,0.05,20,0.853010926037056,0.9328207934942461
fashionmnist,greedy_entropy,0,0.7,782,3,1487,3049,0.12594293210888816,0.12594293210888816,0.12561495572318793,0.15,0.02405706789111184,2.598023563380316,194,0.7160532814200118,0.7160532814200118,0.8,0.2,20,0.7224811313097772,0.7922129925015542
fashionmnist,greedy_entropy,0,0.9,778,4,1300,2644,0.16187594553706505,0.16187594553706505,0.16111951588502268,0.15,-0.011875945537065058,-1.1991811164098645,168,0.0005930056441449829,0.0005930056441449829,0.0,1.0,20,0.0005611577230789864,2.8584094162825785e-06
fashionmnist,greedy_entropy,0,0.9,779,4,1300,2694,0.17223459539717892,0.1714922048997773,0.16406829992576094,0.15,-0.022234595397178925,-2.2451523416046286,168,1.2676632769631267e-05,1.712688294555741e-05,0.0,1.0,20,8.752312850853998e-06,2.2147764850406138e-09
fashionmnist,greedy_entropy,0,0.9,780,4,1300,2623,0.16164696911932902,0.16164696911932902,0.15821578345406023,0.15,-0.011646969119329026,-1.1760600777190717,168,0.0006399780241041902,0.0006399780241041902,0.0,1.0,20,0.0005197973215264366,3.383788682366112e-06
fashionmnist,greedy_entropy,0,0.9,781,4,1300,2723,0.16709511568123395,0.1667278736687477,0.16452442159383032,0.15,-0.017095115681233952,-1.7261901247186233,168,9.403148488620475e-05,0.00010773335704608827,0.0,1.0,20,6.518133004653956e-05,8.283277577011033e-08
fashionmnist,greedy_entropy,0,0.9,782,4,1300,2633,0.16445119635396885,0.16445119635396885,0.16293201671097607,0.15,-0.014451196353968854,-1.4592186974186188,168,0.00024500884348605683,0.00024500884348605683,0.0,1.0,20,0.00022111632814426823,5.811939517522231e-07
fashionmnist,greedy_entropy,0,dep,778,4,1289,2640,0.13257575757575757,0.13257575757575757,0.13257575757575757,0.15,0.017424242424242425,1.7519643760630947,166,0.36250236459487684,0.36250236459487684,0.45,0.55,20,0.36070586632931156,0.3153888835958705
fashionmnist,greedy_entropy,0,dep,779,4,1289,2658,0.1455981941309255,0.145221971407073,0.1433408577878104,0.15,0.004401805869074488,0.4425906667961921,166,0.04549696273405588,0.04922045379803875,0.0,1.0,20,0.04951632198383077,0.009195115137989221
fashionmnist,greedy_entropy,0,dep,780,4,1289,2582,0.1351665375677769,0.1351665375677769,0.1332300542215337,0.15,0.014833462432223082,1.4914678711522211,166,0.2664162970424735,0.2664162970424735,0.15,0.85,20,0.2593054988498941,0.18647473303642326
fashionmnist,greedy_entropy,0,dep,781,4,1289,2668,0.14280359820089955,0.14205397301349326,0.14167916041979012,0.15,0.007196401799100444,0.723580358955463,166,0.07945918137342638,0.09131395759742912,0.0,1.0,20,0.0780430465515526,0.024866345642278957
fashionmnist,greedy_entropy,0,dep,782,4,1289,2591,0.1443458124276341,0.1443458124276341,0.14395986105750674,0.15,0.005654187572365882,0.5685145420486991,166,0.05886036235286292,0.05886036235286292,0.0,1.0,20,0.0592738627350404,0.014139435122934156
fashionmnist,greedy_entropy,1,0.5,778,2,2549,4961,0.07276758718000403,0.07276758718000403,0.07276758718000403,0.15,0.07723241281999596,10.920170726563704,344,1.0,1.0,1.0,0.0,20,1.0,0.9999999999930401
fashionmnist,greedy_entropy,1,0.5,779,2,2549,4988,0.07538091419406576,0.07538091419406576,0.0747794707297514,0.15,0.07461908580593424,10.550662949765279,344,1.0,1.0,1.0,0.0,20,1.0,0.9999999999917297
fashionmnist,greedy_entropy,1,0.5,780,2,2549,4929,0.07242848447961046,0.07242848447961046,0.07242848447961046,0.15,0.07757151552038953,10.968117686226446,344,1.0,1.0,1.0,0.0,20,1.0,0.999999999991499
fashionmnist,greedy_entropy,1,0.5,781,2,2549,4925,0.07634517766497462,0.07634517766497462,0.07634517766497462,0.15,0.07365482233502538,10.41432224327647,344,1.0,1.0,1.0,0.0,20,1.0,0.9999999999915563
fashionmnist,greedy_entropy,1,0.5,782,2,2549,4978,0.0741261550823624,0.0741261550823624,0.0741261550823624,0.15,0.0758738449176376,10.728077887615887,344,1.0,1.0,1.0,0.0,20,1.0,0.9999999999918652
fashionmnist,greedy_entropy,1,0.7,778,4,1269,2516,0.12400635930047695,0.12400635930047695,0.12082670906200318,0.15,0.02599364069952305,2.5932407067475207,163,0.7020596739400662,0.7020596739400662,0.8,0.2,20,0.7134216259398417,0.771471483370456
fashionmnist,greedy_entropy,1,0.7,779,4,1269,2553,0.1308264786525656,0.1308264786525656,0.12847630238934588,0.15,0.019173521347434386,1.912835397881442,163,0.4207999952819849,0.4207999952819849,0.45,0.55,20,0.42376287752114006,0.3951806226226148
fashionmnist,greedy_entropy,1,0.7,780,4,1269,2567,0.12699649396182314,0.12699649396182314,0.12699649396182314,0.15,0.023003506038176857,2.2949316313819472,163,0.5821714713404729,0.5821714713404729,0.65,0.35,20,0.5847942471119174,0.6258596586357061
fashionmnist,greedy_entropy,1,0.7,781,4,1269,2487,0.1342983514274226,0.1342983514274226,0.13027744270205066,0.15,0.015701648572577387,1.5664659949769526,163,0.28662443249537756,0.28662443249537756,0.15,0.85,20,0.29497582330033206,0.20997001661653913
fashionmnist,greedy_entropy,1,0.7,782,4,1269,2548,0.12441130298273155,0.12441130298273155,0.12362637362637363,0.15,0.025588697017268444,2.5528417317481416,163,0.6866395631978253,0.6866395631978253,0.8,0.2,20,0.6974741616774514,0.7597475670215127
fashionmnist,greedy_entropy,1,0.9,778,4,1276,2542,0.17505900865460267,0.17505900865460267,0.17505900865460267,0.15,-0.02505900865460267,-2.5068833790700484,164,3.3956982989698145e-06,3.3956982989698145e-06,0.0,1.0,20,3.095920768709629e-06,4.708711052535601e-10
fashionmnist,greedy_entropy,1,0.9,779,4,1276,2543,0.18088871411718443,0.18049547778214706,0.17970900511207236,0.15,-0.03088871411718444,-3.090082496419642,164,2.542110837642611e-07,3.048849004230414e-07,0.0,1.0,20,3.276856191051458e-07,4.999135498045624e-12
fashionmnist,greedy_entropy,1,0.9,780,4,1276,2545,0.18113948919449901,0.18113948919449901,0.18113948919449901,0.15,-0.03113948919449902,-3.115169836540316,164,2.2627040582331506e-07,2.2627040582331506e-07,0.0,1.0,20,2.920178518735287e-07,4.033201870477887e-12
fashionmnist,greedy_entropy,1,0.9,781,4,1276,2555,0.1726027397260274,0.1726027397260274,0.1726027397260274,0.15,-0.022602739726027415,-2.2611601808205233,164,9.465029965325455e-06,9.465029965325455e-06,0.0,1.0,20,8.495664986343732e-06,2.7267952215698365e-09
fashionmnist,greedy_entropy,1,0.9,782,4,1276,2539,0.17881055533674675,0.17841669948798738,0.17881055533674675,0.15,-0.028810555336746757,-2.882185137926539,164,6.568968549485949e-07,7.83922894128269e-07,0.0,1.0,20,6.352370864937309e-07,2.683054510244076e-11
fashionmnist,greedy_entropy,1,dep,778,4,1377,2671,0.13216023961063272,0.13216023961063272,0.13178584799700488,0.15,0.01783976038936727,1.853962283354331,178,0.3942606429424736,0.3942606429424736,0.4,0.6,20,0.4058046557564086,0.3438966410422942
fashionmnist,greedy_entropy,1,dep,779,4,1377,2721,0.13377434766629914,0.13377434766629914,0.13377434766629914,0.15,0.016225652333700852,1.686219253675104,178,0.3284949219217774,0.3284949219217774,0.4,0.6,20,0.3354780743053456,0.26716396294046013
fashionmnist,greedy_entropy,1,dep,780,4,1377,2713,0.13232583855510505,0.13232583855510505,0.13232583855510505,0.15,0.017674161444894948,1.8367527362239806,178,0.3873137620052368,0.3873137620052368,0.45,0.55,20,0.379658344444051,0.34258422883934414
fashionmnist,greedy_entropy,1,dep,781,4,1377,2683,0.14014163250093178,0.14014163250093178,0.13865076407007082,0.15,0.00985836749906821,1.024511603284312,178,0.12999976232655003,0.12999976232655003,0.15,0.85,20,0.12528687578431458,0.057401789784786134
fashionmnist,greedy_entropy,1,dep,782,4,1377,2679,0.13288540500186638,0.13288540500186638,0.13288540500186638,0.15,0.017114594998133614,1.7786008852638957,178,0.3641529841576165,0.3641529841576165,0.3,0.7,20,0.3598262665051358,0.3059858008810295
fashionmnist,greedy_entropy,2,0.5,778,2,1548,3051,0.10914454277286136,0.10914454277286136,0.10914454277286136,0.15,0.04085545722713864,4.501740543868349,202,0.9962208995619221,0.9962208995619221,1.0,0.0,20,0.9958886276123916,0.9999378540445728
fashionmnist,greedy_entropy,2,0.5,779,2,1548,3064,0.10704960835509138,0.10704960835509138,0.10443864229765012,0.15,0.04295039164490862,4.73257509683367,202,0.9983824586971518,0.9983824586971518,1.0,0.0,20,0.9983406690326021,0.9999897978354213
fashionmnist,greedy_entropy,2,0.5,780,2,1548,3043,0.10515938218862964,0.10515938218862964,0.10384488991127178,0.15,0.04484061781137036,4.940853460317246,202,0.9992979539213426,0.9992979539213426,1.0,0.0,20,0.9993092187962943,0.9999979572517221
fashionmnist,greedy_entropy,2,0.5,781,2,1548,3040,0.1125,0.1125,0.11118421052631579,0.15,0.03749999999999999,4.13201275551815,202,0.9874521579161112,0.9874521579161112,1.0,0.0,20,0.9858664156892256,0.9992879299448352
fashionmnist,greedy_entropy,2,0.5,782,2,1548,3066,0.10469667318982387,0.10469667318982387,0.10469667318982387,0.15,0.045303326810176126,4.991837979921471,202,0.9994335455947513,0.9994335455947513,1.0,0.0,20,0.9993951715782409,0.9999988778421292
fashionmnist,greedy_entropy,2,0.7,778,4,1710,3360,0.11904761904761904,0.11904761904761904,0.11904761904761904,0.15,0.030952380952380953,3.584569661181429,225,0.9476473017705238,0.9476473017705238,1.0,0.0,20,0.9457661582799859,0.98843100136837
fashionmnist,greedy_entropy,2,0.7,779,4,1710,3415,0.12035139092240117,0.12035139092240117,0.12035139092240117,0.15,0.029648609077598823,3.4335809177101075,225,0.9270204354730571,0.9270204354730571,0.95,0.05,20,0.9295183841328971,0.9808474707995425
fashionmnist,greedy_entropy,2,0.7,780,4,1710,3304,0.12167070217917676,0.12167070217917676,0.1198547215496368,0.15,0.028329297820823232,3.2807925712507977,225,0.900519714850574,0.900519714850574,1.0,0.0,20,0.891958773825451,0.9593379683121437
fashionmnist,greedy_entropy,2,0.7,781,4,1710,3347,0.12010755900806692,0.12010755900806692,0.11801613385121004,0.15,0.02989244099193307,3.461818890223272,225,0.9312792417051023,0.9312792417051023,0.95,0.05,20,0.9266619786141773,0.9804563935913199
fashionmnist,greedy_entropy,2,0.7,782,4,1710,3365,0.11797919762258544,0.11797919762258544,0.1161961367013373,0.15,0.03202080237741456,3.7083026635447607,225,0.9609102521806798,0.9609102521806798,1.0,0.0,20,0.9576915700698261,0.9933570523233917
fashionmnist,greedy_entropy,2,0.9,778,4,1260,2444,0.18289689034369885,0.18289689034369885,0.18289689034369885,0.15,-0.03289689034369886,-3.2702806700913065,162,1.2119868842627264e-07,1.2119868842627264e-07,0.0,1.0,20,1.7639266287838905e-07,1.7717731484371012e-12
fashionmnist,greedy_entropy,2,0.9,779,4,1260,2516,0.18879173290937998,0.18839427662957076,0.18879173290937998,0.15,-0.03879173290937998,-3.8562871130823817,162,6.819251549791192e-09,8.334599668630973e-09,0.0,1.0,20,7.891732871175399e-09,7.545298413580379e-15
fashionmnist,greedy_entropy,2,0.9,780,4,1260,2484,0.18438003220611915,0.18438003220611915,0.18438003220611915,0.15,-0.034380032206119154,-3.4177198387483325,162,5.994687501683045e-08,5.994687501683045e-08,0.0,1.0,20,5.47642894837862e-08,4.109011876058209e-13
fashionmnist,greedy_entropy,2,0.9,781,4,1260,2473,0.1884350990699555,0.1884350990699555,0.1884350990699555,0.15,-0.038435099069955514,-3.820834134421325,162,8.164936787373765e-09,8.164936787373765e-09,0.0,1.0,20,1.1676570623054256e-08,1.4379317474615107e-14
fashionmnist,greedy_entropy,2,0.9,782,4,1260,2429,0.17949773569370112,0.17949773569370112,0.17949773569370112,0.15,-0.02949773569370112,-2.9323706235671736,162,5.776483139253471e-07,5.776483139253471e-07,0.0,1.0,20,8.81958304229115e-07,2.77591889944626e-11
fashionmnist,greedy_entropy,2,dep,778,3,1512,2955,0.14754653130287648,0.14754653130287648,0.14754653130287648,0.15,0.002453468697123512,0.2671783875758152,197,0.03020109715366221,0.03020109715366221,0.0,1.0,20,0.028794149952007166,0.00455141491059825
fashionmnist,greedy_entropy,2,dep,779,3,1512,2948,0.14925373134328357,0.14925373134328357,0.14925373134328357,0.15,0.0007462686567164256,0.08126733250504832,197,0.019630490789369882,0.019630490789369882,0.0,1.0,20,0.02077955929977834,0.0021393362812979306
fashionmnist,greedy_entropy,2,dep,780,3,1512,2896,0.15124309392265192,0.15124309392265192,0.15124309392265192,0.15,-0.0012430939226519278,-0.1353707223771917,197,0.011484414348154098,0.011484414348154098,0.0,1.0,20,0.011487805703029477,0.0008402685637134638
fashionmnist,greedy_entropy,2,dep,781,3,1512,2890,0.15155709342560553,0.15155709342560553,0.1508650519031142,0.15,-0.0015570934256055324,-0.16956471107454502,197,0.010517451096888335,0.010517451096888335,0.0,1.0,20,0.01147562912711116,0.0007217588775029062
fashionmnist,greedy_entropy,2,dep,782,3,1512,2884,0.1407766990291262,0.1407766990291262,0.1407766990291262,0.15,0.009223300970873788,1.0044011095041305,197,0.12752880466672167,0.12752880466672167,0.0,1.0,20,0.11953420380897584,0.05285978641971291
fashionmnist,random,0,0.5,778,3,1904,3894,0.0847457627118644,0.0847457627118644,0.08217770929635336,0.15,0.06525423728813559,7.9741995143864335,252,0.9999999999986162,0.9999999999986162,1.0,0.0,20,0.9999999999995949,0.9999999999924809
fashionmnist,random,0,0.5,779,3,1904,3811,0.09472579375491996,0.09472579375491996,0.0910522172658095,0.15,0.05527420624508003,6.754619575911469,252,0.9999999598730825,0.9999999598730825,1.0,0.0,20,0.9999999704205785,0.9999999999935607
fashionmnist,random,0,0.5,780,3,1904,3903,0.09198052779912888,0.09198052779912888,0.08916218293620293,0.15,0.058019472200871114,7.090096617116746,252,0.9999999967190737,0.9999999967190737,1.0,0.0,20,0.9999999983776493,0.9999999999932261
fashionmnist,random,0,0.5,781,3,1904,3881,0.09662458129348106,0.09662458129348106,0.09507858799278536,0.15,0.053375418706518934,6.522583905935599,252,0.99999980118148,0.99999980118148,1.0,0.0,20,0.9999999020994762,0.9999999999917624
fashionmnist,random,0,0.5,782,3,1904,3934,0.09430604982206406,0.09430604982206406,0.09278088459583121,0.15,0.055693950177935936,6.805913131773085,252,0.9999999722288776,0.9999999722288776,1.0,0.0,20,0.9999999869941885,0.9999999999934279
fashionmnist,random,0,0.7,778,4,1397,2779,0.11550917596257647,0.11550917596257647,0.11406980928391508,0.15,0.034490824037423526,3.6103281791672654,181,0.9522243952960344,0.9522243952960344,1.0,0.0,20,0.9510724809910123,0.991209973449966
fashionmnist,random,0,0.7,779,4,1397,2719,0.12688488414858404,0.12688488414858404,0.12283927914674513,0.15,0.023115115851415957,2.4195755379034702,181,0.6367435907004639,0.6367435907004639,0.75,0.25,20,0.6292099420716561,0.6707356273590038
fashionmnist,random,0,0.7,780,4,1397,2810,0.12348754448398576,0.12348754448398576,0.1202846975088968,0.15,0.026512455516014236,2.7751921828404944,181,0.7690386298156778,0.7690386298156778,0.85,0.15,20,0.7687036042556397,0.8542358146787506
fashionmnist,random,0,0.7,781,4,1397,2804,0.13052781740370897,0.13052781740370897,0.12945791726105563,0.15,0.01947218259629102,2.0382513755253084,181,0.47705673006160865,0.47705673006160865,0.55,0.45,20,0.488082573235324,0.46830916165062125
fashionmnist,random,0,0.7,782,4,1397,2740,0.13284671532846715,0.13284671532846715,0.1302919708029197,0.15,0.017153284671532848,1.795520656384383,181,0.37696383452496834,0.37696383452496834,0.35,0.65,20,0.36329657131754395,0.3186694081322647
fashionmnist,random,0,0.9,778,4,1305,2654,0.17068575734740016,0.17068575734740016,0.16955538809344387,0.15,-0.020685757347400163,-2.0927704256233066,168,1.830981466043603e-05,1.830981466043603e-05,0.0,1.0,20,1.6616673698235546e-05,7.856674887543713e-09
fashionmnist,random,0,0.9,779,4,1305,2647,0.1858707971288251,0.1858707971288251,0.18209293539856442,0.15,-0.0358707971288251,-3.629035288097561,168,1.846867287741988e-08,1.846867287741988e-08,0.0,1.0,20,1.8725470254805432e-08,3.82555588263515e-14
fashionmnist,random,0,0.9,780,4,1305,2669,0.18059198201573623,0.18059198201573623,0.17609591607343575,0.15,-0.030591982015736235,-3.0949795140944794,168,2.4169775146998824e-07,2.4169775146998824e-07,0.0,1.0,20,2.0025564313594055e-07,3.2073681743357744e-12
fashionmnist,random,0,0.9,781,4,1305,2727,0.18078474514118079,0.18078474514118079,0.1793179317931793,0.15,-0.03078474514118079,-3.114481288252716,168,2.207341505570271e-07,2.207341505570271e-07,0.0,1.0,20,1.4178667980453148e-07,2.000838704457369e-12
fashionmnist,random,0,0.9,782,4,1305,2642,0.1866010598031794,0.1866010598031794,0.18470855412566237,0.15,-0.0366010598031794,-3.7029156929654707,168,1.2759540403268515e-08,1.2759540403268515e-08,0.0,1.0,20,1.0177525507732256e-08,2.0649320093605798e-14
fashionmnist,random,0,dep,778,4,1460,2852,0.12868162692847124,0.12868162692847124,0.12622720897615708,0.15,0.021318373071528757,2.281263193949315,190,0.5848816075707318,0.5848816075707318,0.5,0.5,20,0.5665892963161152,0.5949170092252059
fashionmnist,random,0,dep,779,4,1460,2804,0.14800285306704708,0.14800285306704708,0.14265335235378032,0.15,0.0019971469329529146,0.21371320296195234,190,0.028121867226298475,0.028121867226298475,0.0,1.0,20,0.02844606081634432,0.0036545008366692896
fashionmnist,random,0,dep,780,4,1460,2863,0.1421585749214111,0.14180929095354522,0.1379671673070206,0.15,0.007841425078588898,0.8391050461438041,190,0.09958286196292354,0.10635946022097259,0.05,0.95,20,0.09710114685982306,0.03376450898263505
fashionmnist,random,0,dep,781,4,1460,2849,0.14426114426114425,0.14426114426114425,0.14250614250614252,0.15,0.0057388557388557415,0.6141106701017864,190,0.06546397784649946,0.06546397784649946,0.05,0.95,20,0.06489002563102031,0.016192520045670903
fashionmnist,random,0,dep,782,4,1460,2831,0.1487107029318262,0.1487107029318262,0.14623807841752032,0.15,0.0012892970681737947,0.137966717151588,190,0.023630898128895905,0.023630898128895905,0.0,1.0,20,0.024213599288223288,0.002702466399647865
fashionmnist,random,1,0.5,778,3,1998,3679,0.08752378363685784,0.08752378363685784,0.08752378363685784,0.15,0.062476216363142156,7.820911469315589,266,0.9999999999944553,0.9999999999944553,1.0,0.0,20,0.9999999999104716,0.9999999999931902
fashionmnist,random,1,0.5,779,3,1998,3764,0.09218916046758767,0.09218916046758767,0.09218916046758767,0.15,0.057810839532412325,7.236889239927511,266,0.999999999100119,0.999999999100119,1.0,0.0,20,0.9999999949551565,0.9999999999918303
fashionmnist,random,1,0.5,780,3,1998,3688,0.09002169197396963,0.09002169197396963,0.08893709327548807,0.15,0.059978308026030366,7.508217758008483,266,0.9999999999070875,0.9999999999070875,1.0,0.0,20,0.9999999991133423,0.9999999999919162
fashionmnist,random,1,0.5,781,3,1998,3725,0.08993288590604027,0.08993288590604027,0.08993288590604027,0.15,0.06006711409395972,7.519334698752405,266,0.99999999991563,0.99999999991563,1.0,0.0,20,0.9999999994858577,0.999999999991893
fashionmnist,random,1,0.5,782,3,1998,3732,0.09271168274383708,0.09271168274383708,0.09271168274383708,0.15,0.057288317256162916,7.171478741322113,266,0.9999999984804534,0.9999999984804534,1.0,0.0,20,0.9999999910461225,0.99999999999274
fashionmnist,random,1,0.7,778,4,1343,2678,0.13928304705003733,0.13928304705003733,0.13928304705003733,0.15,0.010716952949962666,1.099902623690259,174,0.1611942034962157,0.1611942034962157,0.05,0.95,20,0.15227662018433746,0.07296429729063678
fashionmnist,random,1,0.7,779,4,1343,2684,0.13710879284649777,0.13710879284649777,0.13710879284649777,0.15,0.012891207153502227,1.3230507437024,174,0.22346124071357143,0.22346124071357143,0.15,0.85,20,0.2031552904600567,0.12835315795533933
fashionmnist,random,1,0.7,780,4,1343,2684,0.14083457526080476,0.14083457526080476,0.13822652757078988,0.15,0.009165424739195238,0.9406661356959274,174,0.12470814360004916,0.12470814360004916,0.1,0.9,20,0.11100468035398557,0.04679986532435847
fashionmnist,random,1,0.7,781,4,1343,2632,0.14019756838905775,0.14019756838905775,0.13905775075987842,0.15,0.009802431610942242,1.006043443295817,174,0.13889621855648637,0.13889621855648637,0.1,0.9,20,0.13263351225745487,0.054812575624596876
fashionmnist,random,1,0.7,782,4,1343,2711,0.13242345997786795,0.13242345997786795,0.1320545924013279,0.15,0.017576540022132048,1.8039159615613718,174,0.3974034452639974,0.3974034452639974,0.45,0.55,20,0.3756385050854378,0.3367712513033072
fashionmnist,random,1,0.9,778,4,1298,2591,0.18757236588189888,0.18757236588189888,0.18757236588189888,0.15,-0.037572365881898884,-3.790973920078634,167,8.117096974235172e-09,8.117096974235172e-09,0.0,1.0,20,9.363490874680513e-09,1.2520191158763527e-14
fashionmnist,random,1,0.9,779,4,1298,2559,0.1867917155138726,0.1867917155138726,0.1867917155138726,0.15,-0.036791715513872614,-3.7122079143607682,167,1.20894396181434e-08,1.20894396181434e-08,0.0,1.0,20,1.7473481593179332e-08,3.144302851411774e-14
fashionmnist,random,1,0.9,780,4,1298,2613,0.19173363949483352,0.19173363949483352,0.19058553386911595,0.15,-0.041733639494833524,-4.210837811283489,167,9.110547773481766e-10,9.110547773481766e-10,0.0,1.0,20,7.99790055098846e-10,2.3534774560524325e-16
fashionmnist,random,1,0.9,781,4,1298,2602,0.18447348193697155,0.18447348193697155,0.18447348193697155,0.15,-0.034473481936971556,-3.478302946589855,167,3.857988581542778e-08,3.857988581542778e-08,0.0,1.0,20,4.862808687327916e-08,1.751346229124051e-13
fashionmnist,random,1,0.9,782,4,1298,2546,0.18970934799685782,0.18970934799685782,0.18970934799685782,0.15,-0.039709347996857824,-4.006590990639174,167,2.6754189907931116e-09,2.6754189907931116e-09,0.0,1.0,20,4.171559468309593e-09,2.627959901381697e-15
fashionmnist,random,1,dep,778,4,1300,2606,0.14389869531849578,0.1435149654643131,0.14389869531849578,0.15,0.006101304681504216,0.6160831014833978,168,0.06959804528466301,0.07494941607647645,0.0,1.0,20,0.06525157866463319,0.016638912091950512
fashionmnist,random,1,dep,779,4,1300,2627,0.1476969927674153,0.1476969927674153,0.1476969927674153,0.15,0.0023030072325846973,0.23254761279020006,168,0.03138312580867878,0.03138312580867878,0.0,1.0,20,0.02639459076378846,0.004005086018665757
fashionmnist,random,1,dep,780,4,1300,2623,0.15097216927182616,0.15097216927182616,0.1490659550133435,0.15,-0.0009721692718261676,-0.09816540746918737,168,0.014407203983370616,0.014407203983370616,0.0,1.0,20,0.012518012069367092,0.0009760717695539828
fashionmnist,random,1,dep,781,4,1300,2585,0.14468085106382977,0.14468085106382977,0.14468085106382977,0.15,0.0053191489361702204,0.5371044301036192,168,0.05962722903936294,0.05962722903936294,0.0,1.0,20,0.0513787816082699,0.012522025784505177
fashionmnist,random,1,dep,782,4,1300,2592,0.14390432098765432,0.1431327160493827,0.14390432098765432,0.15,0.006095679012345673,0.6155150459798558,168,0.06952189573429642,0.08059510551447167,0.05,0.95,20,0.06472209530506542,0.016506911805848484
fashionmnist,random,2,0.5,778,3,2023,3986,0.08253888610135474,0.08228800802809834,0.08253888610135474,0.15,0.06746111389864526,8.497601424128046,269,0.9999999999999918,0.9999999999999941,1.0,0.0,20,0.9999999999999871,0.9999999999922022
fashionmnist,random,2,0.5,779,3,2023,4002,0.0944527736131934,0.0944527736131934,0.09320339830084957,0.15,0.05554722638680659,6.996892917600782,269,0.9999999923891015,0.9999999923891015,1.0,0.0,20,0.9999999906447361,0.9999999999917901
fashionmnist,random,2,0.5,780,3,2023,4005,0.09313358302122347,0.09313358302122347,0.09288389513108614,0.15,0.05686641697877652,7.163062066095158,269,0.9999999978747327,0.9999999978747327,1.0,0.0,20,0.9999999972233138,0.9999999999927501
fashionmnist,random,2,0.5,781,3,2023,3991,0.08995239288398897,0.08995239288398897,0.08895013781007266,0.15,0.06004760711601102,7.563774184208121,269,0.9999999999226863,0.9999999999226863,1.0,0.0,20,0.9999999998774028,0.9999999999930693
fashionmnist,random,2,0.5,782,3,2023,4037,0.080009908347783,0.080009908347783,0.080009908347783,0.15,0.06999009165221699,8.816158941465021,269,0.9999999999999998,0.9999999999999998,1.0,0.0,20,0.9999999999999999,0.999999999991975
fashionmnist,random,2,0.7,778,4,1456,2869,0.12617636807249913,0.12617636807249913,0.12617636807249913,0.15,0.023823631927500866,2.54585442037775,189,0.6788579878154479,0.6788579878154479,0.65,0.35,20,0.6737747282122111,0.7440957915071545
fashionmnist,random,2,0.7,779,4,1456,2937,0.12802179094313926,0.12802179094313926,0.12802179094313926,0.15,0.021978209056860737,2.3486477985250165,189,0.5995965307196858,0.5995965307196858,0.55,0.45,20,0.6130640790285318,0.6545642931708232
fashionmnist,random,2,0.7,780,4,1456,2900,0.1306896551724138,0.1306896551724138,0.1306896551724138,0.15,0.0193103448275862,2.063552983354291,189,0.47949680204538236,0.47949680204538236,0.35,0.65,20,0.5038290094307278,0.4785399013423548
fashionmnist,random,2,0.7,781,4,1456,2900,0.13241379310344828,0.13241379310344828,0.13241379310344828,0.15,0.017586206896551715,1.8793071812690858,189,0.40290572074795966,0.40290572074795966,0.3,0.7,20,0.426798549312761,0.3717313065134763
fashionmnist,random,2,0.7,782,4,1456,2850,0.1280701754385965,0.1280701754385965,0.12771929824561404,0.15,0.021929824561403494,2.343477307224092,189,0.5974540816270263,0.5974540816270263,0.6,0.4,20,0.5975717821420095,0.6319722307804818
fashionmnist,random,2,0.9,778,4,1339,2530,0.19288537549407114,0.19288537549407114,0.19288537549407114,0.15,-0.04288537549407115,-4.394853605687982,173,3.7585622271060996e-10,3.7585622271060996e-10,0.0,1.0,20,9.028260817731824e-10,1.6811814928301936e-16
fashionmnist,random,2,0.9,779,4,1339,2596,0.19491525423728814,0.19491525423728814,0.19491525423728814,0.15,-0.04491525423728815,-4.6028737013723475,173,1.1961975948688026e-10,1.1961975948688026e-10,0.0,1.0,20,1.59373534609447e-10,1.342841693263014e-17
fashionmnist,random,2,0.9,780,4,1339,2546,0.19638648860958366,0.19638648860958366,0.19638648860958366,0.15,-0.046386488609583665,-4.753644438748518,173,5.134705296070158e-11,5.134705296070158e-11,0.0,1.0,20,1.1755345377076252e-10,5.373507684105921e-18
fashionmnist,random,2,0.9,781,4,1339,2562,0.195160031225605,0.19476971116315378,0.195160031225605,0.15,-0.045160031225604996,-4.627958220682257,173,1.0401505812414176e-10,1.299638938490845e-10,0.0,1.0,20,2.0030877802430674e-10,1.4766060104286338e-17
fashionmnist,random,2,0.9,782,4,1339,2548,0.19113029827315542,0.19113029827315542,0.19113029827315542,0.15,-0.041130298273155425,-4.214994915779375,173,9.906588813890223e-10,9.906588813890223e-10,0.0,1.0,20,1.8499944525723527e-09,7.156647825848179e-16
fashionmnist,random,2,dep,778,4,1359,2505,0.1532934131736527,0.1532934131736527,0.1532934131736527,0.15,-0.0032934131736526984,-0.3400171746725288,176,0.007323833287576335,0.007323833287576335,0.0,1.0,20,0.007490781869319033,0.00033985499688762573
fashionmnist,random,2,dep,779,4,1359,2580,0.14883720930232558,0.14883720930232558,0.14883720930232558,0.15,0.0011627906976744151,0.1200483470831122,176,0.02322394273829701,0.02322394273829701,0.0,1.0,20,0.021483430998985552,0.0024817730023084083
fashionmnist,random,2,dep,780,4,1359,2559,0.1551387260648691,0.1551387260648691,0.1551387260648691,0.15,-0.0051387260648690924,-0.5305301903723801,176,0.00433078842977875,0.00433078842977875,0.0,1.0,20,0.004565001872839706,0.0001337418263284819
fashionmnist,random,2,dep,781,4,1359,2543,0.16044042469524183,0.16004718836020448,0.1588674793550924,0.15,-0.01044042469524184,-1.0778859256581632,176,0.0008224063508494635,0.0009373815402320866,0.0,1.0,20,0.0009624915751061495,7.684187800586686e-06
fashionmnist,random,2,dep,782,4,1359,2543,0.15218246165945734,0.15218246165945734,0.15218246165945734,0.15,-0.0021824616594573465,-0.22532078671950434,176,0.009915396317397069,0.009915396317397069,0.0,1.0,20,0.010435645341821568,0.0005660163849813713
image-imagenette,greedy_entropy,0,0.5,778,2,423,811,0.04562268803945746,0.04562268803945746,0.04562268803945746,0.1,0.054377311960542546,3.7279206889973615,29,0.9876142617690555,0.9876142617690555,1.0,0.0,20,0.9788752921678405,0.999258716229384
image-imagenette,greedy_entropy,0,0.5,779,2,423,797,0.043914680050188205,0.043914680050188205,0.043914680050188205,0.1,0.0560853199498118,3.8450158172889166,29,0.9924210985365352,0.9924210985365352,1.0,0.0,20,0.9893790563908433,0.9996830827892434
image-imagenette,greedy_entropy,0,0.5,780,2,423,826,0.048426150121065374,0.048426150121065374,0.048426150121065374,0.1,0.05157384987893463,3.53572501182911,29,0.9745978812452342,0.9745978812452342,1.0,0.0,20,0.9691809519859286,0.9971856205788072
image-imagenette,greedy_entropy,0,0.5,781,2,423,812,0.04064039408866995,0.04064039408866995,0.04064039408866995,0.1,0.059359605911330056,4.069489553440028,29,0.9974000241994405,0.9974000241994405,1.0,0.0,20,0.9948642545389584,0.9999819095604546
image-imagenette,greedy_entropy,0,0.5,782,2,423,812,0.03694581280788178,0.03694581280788178,0.03694581280788178,0.1,0.06305418719211822,4.322777284981938,29,0.9993848167670761,0.9993848167670761,1.0,0.0,20,0.9986176333681549,0.9999996644447533
image-imagenette,greedy_entropy,0,0.7,778,2,256,480,0.07083333333333333,0.07083333333333333,0.06875,0.1,0.029166666666666674,1.5555555555555558,15,0.2674163177105784,0.2674163177105784,0.2,0.8,20,0.27198541341814236,0.1695435732060241
image-imagenette,greedy_entropy,0,0.7,779,2,256,462,0.07142857142857142,0.07142857142857142,0.07142857142857142,0.1,0.02857142857142858,1.5238095238095242,15,0.25560853435781505,0.25560853435781505,0.05,0.95,20,0.2261891667327781,0.1468558620901413
image-imagenette,greedy_entropy,0,0.7,780,2,256,516,0.07364341085271318,0.07364341085271318,0.07364341085271318,0.1,0.02635658914728682,1.4056847545219637,15,0.21464195539516634,0.21464195539516634,0.15,0.85,20,0.2048540561422716,0.13676851579313803
image-imagenette,greedy_entropy,0,0.7,781,2,256,485,0.061855670103092786,0.061855670103092786,0.061855670103092786,0.1,0.03814432989690722,2.0343642611683848,15,0.4805123535769563,0.4805123535769563,0.35,0.65,20,0.46563514518475735,0.4261963775437993
image-imagenette,greedy_entropy,0,0.7,782,2,256,485,0.05154639175257732,0.05154639175257732,0.049484536082474224,0.1,0.04845360824742269,2.584192439862543,15,0.750438693717759,0.750438693717759,0.95,0.05,20,0.7315147874871295,0.7915545401368931
image-imagenette,greedy_entropy,0,0.9,778,4,245,442,0.09276018099547512,0.09276018099547512,0.09276018099547512,0.1,0.007239819004524889,0.37773697357462516,14,0.028963408346285885,0.028963408346285885,0.0,1.0,20,0.025472445606530676,0.005471694573257407
image-imagenette,greedy_entropy,0,0.9,779,4,245,453,0.08830022075055188,0.08830022075055188,0.08830022075055188,0.1,0.011699779249448122,0.6104350402151743,14,0.047828785505351905,0.047828785505351905,0.0,1.0,20,0.05881194008634902,0.012155445653581651
image-imagenette,greedy_entropy,0,0.9,780,4,245,479,0.08768267223382047,0.08768267223382047,0.08768267223382047,0.1,0.01231732776617954,0.6426555843475386,14,0.051138608932078375,0.051138608932078375,0.0,1.0,20,0.061679173496778705,0.014487070785452125
image-imagenette,greedy_entropy,0,0.9,781,4,245,442,0.07918552036199095,0.07918552036199095,0.07692307692307693,0.1,0.02081447963800906,1.0859937990270476,14,0.12013925128115088,0.12013925128115088,0.0,1.0,20,0.10202788921372394,0.0483626113239133
image-imagenette,greedy_entropy,0,0.9,782,4,245,453,0.0728476821192053,0.0728476821192053,0.0728476821192053,0.1,0.02715231788079471,1.4166699989899332,14,0.20837867838338986,0.20837867838338986,0.1,0.9,20,0.22870937472900144,0.11890381724120246
image-imagenette,greedy_entropy,0,dep,778,3,272,498,0.0783132530120482,0.0783132530120482,0.07630522088353414,0.1,0.02168674698795181,1.1922233134316127,16,0.13755508373073008,0.13755508373073008,0.0,1.0,20,0.17334317884464234,0.06793575013384033
image-imagenette,greedy_entropy,0,dep,779,3,272,491,0.07331975560081466,0.07331975560081466,0.07331975560081466,0.1,0.026680244399185343,1.4667395436684687,16,0.2149735899268544,0.2149735899268544,0.2,0.8,20,0.19572860528086128,0.13055283090729375
image-imagenette,greedy_entropy,0,dep,780,3,272,543,0.07918968692449356,0.07918968692449356,0.07918968692449356,0.1,0.020810313075506445,1.144041585499805,16,0.12647980183910995,0.12647980183910995,0.0,1.0,20,0.12647980183910995,0.06880182456090239
image-imagenette,greedy_entropy,0,dep,781,3,272,494,0.06680161943319839,0.06680161943319839,0.06477732793522267,0.1,0.03319838056680162,1.8250723956850101,16,0.3536127646364711,0.3536127646364711,0.35,0.65,20,0.31499651897968656,0.27896355413214574
image-imagenette,greedy_entropy,0,dep,782,3,272,509,0.06286836935166994,0.06286836935166994,0.06286836935166994,0.1,0.03713163064833007,2.041301802859824,16,0.45468274913926515,0.45468274913926515,0.45,0.55,20,0.46672637003221173,0.422748914669914
image-imagenette,greedy_entropy,1,0.5,778,3,263,482,0.058091286307053944,0.058091286307053944,0.04979253112033195,0.1,0.04190871369294606,2.265483746560045,16,0.6393702726621296,0.6393702726621296,0.6,0.4,20,0.5704683498964939,0.5584066447531382
image-imagenette,greedy_entropy,1,0.5,779,3,263,467,0.044967880085653104,0.042826552462526764,0.03640256959314775,0.1,0.0550321199143469,2.974903360626911,16,0.9127560867507747,0.9380632951507909,1.0,0.0,20,0.8282921784466082,0.92576449212028
image-imagenette,greedy_entropy,1,0.5,780,3,263,473,0.040169133192389,0.040169133192389,0.040169133192389,0.1,0.059830866807611,3.2343120165498243,16,0.9617698858672655,0.9617698858672655,1.0,0.0,20,0.9037927790714358,0.981834505818485
image-imagenette,greedy_entropy,1,0.5,781,3,263,462,0.049783549783549784,0.049783549783549784,0.045454545454545456,0.1,0.05021645021645022,2.7145798987969916,16,0.8342286467886051,0.8342286467886051,0.9,0.1,20,0.7369400938411689,0.8101211302919713
image-imagenette,greedy_entropy,1,0.5,782,3,263,450,0.051111111111111114,0.04666666666666667,0.044444444444444446,0.1,0.04888888888888889,2.642815142851784,16,0.8074829982590184,0.8884792196635568,0.8,0.2,20,0.7370487297790899,0.7508617328601921
image-imagenette,greedy_entropy,1,0.7,778,3,266,547,0.07312614259597806,0.07312614259597806,0.062157221206581355,0.1,0.026873857404021942,1.4609978337928786,16,0.2490070096959173,0.2490070096959173,0.15,0.85,20,0.28550076123220275,0.16176297211919932
image-imagenette,greedy_entropy,1,0.7,779,3,266,540,0.05555555555555555,0.05555555555555555,0.053703703703703705,0.1,0.04444444444444445,2.4162231748592733,16,0.6886654000829657,0.6886654000829657,0.95,0.05,20,0.6669334572220522,0.7367575716683967
image-imagenette,greedy_entropy,1,0.7,780,3,266,561,0.05525846702317291,0.05525846702317291,0.05525846702317291,0.1,0.0447415329768271,2.4323743992901505,16,0.6962762369141485,0.6962762369141485,0.8,0.2,20,0.7116220588696567,0.7726517233619503
image-imagenette,greedy_entropy,1,0.7,781,3,266,522,0.06896551724137931,0.06704980842911877,0.06704980842911877,0.1,0.031034482758620696,1.6871903203758718,16,0.3380147737915077,0.38396957849219315,0.1,0.9,20,0.27819246068054904,0.24386648089010043
image-imagenette,greedy_entropy,1,0.7,782,3,266,549,0.058287795992714025,0.052823315118397086,0.056466302367941715,0.1,0.04171220400728598,2.2676848649293997,16,0.6165092077174101,0.7561707363269659,0.8,0.2,20,0.6650145400459269,0.6494790046248189
image-imagenette,greedy_entropy,1,0.9,778,3,281,515,0.0912621359223301,0.0912621359223301,0.08737864077669903,0.1,0.00873786407766991,0.48824430915262784,17,0.04003150565605285,0.04003150565605285,0.05,0.95,20,0.03494729585759128,0.00829454760179459
image-imagenette,greedy_entropy,1,0.9,779,3,281,527,0.06641366223908918,0.06641366223908918,0.06641366223908918,0.1,0.03358633776091083,1.8766987139282214,17,0.40288077944293527,0.40288077944293527,0.55,0.45,20,0.41240911314007245,0.3232604044225206
image-imagenette,greedy_entropy,1,0.9,780,3,281,534,0.07865168539325842,0.07865168539325842,0.07865168539325842,0.1,0.02134831460674158,1.192876545582637,17,0.15327762766187938,0.15327762766187938,0.15,0.85,20,0.15238787922641545,0.07253845344762663
image-imagenette,greedy_entropy,1,0.9,781,3,281,526,0.08365019011406843,0.08365019011406843,0.0817490494296578,0.1,0.01634980988593157,0.9135758535010513,17,0.09364229732806048,0.09364229732806048,0.05,0.95,20,0.10671026306668249,0.03237428745425689
image-imagenette,greedy_entropy,1,0.9,782,3,281,526,0.07604562737642585,0.0741444866920152,0.07604562737642585,0.1,0.023954372623574152,1.3384948551294467,17,0.19390529924798827,0.22795069507182653,0.15,0.85,20,0.21086486320025005,0.102636260985666
image-imagenette,greedy_entropy,1,dep,778,3,268,518,0.07722007722007722,0.07722007722007722,0.0694980694980695,0.1,0.022779922779922787,1.243078027131209,16,0.16886973589119744,0.16886973589119744,0.05,0.95,20,0.1462316899058279,0.08482685935304944
image-imagenette,greedy_entropy,1,dep,779,3,268,530,0.0660377358490566,0.0660377358490566,0.0660377358490566,0.1,0.0339622641509434,1.8532874200465927,16,0.3968365970699025,0.3968365970699025,0.55,0.45,20,0.4156096877279022,0.33848760196797045
image-imagenette,greedy_entropy,1,dep,780,3,268,539,0.06679035250463822,0.06679035250463822,0.06679035250463822,0.1,0.03320964749536179,1.8122178678604437,16,0.37804132508885735,0.37804132508885735,0.3,0.7,20,0.36586681556440453,0.32328416035407503
image-imagenette,greedy_entropy,1,dep,781,3,268,527,0.07210626185958255,0.07210626185958255,0.07020872865275142,0.1,0.027893738140417457,1.5221339120370019,16,0.2584800271550073,0.2584800271550073,0.1,0.9,20,0.28048789312448175,0.1721463695559916
image-imagenette,greedy_entropy,1,dep,782,3,268,553,0.06329113924050633,0.06148282097649186,0.06148282097649186,0.1,0.03670886075949367,2.003166501133342,16,0.46834988356055374,0.5172233272292486,0.4,0.6,20,0.5175676085001643,0.4617683870386543
image-imagenette,greedy_entropy,2,0.5,778,3,272,525,0.04,0.04,0.0380952380952381,0.1,0.060000000000000005,3.298484500494128,16,0.9519436286148374,0.9519436286148374,1.0,0.0,20,0.9641166770894863,0.993427112090415
image-imagenette,greedy_entropy,2,0.5,779,3,272,530,0.03773584905660377,0.03773584905660377,0.033962264150943396,0.1,0.06226415094339623,3.422955613720322,16,0.9694986452816489,0.9694986452816489,1.0,0.0,20,0.975408168849355,0.9979328606039467
image-imagenette,greedy_entropy,2,0.5,780,3,272,543,0.034990791896869246,0.034990791896869246,0.03130755064456722,0.1,0.06500920810313077,3.5738644219595685,16,0.9837854247025352,0.9837854247025352,1.0,0.0,20,0.9837854247025352,0.9997159306366639
image-imagenette,greedy_entropy,2,0.5,781,3,272,549,0.04189435336976321,0.04189435336976321,0.04189435336976321,0.1,0.0581056466302368,3.1943429133504155,16,0.9325062069814765,0.9325062069814765,0.95,0.05,20,0.9584211857728907,0.990748068889983
image-imagenette,greedy_entropy,2,0.5,782,3,272,558,0.035842293906810034,0.035842293906810034,0.035842293906810034,0.1,0.06415770609318996,3.527053318927413,16,0.980071774529519,0.980071774529519,1.0,0.0,20,0.9873007314170514,0.999669535492454
image-imagenette,greedy_entropy,2,0.7,778,3,274,469,0.05970149253731343,0.05970149253731343,0.057569296375266525,0.1,0.040298507462686574,2.2235299733615173,17,0.6275026645407187,0.6275026645407187,0.4,0.6,20,0.46442963273709026,0.47847350031016156
image-imagenette,greedy_entropy,2,0.7,779,3,274,477,0.05450733752620545,0.05450733752620545,0.05450733752620545,0.1,0.045492662473794555,2.510125186947985,17,0.7592790085572775,0.7592790085572775,0.55,0.45,20,0.6809114404753499,0.680965405728394
image-imagenette,greedy_entropy,2,0.7,780,3,274,496,0.046370967741935484,0.046370967741935484,0.046370967741935484,0.1,0.05362903225806452,2.9590614684325685,17,0.9109996607097965,0.9109996607097965,0.9,0.1,20,0.8201886576570194,0.9268121744307473
image-imagenette,greedy_entropy,2,0.7,781,3,274,498,0.05421686746987952,0.05421686746987952,0.05421686746987952,0.1,0.045783132530120486,2.5261523035155835,17,0.7660289082282561,0.7660289082282561,0.65,0.35,20,0.7218197861285347,0.7244768119994328
image-imagenette,greedy_entropy,2,0.7,782,3,274,468,0.057692307692307696,0.057692307692307696,0.057692307692307696,0.1,0.04230769230769231,2.3343897298681453,17,0.6805261360181298,0.6805261360181298,0.5,0.5,20,0.5166363460286362,0.5499731770440396
image-imagenette,greedy_entropy,2,0.9,778,3,272,465,0.07526881720430108,0.07526881720430108,0.07311827956989247,0.1,0.024731182795698928,1.3595903855083324,16,0.1817751966619424,0.1817751966619424,0.15,0.85,20,0.16187776037714324,0.09135913733453024
image-imagenette,greedy_entropy,2,0.9,779,3,272,468,0.05982905982905983,0.05982905982905983,0.05982905982905983,0.1,0.040170940170940174,2.208387058735385,16,0.5380297918083952,0.5380297918083952,0.45,0.55,20,0.4611632893132177,0.4723403908544357
image-imagenette,greedy_entropy,2,0.9,780,3,272,478,0.058577405857740586,0.058577405857740586,0.058577405857740586,0.1,0.04142259414225942,2.277196412475026,16,0.5728380474580864,0.5728380474580864,0.8,0.2,20,0.570468898088872,0.5338698595747755
image-imagenette,greedy_entropy,2,0.9,781,3,272,474,0.07383966244725738,0.07383966244725738,0.07383966244725738,0.1,0.02616033755274262,1.4381577990902672,16,0.20573755485585316,0.20573755485585316,0.15,0.85,20,0.23285870167298273,0.11418482880039174
image-imagenette,greedy_entropy,2,0.9,782,3,272,477,0.07337526205450734,0.07337526205450734,0.07337526205450734,0.1,0.026624737945492666,1.463688090715424,16,0.21397429460714518,0.21397429460714518,0.25,0.75,20,0.23563146727678097,0.1226458176107845
image-imagenette,greedy_entropy,2,dep,778,3,259,458,0.07423580786026202,0.07423580786026202,0.06986899563318777,0.1,0.02576419213973799,1.382118106879816,15,0.19030617186677917,0.19030617186677917,0.1,0.9,20,0.19074704168698633,0.10173961316644216
image-imagenette,greedy_entropy,2,dep,779,3,259,454,0.06387665198237885,0.06387665198237885,0.06387665198237885,0.1,0.036123348017621154,1.9378342276554315,15,0.4089409667232207,0.4089409667232207,0.3,0.7,20,0.40747111461207786,0.3188770977018321
image-imagenette,greedy_entropy,2,dep,780,3,259,479,0.05845511482254697,0.05845511482254697,0.05845511482254697,0.1,0.041544885177453035,2.228672171848842,15,0.5533573751406715,0.5533573751406715,0.8,0.2,20,0.5672762069424505,0.5400178575341763
image-imagenette,greedy_entropy,2,dep,781,3,259,465,0.07096774193548387,0.07096774193548387,0.07096774193548387,0.1,0.029032258064516134,1.5574332522030079,15,0.2485338147053725,0.2485338147053725,0.25,0.75,20,0.22889960848161364,0.1570647506395572
image-imagenette,greedy_entropy,2,dep,782,3,259,460,0.07173913043478261,0.07173913043478261,0.07173913043478261,0.1,0.028260869565217395,1.5160521754536527,15,0.23384144817670943,0.23384144817670943,0.35,0.65,20,0.2261460287735908,0.14030233669163591
image-imagenette,random,0,0.5,778,2,243,482,0.04979253112033195,0.04979253112033195,0.04979253112033195,0.1,0.05020746887966806,2.60885661057055,14,0.7674684650349599,0.7674684650349599,0.9,0.1,20,0.7767117257288679,0.8374853730372078
image-imagenette,random,0,0.5,779,2,243,483,0.049689440993788817,0.049689440993788817,0.049689440993788817,0.1,0.05031055900621119,2.614213330678492,14,0.7697985564526444,0.7697985564526444,0.9,0.1,20,0.7744104745339722,0.84153085797733
image-imagenette,random,0,0.5,780,2,243,509,0.06679764243614932,0.06679764243614932,0.06286836935166994,0.1,0.03320235756385069,1.725245106949746,14,0.33927561164599757,0.33927561164599757,0.15,0.85,20,0.3682551541514445,0.29371209585335695
image-imagenette,random,0,0.5,781,2,243,505,0.05742574257425743,0.05742574257425743,0.053465346534653464,0.1,0.04257425742574258,2.2122233086770806,14,0.5754396833506509,0.5754396833506509,0.4,0.6,20,0.6237184611599237,0.6194535643943422
image-imagenette,random,0,0.5,782,2,243,459,0.05010893246187364,0.05010893246187364,0.04793028322440087,0.1,0.04989106753812637,2.592415914596555,14,0.760255506419633,0.760255506419633,0.85,0.15,20,0.734402445070246,0.7962052270465851
image-imagenette,random,0,0.7,778,3,250,538,0.05018587360594796,0.05018587360594796,0.05018587360594796,0.1,0.04981412639405205,2.6254349842785802,15,0.807471263202604,0.807471263202604,0.95,0.05,20,0.8027384944751265,0.8887472195738286
image-imagenette,random,0,0.7,779,3,250,507,0.0670611439842209,0.0670611439842209,0.0670611439842209,0.1,0.0329388560157791,1.736030142170018,15,0.3872660082657706,0.3872660082657706,0.3,0.7,20,0.3620028236738973,0.28407102608904033
image-imagenette,random,0,0.7,780,3,250,550,0.06363636363636363,0.06363636363636363,0.06,0.1,0.036363636363636376,1.9165319152535636,15,0.47279598656813815,0.47279598656813815,0.45,0.55,20,0.5144332412353574,0.4453003535176467
image-imagenette,random,0,0.7,781,3,250,525,0.06476190476190476,0.06476190476190476,0.06095238095238095,0.1,0.03523809523809525,1.8572106893052391,15,0.444037003648446,0.444037003648446,0.25,0.75,20,0.46771923882471156,0.3757211147352293
image-imagenette,random,0,0.7,782,3,250,489,0.04703476482617587,0.04703476482617587,0.044989775051124746,0.1,0.052965235173824135,2.7915129992624754,15,0.8666840071078139,0.8666840071078139,0.95,0.05,20,0.8222106593881562,0.9088366990743842
image-imagenette,random,0,0.9,778,3,254,459,0.0915032679738562,0.0915032679738562,0.0915032679738562,0.1,0.008496732026143802,0.4513854179882793,15,0.039927352926846224,0.039927352926846224,0.0,1.0,20,0.035754192900145074,0.007103453262105226
image-imagenette,random,0,0.9,779,3,254,455,0.08791208791208792,0.08791208791208792,0.08351648351648351,0.1,0.012087912087912087,0.6421653917787599,15,0.05923160599053612,0.05923160599053612,0.0,1.0,20,0.05662368360334861,0.013046700804242983
image-imagenette,random,0,0.9,780,3,254,479,0.09812108559498957,0.09812108559498957,0.09812108559498957,0.1,0.0018789144050104373,0.09981656023283433,15,0.018254379164823628,0.018254379164823628,0.0,1.0,20,0.019350351190865756,0.002134709993708077
image-imagenette,random,0,0.9,781,3,254,454,0.0881057268722467,0.0881057268722467,0.0881057268722467,0.1,0.011894273127753305,0.6318784011215112,15,0.05801817816714504,0.05801817816714504,0.0,1.0,20,0.05770634301919467,0.012594513719961127
image-imagenette,random,0,0.9,782,3,254,416,0.08173076923076923,0.08173076923076923,0.08173076923076923,0.1,0.018269230769230774,0.9705454216656261,15,0.11069908778352641,0.11069908778352641,0.05,0.95,20,0.07583433127297681,0.02976878906735666
image-imagenette,random,0,dep,778,3,243,496,0.08266129032258064,0.08266129032258064,0.08266129032258064,0.1,0.017338709677419364,0.9009457829692954,14,0.09186466537362087,0.09186466537362087,0.0,1.0,20,0.07784779124892316,0.03490545171181932
image-imagenette,random,0,dep,779,3,243,488,0.07581967213114754,0.07581967213114754,0.07581967213114754,0.1,0.024180327868852464,1.256446692375784,14,0.17130713919672025,0.17130713919672025,0.05,0.95,20,0.16686735764076446,0.09291188389949621
image-imagenette,random,0,dep,780,3,243,512,0.080078125,0.080078125,0.080078125,0.1,0.019921875000000006,1.035170990461087,14,0.11741024210970771,0.11741024210970771,0.05,0.95,20,0.12200769271037547,0.05471019070255906
image-imagenette,random,0,dep,781,3,243,488,0.07991803278688525,0.07991803278688525,0.07991803278688525,0.1,0.020081967213114754,1.0434896258714137,14,0.11916209019280355,0.11916209019280355,0.1,0.9,20,0.11562790871239731,0.051799983776346294
image-imagenette,random,0,dep,782,3,243,464,0.0668103448275862,0.0668103448275862,0.0668103448275862,0.1,0.033189655172413804,1.7245850713293567,14,0.3389891187446435,0.3389891187446435,0.25,0.75,20,0.30936228453554193,0.24844429017158923
image-imagenette,random,1,0.5,778,2,418,847,0.04132231404958678,0.04132231404958678,0.04014167650531287,0.1,0.05867768595041323,3.998893744679124,28,0.9948474702824126,0.9948474702824126,1.0,0.0,20,0.9965887424064825,0.9999850477815053
image-imagenette,random,1,0.5,779,2,418,837,0.03225806451612903,0.03225806451612903,0.03225806451612903,0.1,0.06774193548387097,4.616623809736327,28,0.9998784040805052,0.9998784040805052,1.0,0.0,20,0.9998784040805052,0.9999999999700924
image-imagenette,random,1,0.5,780,2,418,832,0.042067307692307696,0.042067307692307696,0.039663461538461536,0.1,0.05793269230769231,3.9481223079830694,28,0.9934727901335159,0.9934727901335159,1.0,0.0,20,0.9938764895011791,0.9999599513538158
image-imagenette,random,1,0.5,781,2,418,855,0.03391812865497076,0.03391812865497076,0.03391812865497076,0.1,0.06608187134502924,4.503490171402492,28,0.9997224028129965,0.9997224028129965,1.0,0.0,20,0.9998146998876037,0.999999999537571
image-imagenette,random,1,0.5,782,2,418,815,0.025766871165644172,0.025766871165644172,0.020858895705521473,0.1,0.07423312883435583,5.058999681659643,28,0.9999978860878229,0.9999978860878229,1.0,0.0,20,0.9999986904287342,0.9999999999972697
image-imagenette,random,1,0.7,778,3,259,515,0.06019417475728155,0.06019417475728155,0.05825242718446602,0.1,0.03980582524271845,2.135380435329043,15,0.50599876618507,0.50599876618507,0.55,0.45,20,0.5122906186562357,0.5294145358276836
image-imagenette,random,1,0.7,779,3,259,518,0.05019305019305019,0.05019305019305019,0.04826254826254826,0.1,0.049806949806949816,2.6718899938051606,15,0.7682292118595687,0.7682292118595687,0.9,0.1,20,0.7682292118595687,0.8691364019977311
image-imagenette,random,1,0.7,780,3,259,525,0.05714285714285714,0.05714285714285714,0.05714285714285714,0.1,0.042857142857142864,2.2990681342044406,15,0.5892083982989926,0.5892083982989926,0.55,0.45,20,0.6698353644059958,0.6589943183459703
image-imagenette,random,1,0.7,781,3,259,533,0.058161350844277676,0.058161350844277676,0.058161350844277676,0.1,0.04183864915572233,2.244431117881883,15,0.5613873101116296,0.5613873101116296,0.6,0.4,20,0.619913893390839,0.6322705309361303
image-imagenette,random,1,0.7,782,3,259,523,0.0497131931166348,0.04780114722753346,0.04780114722753346,0.1,0.050286806883365204,2.69763188978354,15,0.7792577436154631,0.820712153935365,0.9,0.1,20,0.8392313037114776,0.8852451185429264
image-imagenette,random,1,0.9,778,3,263,606,0.07425742574257425,0.07425742574257425,0.07425742574257425,0.1,0.02574257425742575,1.391581330844549,16,0.2432218464151474,0.2432218464151474,0.3,0.7,20,0.2612733087339929,0.16751742431701952
image-imagenette,random,1,0.9,779,3,263,584,0.059931506849315065,0.059931506849315065,0.059931506849315065,0.1,0.04006849315068494,2.1660058728385185,16,0.5903353600976934,0.5903353600976934,0.85,0.15,20,0.6104227118506831,0.6312998234784426
image-imagenette,random,1,0.9,780,3,263,606,0.06435643564356436,0.06435643564356436,0.0627062706270627,0.1,0.03564356435643565,1.9268049196309136,16,0.47191333110403166,0.47191333110403166,0.45,0.55,20,0.5136463611719453,0.48404274225720434
image-imagenette,random,1,0.9,781,3,263,602,0.06976744186046512,0.06976744186046512,0.06976744186046512,0.1,0.03023255813953489,1.634299004829063,16,0.3375791757419065,0.3375791757419065,0.3,0.7,20,0.3782384417398498,0.2846498307427563
image-imagenette,random,1,0.9,782,3,263,583,0.05660377358490566,0.05660377358490566,0.0548885077186964,0.1,0.043396226415094344,2.3458950882089162,16,0.678113865467151,0.678113865467151,0.85,0.15,20,0.701007018245575,0.7533314948206367
image-imagenette,random,1,dep,778,3,245,517,0.07543520309477757,0.07543520309477757,0.07543520309477757,0.1,0.02456479690522244,1.2816663004495892,14,0.16798925392817274,0.16798925392817274,0.15,0.85,20,0.17594837324667947,0.10831039438129486
image-imagenette,random,1,dep,779,3,245,494,0.06072874493927125,0.06072874493927125,0.06072874493927125,0.1,0.03927125506072875,2.048974570475516,14,0.47529320522621554,0.47529320522621554,0.65,0.35,20,0.4624298822297157,0.47969929734872035
image-imagenette,random,1,dep,780,3,245,515,0.06407766990291262,0.06407766990291262,0.062135922330097085,0.1,0.03592233009708738,1.8742446801697266,14,0.3905730156435836,0.3905730156435836,0.25,0.75,20,0.41010077622766195,0.38766760364888364
image-imagenette,random,1,dep,781,3,245,527,0.07020872865275142,0.07020872865275142,0.07020872865275142,0.1,0.029791271347248585,1.5543571836004233,14,0.25602758542221765,0.25602758542221765,0.25,0.75,20,0.32154672733050826,0.2156442601323499
image-imagenette,random,1,dep,782,3,245,508,0.05708661417322835,0.05708661417322835,0.05708661417322835,0.1,0.042913385826771656,2.2390024499112067,14,0.5719713016338848,0.5719713016338848,0.65,0.35,20,0.6207080211279485,0.6365245746419569
image-imagenette,random,2,0.5,778,2,277,488,0.05327868852459016,0.05327868852459016,0.05327868852459016,0.1,0.046721311475409845,2.5919919882358324,17,0.7741027221963858,0.7741027221963858,0.8,0.2,20,0.677990240778376,0.7409251943002195
image-imagenette,random,2,0.5,779,2,277,490,0.036734693877551024,0.036734693877551024,0.0326530612244898,0.1,0.06326530612244899,3.5098151448291866,17,0.9851241251163726,0.9851241251163726,1.0,0.0,20,0.9615235267694295,0.9967887635097639
image-imagenette,random,2,0.5,780,2,277,490,0.04081632653061224,0.04081632653061224,0.036734693877551024,0.1,0.059183673469387764,3.283375458066013,17,0.9631723578998685,0.9631723578998685,1.0,0.0,20,0.9208700944504102,0.9832045857920658
image-imagenette,random,2,0.5,781,2,277,474,0.052742616033755275,0.052742616033755275,0.04852320675105485,0.1,0.04725738396624473,2.621732069528049,17,0.7862708519283437,0.7862708519283437,0.7,0.3,20,0.7290546463387424,0.7366479109098524
image-imagenette,random,2,0.5,782,2,277,503,0.05168986083499006,0.05168986083499006,0.04970178926441352,0.1,0.048310139165009945,2.6801365311024896,17,0.8092383924688905,0.8092383924688905,0.7,0.3,20,0.7660394665012806,0.8119237967298969
image-imagenette,random,2,0.7,778,3,266,557,0.05745062836624776,0.05745062836624776,0.05745062836624776,0.1,0.04254937163375225,2.3131975008863686,16,0.6389574917743599,0.6389574917743599,0.85,0.15,20,0.6649297081071861,0.6910950165787082
image-imagenette,random,2,0.7,779,3,266,550,0.04181818181818182,0.04181818181818182,0.04,0.1,0.05818181818181819,3.163055792543048,16,0.9434138074100904,0.9434138074100904,1.0,0.0,20,0.9577989646706189,0.991169771739087
image-imagenette,random,2,0.7,780,3,266,543,0.04788213627992634,0.04788213627992634,0.04788213627992634,0.1,0.05211786372007367,2.833388778253484,16,0.8592710838638703,0.8592710838638703,0.85,0.15,20,0.8390875655948591,0.9358754736441763
image-imagenette,random,2,0.7,781,3,266,526,0.055133079847908745,0.055133079847908745,0.051330798479087454,0.1,0.04486692015209126,2.439191075760977,16,0.6994710387782216,0.6994710387782216,0.75,0.25,20,0.71519908188527,0.7324504797897369
image-imagenette,random,2,0.7,782,3,266,570,0.05263157894736842,0.05263157894736842,0.05087719298245614,0.1,0.04736842105263159,2.575185225836857,16,0.7606699492267596,0.7606699492267596,0.75,0.25,20,0.7535117579806526,0.8595621433438934
image-imagenette,random,2,0.9,778,3,266,560,0.07142857142857142,0.07142857142857142,0.07142857142857142,0.1,0.02857142857142858,1.5532863266952472,16,0.28340314610017164,0.28340314610017164,0.05,0.95,20,0.28853733186596975,0.20721883395174112
image-imagenette,random,2,0.9,779,3,266,575,0.057391304347826085,0.057391304347826085,0.05565217391304348,0.1,0.04260869565217392,2.3164226524194333,16,0.6405389882433212,0.6405389882433212,0.75,0.25,20,0.7010277286852231,0.7156512014952827
image-imagenette,random,2,0.9,780,3,266,569,0.05799648506151142,0.05799648506151142,0.05799648506151142,0.1,0.042003514938488584,2.283521989948285,16,0.6243461326502255,0.6243461326502255,0.85,0.15,20,0.6163764967009375,0.6859299146827909
image-imagenette,random,2,0.9,781,3,266,572,0.06818181818181818,0.06818181818181818,0.06643356643356643,0.1,0.03181818181818183,1.7297961365469798,16,0.3564735380787748,0.3564735380787748,0.4,0.6,20,0.32915486931449817,0.30837275719365187
image-imagenette,random,2,0.9,782,3,266,569,0.07205623901581722,0.07205623901581722,0.06854130052724078,0.1,0.02794376098418279,1.5191631648609933,16,0.27036612827156437,0.27036612827156437,0.15,0.85,20,0.2538691034110251,0.1971745790884571
image-imagenette,random,2,dep,778,3,248,562,0.0693950177935943,0.0693950177935943,0.0693950177935943,0.1,0.0306049822064057,1.6065591391815324,14,0.25544681366321953,0.25544681366321953,0.25,0.75,20,0.32902035439776456,0.26322737022213394
image-imagenette,random,2,dep,779,3,248,543,0.053406998158379376,0.053406998158379376,0.05156537753222836,0.1,0.04659300184162063,2.445824422498451,14,0.6521174750202863,0.6521174750202863,0.8,0.2,20,0.7125492973573474,0.8099328800711689
image-imagenette,random,2,dep,780,3,248,554,0.05956678700361011,0.05956678700361011,0.05956678700361011,0.1,0.0404332129963899,2.1224762500344716,14,0.4866478669604286,0.4866478669604286,0.7,0.3,20,0.6135666183761439,0.6070316319623681
image-imagenette,random,2,dep,781,3,248,538,0.0687732342007435,0.0687732342007435,0.06691449814126393,0.1,0.031226765799256512,1.6391986652217898,14,0.2677455420037514,0.2677455420037514,0.15,0.85,20,0.3246893093913804,0.2623281601306628
image-imagenette,random,2,dep,782,3,248,555,0.06666666666666667,0.06666666666666667,0.06486486486486487,0.1,0.03333333333333334,1.7497795275581804,14,0.312065609295647,0.312065609295647,0.3,0.7,20,0.41477224623022824,0.3427792736458868
mnist,greedy_entropy,0,0.5,778,2,1292,2658,0.008276899924755455,0.008276899924755455,0.007900677200902935,0.1,0.09172310007524455,10.989773123195551,106,1.0,1.0,1.0,0.0,20,1.0,0.999999999994208
mnist,greedy_entropy,0,0.5,779,2,1292,2680,0.006716417910447761,0.006716417910447761,0.006716417910447761,0.1,0.09328358208955224,11.176741763439944,106,1.0,1.0,1.0,0.0,20,1.0,0.9999999999932976
mnist,greedy_entropy,0,0.5,780,2,1292,2678,0.0074682598954443615,0.0074682598954443615,0.007094846900672144,0.1,0.09253174010455564,11.086660062834236,106,1.0,1.0,1.0,0.0,20,1.0,0.9999999999933855
mnist,greedy_entropy,0,0.5,781,2,1292,2658,0.007900677200902935,0.007900677200902935,0.007900677200902935,0.1,0.09209932279909708,11.034850125341556,106,1.0,1.0,1.0,0.0,20,1.0,0.999999999994208
mnist,greedy_entropy,0,0.5,782,2,1292,2635,0.008349146110056925,0.008349146110056925,0.008349146110056925,0.1,0.09165085388994308,10.981116970221784,106,1.0,1.0,1.0,0.0,20,1.0,0.9999999999942142
mnist,greedy_entropy,0,0.7,778,3,1611,3364,0.009215219976218787,0.009215219976218787,0.0089179548156956,0.1,0.09078478002378122,12.146175755479481,135,1.0,1.0,1.0,0.0,20,1.0,0.9999999999936455
mnist,greedy_entropy,0,0.7,779,3,1611,3354,0.0086463923673226,0.0086463923673226,0.0086463923673226,0.1,0.0913536076326774,12.222279702753598,135,1.0,1.0,1.0,0.0,20,1.0,0.9999999999919486
mnist,greedy_entropy,0,0.7,780,3,1611,3295,0.010015174506828529,0.010015174506828529,0.009711684370257967,0.1,0.08998482549317148,12.039149133587213,135,1.0,1.0,1.0,0.0,20,1.0,0.9999999999929454
mnist,greedy_entropy,0,0.7,781,3,1611,3400,0.007647058823529412,0.007647058823529412,0.007647058823529412,0.1,0.0923529411764706,12.355981418592737,135,1.0,1.0,1.0,0.0,20,1.0,0.9999999999925244
mnist,greedy_entropy,0,0.7,782,3,1611,3375,0.008592592592592593,0.008592592592592593,0.008592592592592593,0.1,0.09140740740740741,12.229477622044747,135,1.0,1.0,1.0,0.0,20,1.0,0.9999999999923099
mnist,greedy_entropy,0,0.9,778,3,1474,2937,0.013278855975485188,0.013278855975485188,0.013278855975485188,0.1,0.08672114402451482,11.098198429393356,123,1.0,1.0,1.0,0.0,20,1.0,0.9999999999937799
mnist,greedy_entropy,0,0.9,779,3,1474,2934,0.011247443762781187,0.011247443762781187,0.011247443762781187,0.1,0.08875255623721882,11.358169813328386,123,1.0,1.0,1.0,0.0,20,1.0,0.9999999999929103
mnist,greedy_entropy,0,0.9,780,3,1474,2977,0.015115888478333893,0.015115888478333893,0.015115888478333893,0.1,0.08488411152166611,10.863102923364321,123,1.0,1.0,1.0,0.0,20,1.0,0.9999999999922015
mnist,greedy_entropy,0,0.9,781,3,1474,2947,0.011876484560570071,0.011876484560570071,0.011876484560570071,0.1,0.08812351543942994,11.27766788184935,123,1.0,1.0,1.0,0.0,20,1.0,0.9999999999934139
mnist,greedy_entropy,0,0.9,782,3,1474,2961,0.014184397163120567,0.014184397163120567,0.014184397163120567,0.1,0.08581560283687945,10.982311169147748,123,1.0,1.0,1.0,0.0,20,1.0,0.9999999999928686
mnist,greedy_entropy,0,dep,778,2,2194,4794,0.008135168961201502,0.008135168961201502,0.008135168961201502,0.1,0.0918648310387985,14.343209356052883,190,1.0,1.0,1.0,0.0,20,1.0,0.9999999999924548
mnist,greedy_entropy,0,dep,779,2,2194,4734,0.007393324883819181,0.007393324883819181,0.007393324883819181,0.1,0.09260667511618083,14.459036324775536,190,1.0,1.0,1.0,0.0,20,1.0,0.9999999999913312
mnist,greedy_entropy,0,dep,780,2,2194,4700,0.008936170212765958,0.008936170212765958,0.008297872340425531,0.1,0.09106382978723404,14.218145950223539,190,1.0,1.0,1.0,0.0,20,1.0,0.9999999999919126
mnist,greedy_entropy,0,dep,781,2,2194,4769,0.006919689662403019,0.006919689662403019,0.006919689662403019,0.1,0.09308031033759699,14.532986813361351,190,1.0,1.0,1.0,0.0,20,1.0,0.9999999999918273
mnist,greedy_entropy,0,dep,782,2,2194,4726,0.007829030892932713,0.007829030892932713,0.00761743546339399,0.1,0.09217096910706729,14.391007869971473,190,1.0,1.0,1.0,0.0,20,1.0,0.9999999999914717
mnist,greedy_entropy,1,0.5,778,2,1449,2737,0.005845816587504567,0.005845816587504567,0.005845816587504567,0.1,0.09415418341249544,11.946826569871543,121,1.0,1.0,1.0,0.0,20,1.0,0.9999999999938569
mnist,greedy_entropy,1,0.5,779,2,1449,2800,0.0035714285714285713,0.0035714285714285713,0.0035714285714285713,0.1,0.09642857142857143,12.235414056862037,121,1.0,1.0,1.0,0.0,20,1.0,0.9999999999942005
mnist,greedy_entropy,1,0.5,780,2,1449,2741,0.006202116016052536,0.006202116016052536,0.006202116016052536,0.1,0.09379788398394746,11.901617240604054,121,1.0,1.0,1.0,0.0,20,1.0,0.9999999999936985
mnist,greedy_entropy,1,0.5,781,2,1449,2766,0.006507592190889371,0.006507592190889371,0.006507592190889371,0.1,0.09349240780911064,11.862856659292285,121,1.0,1.0,1.0,0.0,20,1.0,0.9999999999936551
mnist,greedy_entropy,1,0.5,782,2,1449,2786,0.0068198133524766695,0.0068198133524766695,0.0068198133524766695,0.1,0.09318018664752334,11.823240235106589,121,1.0,1.0,1.0,0.0,20,1.0,0.9999999999928124
mnist,greedy_entropy,1,0.7,778,3,1791,3505,0.005991440798858773,0.005991440798858773,0.005991440798858773,0.1,0.09400855920114123,13.26153924479289,152,1.0,1.0,1.0,0.0,20,1.0,0.9999999999922567
mnist,greedy_entropy,1,0.7,779,3,1791,3576,0.006711409395973154,0.006711409395973154,0.006711409395973154,0.1,0.09328859060402685,13.15997517566146,152,1.0,1.0,1.0,0.0,20,1.0,0.9999999999931498
mnist,greedy_entropy,1,0.7,780,3,1791,3557,0.007871802080404836,0.007871802080404836,0.007871802080404836,0.1,0.09212819791959517,12.996281643341327,152,1.0,1.0,1.0,0.0,20,1.0,0.9999999999927196
mnist,greedy_entropy,1,0.7,781,3,1791,3532,0.008210645526613816,0.008210645526613816,0.008210645526613816,0.1,0.0917893544733862,12.948481893000226,152,1.0,1.0,1.0,0.0,20,1.0,0.9999999999924565
mnist,greedy_entropy,1,0.7,782,3,1791,3550,0.008169014084507042,0.008169014084507042,0.008169014084507042,0.1,0.09183098591549296,12.954354730622754,152,1.0,1.0,1.0,0.0,20,1.0,0.9999999999918749
mnist,greedy_entropy,1,0.9,778,4,1550,3195,0.011267605633802818,0.011267605633802818,0.011267605633802818,0.1,0.08873239436619719,11.6446595319893,130,1.0,1.0,1.0,0.0,20,1.0,0.9999999999923064
mnist,greedy_entropy,1,0.9,779,4,1550,3238,0.01266213712168005,0.01266213712168005,0.01266213712168005,0.1,0.08733786287831996,11.461650333387587,130,1.0,1.0,1.0,0.0,20,1.0,0.9999999999938143
mnist,greedy_entropy,1,0.9,780,4,1550,3209,0.011841695232159551,0.011841695232159551,0.011841695232159551,0.1,0.08815830476784045,11.569319765025146,130,1.0,1.0,1.0,0.0,20,1.0,0.9999999999938105
mnist,greedy_entropy,1,0.9,781,4,1550,3281,0.011886619932947273,0.011886619932947273,0.011886619932947273,0.1,0.08811338006705273,11.563424140896142,130,1.0,1.0,1.0,0.0,20,1.0,0.9999999999934004
mnist,greedy_entropy,1,0.9,782,4,1550,3192,0.012531328320802004,0.012531328320802004,0.012531328320802004,0.1,0.087468671679198,11.47881682552265,130,1.0,1.0,1.0,0.0,20,1.0,0.999999999993435
mnist,greedy_entropy,1,dep,778,3,1451,2824,0.010269121813031162,0.010269121813031162,0.010269121813031162,0.1,0.08973087818696884,11.393426884634906,121,1.0,1.0,1.0,0.0,20,1.0,0.9999999999932794
mnist,greedy_entropy,1,dep,779,3,1451,2904,0.010330578512396695,0.010330578512396695,0.010330578512396695,0.1,0.08966942148760332,11.385623523908478,121,1.0,1.0,1.0,0.0,20,1.0,0.9999999999940407
mnist,greedy_entropy,1,dep,780,3,1451,2895,0.01070811744386874,0.01070811744386874,0.01070811744386874,0.1,0.08929188255613127,11.33768615498106,121,1.0,1.0,1.0,0.0,20,1.0,0.9999999999934397
mnist,greedy_entropy,1,dep,781,3,1451,2903,0.011023079572855667,0.011023079572855667,0.011023079572855667,0.1,0.08897692042714433,11.2976943699841,121,1.0,1.0,1.0,0.0,20,1.0,0.9999999999931237
mnist,greedy_entropy,1,dep,782,3,1451,2851,0.010873377762188706,0.010873377762188706,0.010873377762188706,0.1,0.0891266222378113,11.316702504851316,121,1.0,1.0,1.0,0.0,20,1.0,0.9999999999931888
mnist,greedy_entropy,2,0.5,778,2,1508,2905,0.0037865748709122204,0.0037865748709122204,0.0037865748709122204,0.1,0.09621342512908779,12.454178659749521,126,1.0,1.0,1.0,0.0,20,1.0,0.9999999999930449
mnist,greedy_entropy,2,0.5,779,2,1508,2906,0.007570543702684102,0.007570543702684102,0.0072264280798348245,0.1,0.0924294562973159,11.964369427715818,126,1.0,1.0,1.0,0.0,20,1.0,0.9999999999939705
mnist,greedy_entropy,2,0.5,780,2,1508,2939,0.006805035726437564,0.006805035726437564,0.006124532153793808,0.1,0.09319496427356244,12.063459269791872,126,1.0,1.0,1.0,0.0,20,1.0,0.9999999999937073
mnist,greedy_entropy,2,0.5,781,2,1508,2930,0.006484641638225256,0.006484641638225256,0.005802047781569966,0.1,0.09351535836177476,12.10493212257484,126,1.0,1.0,1.0,0.0,20,1.0,0.9999999999930709
mnist,greedy_entropy,2,0.5,782,2,1508,2914,0.005147563486616335,0.005147563486616335,0.005147563486616335,0.1,0.09485243651338367,12.27800786704442,126,1.0,1.0,1.0,0.0,20,1.0,0.9999999999936826
mnist,greedy_entropy,2,0.7,778,3,1879,3688,0.00596529284164859,0.00596529284164859,0.00596529284164859,0.1,0.09403470715835141,13.587210749868431,160,1.0,1.0,1.0,0.0,20,1.0,0.9999999999919162
mnist,greedy_entropy,2,0.7,779,3,1879,3687,0.007594250067805804,0.007594250067805804,0.007594250067805804,0.1,0.0924057499321942,13.351840365856411,160,1.0,1.0,1.0,0.0,20,1.0,0.9999999999929785
mnist,greedy_entropy,2,0.7,780,3,1879,3668,0.008996728462377318,0.008996728462377318,0.008996728462377318,0.1,0.09100327153762269,13.149194235560168,160,1.0,1.0,1.0,0.0,20,1.0,0.9999999999925124
mnist,greedy_entropy,2,0.7,781,3,1879,3715,0.008613728129205921,0.008613728129205921,0.008613728129205921,0.1,0.09138627187079408,13.204534507267574,160,1.0,1.0,1.0,0.0,20,1.0,0.9999999999921905
mnist,greedy_entropy,2,0.7,782,3,1879,3625,0.007724137931034483,0.007724137931034483,0.007724137931034483,0.1,0.09227586206896553,13.333072680765776,160,1.0,1.0,1.0,0.0,20,1.0,0.9999999999927385
mnist,greedy_entropy,2,0.9,778,4,1280,2651,0.014334213504337986,0.014334213504337986,0.014334213504337986,0.1,0.08566578649566202,10.216241170681801,105,1.0,1.0,1.0,0.0,20,1.0,0.9999999999935553
mnist,greedy_entropy,2,0.9,779,4,1280,2606,0.01419800460475825,0.01419800460475825,0.01419800460475825,0.1,0.08580199539524175,10.232485029807172,105,1.0,1.0,1.0,0.0,20,1.0,0.9999999999944634
mnist,greedy_entropy,2,0.9,780,4,1280,2570,0.014396887159533073,0.014396887159533073,0.014396887159533073,0.1,0.08560311284046693,10.208766901166355,105,1.0,1.0,1.0,0.0,20,1.0,0.9999999999941219
mnist,greedy_entropy,2,0.9,781,4,1280,2635,0.01669829222011385,0.01669829222011385,0.01669829222011385,0.1,0.08330170777988616,9.934308332674588,105,1.0,1.0,1.0,0.0,20,1.0,0.9999999999942142
mnist,greedy_entropy,2,0.9,782,4,1280,2584,0.01586687306501548,0.01586687306501548,0.01586687306501548,0.1,0.08413312693498452,10.033460852599676,105,1.0,1.0,1.0,0.0,20,1.0,0.999999999993517
mnist,greedy_entropy,2,dep,778,4,1739,3589,0.008916132627472834,0.008916132627472834,0.008916132627472834,0.1,0.09108386737252717,12.66105800710602,147,1.0,1.0,1.0,0.0,20,1.0,0.9999999999937126
mnist,greedy_entropy,2,dep,779,4,1739,3586,0.008365867261572783,0.008365867261572783,0.008365867261572783,0.1,0.09163413273842722,12.73754731216009,147,1.0,1.0,1.0,0.0,20,1.0,0.9999999999928655
mnist,greedy_entropy,2,dep,780,4,1739,3529,0.011051289317086993,0.011051289317086993,0.011051289317086993,0.1,0.08894871068291302,12.364261840218411,147,1.0,1.0,1.0,0.0,20,1.0,0.9999999999935173
mnist,greedy_entropy,2,dep,781,4,1739,3622,0.010767531750414136,0.010767531750414136,0.010767531750414136,0.1,0.08923246824958588,12.403705389501475,147,1.0,1.0,1.0,0.0,20,1.0,0.9999999999917641
mnist,greedy_entropy,2,dep,782,4,1739,3523,0.00908316775475447,0.00908316775475447,0.00908316775475447,0.1,0.09091683224524554,12.637839390058419,147,1.0,1.0,1.0,0.0,20,1.0,0.9999999999936777
mnist,random,0,0.5,778,4,1287,2587,0.005798221878623889,0.005798221878623889,0.005798221878623889,0.1,0.09420177812137612,11.264894252392,106,1.0,1.0,1.0,0.0,20,1.0,0.9999999999943318
mnist,random,0,0.5,779,4,1287,2535,0.007495069033530572,0.007495069033530572,0.007100591715976331,0.1,0.09250493096646943,11.061980845196361,106,1.0,1.0,1.0,0.0,20,1.0,0.9999999999926761
mnist,random,0,0.5,780,4,1287,2577,0.006984866123399301,0.006984866123399301,0.006984866123399301,0.1,0.09301513387660071,11.12299223950875,106,1.0,1.0,1.0,0.0,20,1.0,0.9999999999927897
mnist,random,0,0.5,781,4,1287,2646,0.003779289493575208,0.003779289493575208,0.003779289493575208,0.1,0.09622071050642479,11.506323451223038,106,1.0,1.0,1.0,0.0,20,1.0,0.9999999999927325
mnist,random,0,0.5,782,4,1287,2506,0.004788507581803671,0.004788507581803671,0.004788507581803671,0.1,0.09521149241819633,11.385638520766134,106,1.0,1.0,1.0,0.0,20,1.0,0.9999999999930465
mnist,random,0,0.7,778,4,1276,2556,0.008215962441314555,0.008215962441314555,0.008215962441314555,0.1,0.09178403755868544,10.928768857435484,105,1.0,1.0,1.0,0.0,20,1.0,0.9999999999927306
mnist,random,0,0.7,779,4,1276,2502,0.008393285371702638,0.008393285371702638,0.007194244604316547,0.1,0.09160671462829736,10.907654932063707,105,1.0,1.0,1.0,0.0,20,1.0,0.9999999999932458
mnist,random,0,0.7,780,4,1276,2469,0.010935601458080195,0.010935601458080195,0.010935601458080195,0.1,0.0890643985419198,10.60494015060952,105,1.0,1.0,1.0,0.0,20,1.0,0.9999999999937972
mnist,random,0,0.7,781,4,1276,2543,0.009044435705859222,0.009044435705859222,0.009044435705859222,0.1,0.09095556429414078,10.830122153132631,105,1.0,1.0,1.0,0.0,20,1.0,0.9999999999943268
mnist,random,0,0.7,782,4,1276,2462,0.012185215272136474,0.012185215272136474,0.012185215272136474,0.1,0.08781478472786353,10.456148041457125,105,1.0,1.0,1.0,0.0,20,1.0,0.9999999999931042
mnist,random,0,0.9,778,4,1323,2686,0.01340282948622487,0.01340282948622487,0.01340282948622487,0.1,0.08659717051377513,10.49934893850948,109,1.0,1.0,1.0,0.0,20,1.0,0.9999999999930267
mnist,random,0,0.9,779,4,1323,2667,0.014623172103487065,0.014623172103487065,0.014623172103487065,0.1,0.08537682789651294,10.3513902594077,109,1.0,1.0,1.0,0.0,20,1.0,0.9999999999928323
mnist,random,0,0.9,780,4,1323,2721,0.01617052554208012,0.01617052554208012,0.01617052554208012,0.1,0.08382947445791988,10.16378362530403,109,1.0,1.0,1.0,0.0,20,1.0,0.9999999999924882
mnist,random,0,0.9,781,4,1323,2654,0.011680482290881688,0.011680482290881688,0.011680482290881688,0.1,0.08831951770911832,10.708172438052049,109,1.0,1.0,1.0,0.0,20,1.0,0.9999999999943611
mnist,random,0,0.9,782,4,1323,2626,0.016755521706016754,0.016755521706016754,0.016755521706016754,0.1,0.08324447829398325,10.09285660983205,109,1.0,1.0,1.0,0.0,20,1.0,0.99999999999365
mnist,random,0,dep,778,4,1442,2826,0.01167728237791932,0.01167728237791932,0.01167728237791932,0.1,0.08832271762208069,11.1797939407725,120,1.0,1.0,1.0,0.0,20,1.0,0.9999999999931972
mnist,random,0,dep,779,4,1442,2805,0.0106951871657754,0.0106951871657754,0.0106951871657754,0.1,0.0893048128342246,11.304106489090683,120,1.0,1.0,1.0,0.0,20,1.0,0.999999999993046
mnist,random,0,dep,780,4,1442,2760,0.013043478260869565,0.013043478260869565,0.013043478260869565,0.1,0.08695652173913045,11.006862345534799,120,1.0,1.0,1.0,0.0,20,1.0,0.9999999999938918
mnist,random,0,dep,781,4,1442,2822,0.00885896527285613,0.00885896527285613,0.00885896527285613,0.1,0.09114103472714388,11.536533467619712,120,1.0,1.0,1.0,0.0,20,1.0,0.9999999999933595
mnist,random,0,dep,782,4,1442,2740,0.011313868613138687,0.011313868613138687,0.011313868613138687,0.1,0.08868613138686132,11.22579446153175,120,1.0,1.0,1.0,0.0,20,1.0,0.9999999999927129
mnist,random,1,0.5,778,4,1303,2433,0.007809288943690916,0.007809288943690916,0.007809288943690916,0.1,0.09219071105630909,11.0927217120073,107,1.0,1.0,1.0,0.0,20,1.0,0.9999999999935008
mnist,random,1,0.5,779,4,1303,2523,0.007927070947284977,0.007927070947284977,0.007927070947284977,0.1,0.09207292905271502,11.078549752884937,107,1.0,1.0,1.0,0.0,20,1.0,0.9999999999932785
mnist,random,1,0.5,780,4,1303,2534,0.007892659826361484,0.007892659826361484,0.007892659826361484,0.1,0.09210734017363852,11.082690224130129,107,1.0,1.0,1.0,0.0,20,1.0,0.9999999999937792
mnist,random,1,0.5,781,4,1303,2518,0.005162827640984908,0.005162827640984908,0.005162827640984908,0.1,0.09483717235901509,11.411153562853785,107,1.0,1.0,1.0,0.0,20,1.0,0.9999999999944573
mnist,random,1,0.5,782,4,1303,2596,0.007704160246533128,0.007704160246533128,0.007704160246533128,0.1,0.09229583975346688,11.105371179270927,107,1.0,1.0,1.0,0.0,20,1.0,0.9999999999929563
mnist,random,1,0.7,778,4,1609,3229,0.008052028491793125,0.008052028491793125,0.008052028491793125,0.1,0.09194797150820688,12.294161671450533,135,1.0,1.0,1.0,0.0,20,1.0,0.9999999999931678
mnist,random,1,0.7,779,4,1609,3256,0.007063882063882064,0.007063882063882064,0.007063882063882064,0.1,0.09293611793611795,12.426284563783408,135,1.0,1.0,1.0,0.0,20,1.0,0.999999999993247
mnist,random,1,0.7,780,4,1609,3231,0.008047044258743422,0.008047044258743422,0.008047044258743422,0.1,0.09195295574125659,12.294828102323518,135,1.0,1.0,1.0,0.0,20,1.0,0.9999999999931013
mnist,random,1,0.7,781,4,1609,3193,0.006890072032571249,0.006890072032571249,0.006890072032571249,0.1,0.09310992796742876,12.449524321985841,135,1.0,1.0,1.0,0.0,20,1.0,0.999999999992383
mnist,random,1,0.7,782,4,1609,3338,0.007489514679448772,0.007489514679448772,0.007489514679448772,0.1,0.09251048532055123,12.369374159969306,135,1.0,1.0,1.0,0.0,20,1.0,0.9999999999925188
mnist,random,1,0.9,778,4,1494,2733,0.012806439809732895,0.012806439809732895,0.012806439809732895,0.1,0.08719356019026711,11.234104378260511,125,1.0,1.0,1.0,0.0,20,1.0,0.9999999999940115
mnist,random,1,0.9,779,4,1494,2740,0.01167883211678832,0.01167883211678832,0.01167883211678832,0.1,0.08832116788321169,11.379386466669638,125,1.0,1.0,1.0,0.0,20,1.0,0.9999999999927129
mnist,random,1,0.9,780,4,1494,2719,0.013975726369988967,0.013975726369988967,0.013975726369988967,0.1,0.08602427363001104,11.08345234343879,125,1.0,1.0,1.0,0.0,20,1.0,0.9999999999925844
mnist,random,1,0.9,781,4,1494,2729,0.011725906925613778,0.011725906925613778,0.011725906925613778,0.1,0.08827409307438623,11.373321301825149,125,1.0,1.0,1.0,0.0,20,1.0,0.9999999999941667
mnist,random,1,0.9,782,4,1494,2766,0.014461315979754157,0.014461315979754157,0.014461315979754157,0.1,0.08553868402024585,11.020888498709924,125,1.0,1.0,1.0,0.0,20,1.0,0.9999999999936551
mnist,random,1,dep,778,4,1294,2394,0.010442773600668337,0.010442773600668337,0.010442773600668337,0.1,0.08955722639933167,10.73857163046756,106,1.0,1.0,1.0,0.0,20,1.0,0.9999999999943497
mnist,random,1,dep,779,4,1294,2440,0.010245901639344262,0.010245901639344262,0.010245901639344262,0.1,0.08975409836065575,10.76217802990296,106,1.0,1.0,1.0,0.0,20,1.0,0.9999999999941533
mnist,random,1,dep,780,4,1294,2434,0.01314708299096138,0.01314708299096138,0.01314708299096138,0.1,0.08685291700903863,10.414304999329188,106,1.0,1.0,1.0,0.0,20,1.0,0.9999999999944129
mnist,random,1,dep,781,4,1294,2431,0.00658165364047717,0.00658165364047717,0.00658165364047717,0.1,0.09341834635952284,11.201548376547878,106,1.0,1.0,1.0,0.0,20,1.0,0.9999999999935987
mnist,random,1,dep,782,4,1294,2495,0.011623246492985972,0.011623246492985972,0.011623246492985972,0.1,0.08837675350701403,10.597024228636982,106,1.0,1.0,1.0,0.0,20,1.0,0.9999999999945168
mnist,random,2,0.5,778,4,1269,2552,0.007053291536050157,0.007053291536050157,0.007053291536050157,0.1,0.09294670846394985,11.03681012165123,104,1.0,1.0,1.0,0.0,20,1.0,0.9999999999929308
mnist,random,2,0.5,779,4,1269,2520,0.006349206349206349,0.006349206349206349,0.006349206349206349,0.1,0.09365079365079365,11.120415605321224,104,1.0,1.0,1.0,0.0,20,1.0,0.9999999999943758
mnist,random,2,0.5,780,4,1269,2558,0.006254886630179828,0.006254886630179828,0.006254886630179828,0.1,0.09374511336982018,11.131615451413968,104,1.0,1.0,1.0,0.0,20,1.0,0.9999999999926269
mnist,random,2,0.5,781,4,1269,2529,0.0071174377224199285,0.0071174377224199285,0.006722024515618822,0.1,0.09288256227758007,11.029193184045894,104,1.0,1.0,1.0,0.0,20,1.0,0.999999999992983
mnist,random,2,0.5,782,4,1269,2471,0.007284500202347228,0.007284500202347228,0.007284500202347228,0.1,0.09271549979765278,11.009355613680238,104,1.0,1.0,1.0,0.0,20,1.0,0.9999999999937044
mnist,random,2,0.7,778,4,1312,2529,0.009094503756425464,0.009094503756425464,0.009094503756425464,0.1,0.09090549624357454,10.975790395454288,108,1.0,1.0,1.0,0.0,20,1.0,0.999999999992983
mnist,random,2,0.7,779,4,1312,2531,0.009877518767285659,0.009877518767285659,0.009087317265902806,0.1,0.09012248123271435,10.881250362223863,108,1.0,1.0,1.0,0.0,20,1.0,0.999999999992882
mnist,random,2,0.7,780,4,1312,2517,0.009535160905840286,0.009535160905840286,0.00874056416368693,0.1,0.09046483909415973,10.922586126096622,108,1.0,1.0,1.0,0.0,20,1.0,0.9999999999935625
mnist,random,2,0.7,781,4,1312,2521,0.009123363744545815,0.009123363744545815,0.00872669575565252,0.1,0.0908766362554542,10.972305884687465,108,1.0,1.0,1.0,0.0,20,1.0,0.9999999999933737
mnist,random,2,0.7,782,4,1312,2461,0.010158472165786265,0.010158472165786265,0.009752133279154815,0.1,0.08984152783421374,10.847328479166642,108,1.0,1.0,1.0,0.0,20,1.0,0.9999999999941559
mnist,random,2,0.9,778,4,1440,2707,0.011451791651274473,0.011451791651274473,0.011451791651274473,0.1,0.08854820834872554,11.200560844364398,120,1.0,1.0,1.0,0.0,20,1.0,0.9999999999931379
mnist,random,2,0.9,779,4,1440,2707,0.011821204285186553,0.011821204285186553,0.011451791651274473,0.1,0.08817879571481345,11.153833431580232,120,1.0,1.0,1.0,0.0,20,1.0,0.9999999999931379
mnist,random,2,0.9,780,4,1440,2645,0.011720226843100189,0.011720226843100189,0.011342155009451797,0.1,0.08827977315689982,11.166606179951858,120,1.0,1.0,1.0,0.0,20,1.0,0.9999999999938092
mnist,random,2,0.9,781,4,1440,2723,0.011017260374586852,0.011017260374586852,0.010650018362100624,0.1,0.08898273962541316,11.255525186320945,120,1.0,1.0,1.0,0.0,20,1.0,0.9999999999923914
mnist,random,2,0.9,782,4,1440,2701,0.013328396890040726,0.013328396890040726,0.013328396890040726,0.1,0.08667160310995928,10.963186971424179,120,1.0,1.0,1.0,0.0,20,1.0,0.9999999999933988
mnist,random,2,dep,778,4,1375,2653,0.009423294383716547,0.009423294383716547,0.009423294383716547,0.1,0.09057670561628346,11.19558045262651,114,1.0,1.0,1.0,0.0,20,1.0,0.9999999999934678
mnist,random,2,dep,779,4,1375,2629,0.009509319132750094,0.009509319132750094,0.008368200836820083,0.1,0.09049068086724991,11.184947509065921,114,1.0,1.0,1.0,0.0,20,1.0,0.9999999999944463
mnist,random,2,dep,780,4,1375,2565,0.00935672514619883,0.00935672514619883,0.008187134502923977,0.1,0.09064327485380118,11.20380863060261,114,1.0,1.0,1.0,0.0,20,1.0,0.999999999993369
mnist,random,2,dep,781,4,1375,2641,0.00946611132146914,0.00946611132146914,0.00870882241575161,0.1,0.09053388867853086,11.190288137476795,114,1.0,1.0,1.0,0.0,20,1.0,0.9999999999939742
mnist,random,2,dep,782,4,1375,2571,0.010112796577207312,0.010112796577207312,0.009334889148191364,0.1,0.08988720342279269,11.110355700556253,114,1.0,1.0,1.0,0.0,20,1.0,0.9999999999930849
tabular-MiniBooNE,greedy_entropy,0,0.5,778,0,11706,23411,0.07539190978599804,0.07539190978599804,0.07539190978599804,0.15,0.07460809021400196,22.60659171087069,1675,1.0,1.0,1.0,0.0,20,1.0,1.0
tabular-MiniBooNE,greedy_entropy,0,0.5,779,0,11706,23411,0.07735679808636965,0.07735679808636965,0.07735679808636965,0.15,0.07264320191363034,22.01122159167105,1675,1.0,1.0,1.0,0.0,20,1.0,1.0
tabular-MiniBooNE,greedy_entropy,0,0.5,780,0,11706,23411,0.07996241083251462,0.07996241083251462,0.07996241083251462,0.15,0.07003758916748537,21.221709042297615,1675,1.0,1.0,1.0,0.0,20,1.0,1.0
tabular-MiniBooNE,greedy_entropy,0,0.5,781,0,11706,23411,0.08013327068472086,0.08013327068472086,0.08013327068472086,0.15,0.06986672931527914,21.169937727584603,1675,1.0,1.0,1.0,0.0,20,1.0,1.0
tabular-MiniBooNE,greedy_entropy,0,0.5,782,0,11706,23411,0.07863824697791637,0.07863824697791637,0.07863824697791637,0.15,0.07136175302208363,21.622936731323456,1675,1.0,1.0,1.0,0.0,20,1.0,1.0
tabular-MiniBooNE,greedy_entropy,0,0.7,778,0,11706,23411,0.07539190978599804,0.07539190978599804,0.07539190978599804,0.15,0.07460809021400196,22.60659171087069,1675,1.0,1.0,1.0,0.0,20,1.0,1.0
tabular-MiniBooNE,greedy_entropy,0,0.7,779,0,11706,23411,0.07735679808636965,0.07735679808636965,0.07735679808636965,0.15,0.07264320191363034,22.01122159167105,1675,1.0,1.0,1.0,0.0,20,1.0,1.0
tabular-MiniBooNE,greedy_entropy,0,0.7,780,0,11706,23411,0.07996241083251462,0.07996241083251462,0.07996241083251462,0.15,0.07003758916748537,21.221709042297615,1675,1.0,1.0,1.0,0.0,20,1.0,1.0
tabular-MiniBooNE,greedy_entropy,0,0.7,781,0,11706,23411,0.08013327068472086,0.08013327068472086,0.08013327068472086,0.15,0.06986672931527914,21.169937727584603,1675,1.0,1.0,1.0,0.0,20,1.0,1.0
tabular-MiniBooNE,greedy_entropy,0,0.7,782,0,11706,23411,0.07863824697791637,0.07863824697791637,0.07863824697791637,0.15,0.07136175302208363,21.622936731323456,1675,1.0,1.0,1.0,0.0,20,1.0,1.0
tabular-MiniBooNE,greedy_entropy,0,0.9,778,4,2396,4843,0.19450753665083625,0.19450753665083625,0.19450753665083625,0.15,-0.04450753665083626,-6.1012928759540515,322,4.883896872415624e-15,4.883896872415624e-15,0.0,1.0,20,4.384291970244216e-15,4.11014278504874e-26
tabular-MiniBooNE,greedy_entropy,0,0.9,779,4,2396,4816,0.20161960132890366,0.20120431893687707,0.20161960132890366,0.15,-0.05161960132890367,-7.076246621294658,322,4.904764631696244e-18,7.45456063722491e-18,0.0,1.0,20,4.913155527956545e-18,2.9344104686000594e-31
tabular-MiniBooNE,greedy_entropy,0,0.9,780,4,2396,4772,0.20808885163453478,0.20808885163453478,0.20808885163453478,0.15,-0.05808885163453478,-7.963080487481433,322,5.667929519672856e-21,5.667929519672856e-21,0.0,1.0,20,8.179366260196271e-21,4.209248617245074e-36
tabular-MiniBooNE,greedy_entropy,0,0.9,781,4,2396,4812,0.20615128844555278,0.20615128844555278,0.20615128844555278,0.15,-0.05615128844555278,-7.6974706296636874,322,4.5044391275398017e-20,4.5044391275398017e-20,0.0,1.0,20,5.3026010218508667e-20,8.952035886168417e-35
tabular-MiniBooNE,greedy_entropy,0,0.9,782,4,2396,4824,0.19776119402985073,0.19776119402985073,0.19776119402985073,0.15,-0.04776119402985074,-6.547318832032287,322,2.22735478078179e-16,2.22735478078179e-16,0.0,1.0,20,2.6399573384906735e-16,2.127377244286283e-28
tabular-MiniBooNE,greedy_entropy,0,dep,778,2,3321,6883,0.1455760569519105,0.14368734563417115,0.1455760569519105,0.15,0.00442394304808949,0.7139846465092096,455,0.08364043676985777,0.14146815159460127,0.05,0.95,20,0.08282855672259232,0.02531446705712563
tabular-MiniBooNE,greedy_entropy,0,dep,779,2,3321,6837,0.1503583443030569,0.1503583443030569,0.1503583443030569,0.15,-0.0003583443030568956,-0.05783354979155037,455,0.015804476791517887,0.015804476791517887,0.0,1.0,20,0.015916055812202193,0.0011825683560894907
tabular-MiniBooNE,greedy_entropy,0,dep,780,2,3321,6790,0.15832106038291605,0.1572901325478645,0.15832106038291605,0.15,-0.008321060382916051,-1.3429443578944382,455,0.00033714636037705873,0.0005979594332140195,0.0,1.0,20,0.00028560031921753376,8.881013278604121e-07
tabular-MiniBooNE,greedy_entropy,0,dep,781,2,3321,6907,0.15462574200086868,0.15462574200086868,0.15462574200086868,0.15,-0.004625742000868682,-0.7465531837620123,455,0.0023729081578486807,0.0023729081578486807,0.0,1.0,20,0.002233459399296004,3.349436427549236e-05
tabular-MiniBooNE,greedy_entropy,0,dep,782,2,3321,6831,0.1497584541062802,0.14931927975406237,0.1497584541062802,0.15,0.00024154589371980228,0.03898333628362648,455,0.02000333367767129,0.0236541282646547,0.0,1.0,20,0.0185581767017215,0.0018294954012514106
tabular-MiniBooNE,greedy_entropy,1,0.5,778,0,11706,23411,0.07915082653453505,0.07915082653453505,0.07915082653453505,0.15,0.07084917346546495,21.46762278718442,1675,1.0,1.0,1.0,0.0,20,1.0,1.0
tabular-MiniBooNE,greedy_entropy,1,0.5,779,0,11706,23411,0.07650249882533852,0.07645978386228695,0.07650249882533852,0.15,0.07349750117466147,22.270078165236107,1675,1.0,1.0,1.0,0.0,20,1.0,1.0
tabular-MiniBooNE,greedy_entropy,1,0.5,780,0,11706,23411,0.0782110973474008,0.07816838238434924,0.0782110973474008,0.15,0.0717889026525992,21.752365018105987,1675,1.0,1.0,1.0,0.0,20,1.0,1.0
tabular-MiniBooNE,greedy_entropy,1,0.5,781,0,11706,23411,0.07795480756909146,0.07757037290162744,0.07795480756909146,0.15,0.07204519243090854,21.830021990175506,1675,1.0,1.0,1.0,0.0,20,1.0,1.0
tabular-MiniBooNE,greedy_entropy,1,0.5,782,0,11706,23411,0.07962069112810218,0.0791935414975866,0.07880910683012259,0.15,0.07037930887189782,21.32525167172364,1675,1.0,1.0,1.0,0.0,20,1.0,1.0
tabular-MiniBooNE,greedy_entropy,1,0.7,778,0,11706,23411,0.07915082653453505,0.07915082653453505,0.07915082653453505,0.15,0.07084917346546495,21.46762278718442,1675,1.0,1.0,1.0,0.0,20,1.0,1.0
tabular-MiniBooNE,greedy_entropy,1,0.7,779,0,11706,23411,0.07650249882533852,0.07645978386228695,0.07650249882533852,0.15,0.07349750117466147,22.270078165236107,1675,1.0,1.0,1.0,0.0,20,1.0,1.0
tabular-MiniBooNE,greedy_entropy,1,0.7,780,0,11706,23411,0.0782110973474008,0.07816838238434924,0.0782110973474008,0.15,0.0717889026525992,21.752365018105987,1675,1.0,1.0,1.0,0.0,20,1.0,1.0
tabular-MiniBooNE,greedy_entropy,1,0.7,781,0,11706,23411,0.07795480756909146,0.07757037290162744,0.07795480756909146,0.15,0.07204519243090854,21.830021990175506,1675,1.0,1.0,1.0,0.0,20,1.0,1.0
tabular-MiniBooNE,greedy_entropy,1,0.7,782,0,11706,23411,0.07962069112810218,0.0791935414975866,0.07880910683012259,0.15,0.07037930887189782,21.32525167172364,1675,1.0,1.0,1.0,0.0,20,1.0,1.0
tabular-MiniBooNE,greedy_entropy,1,0.9,778,4,2428,4789,0.2029651284192942,0.2029651284192942,0.2029651284192942,0.15,-0.05296512841929421,-7.309022156926173,327,1.0505760418680742e-18,1.0505760418680742e-18,0.0,1.0,20,1.473062508352422e-18,3.6660138394024067e-32
tabular-MiniBooNE,greedy_entropy,1,0.9,779,4,2428,4836,0.1912737799834574,0.1912737799834574,0.1912737799834574,0.15,-0.04127377998345741,-5.695652619040815,327,8.650800080381151e-14,8.650800080381151e-14,0.0,1.0,20,7.351806070036299e-14,7.9966818253273e-24
tabular-MiniBooNE,greedy_entropy,1,0.9,780,4,2428,4778,0.20154876517371284,0.20154876517371284,0.20154876517371284,0.15,-0.051548765173712846,-7.113568456479014,327,4.496159434207014e-18,4.496159434207014e-18,0.0,1.0,20,5.709888603428406e-18,5.001145882988646e-31
tabular-MiniBooNE,greedy_entropy,1,0.9,781,4,2428,4901,0.1934299122628035,0.1934299122628035,0.19281779228728832,0.15,-0.043429912262803516,-5.993192133686146,327,1.20803544931779e-14,1.20803544931779e-14,0.0,1.0,20,9.370260654848277e-15,1.4965572209766996e-25
tabular-MiniBooNE,greedy_entropy,1,0.9,782,4,2428,4876,0.19401148482362593,0.19401148482362593,0.19237079573420837,0.15,-0.044011484823625935,-6.0734473291283395,327,7.037187801852032e-15,7.037187801852032e-15,0.0,1.0,20,5.328224810539801e-15,7.059553912610324e-26
tabular-MiniBooNE,greedy_entropy,1,dep,778,2,3247,6308,0.15805326569435638,0.15805326569435638,0.15805326569435638,0.15,-0.008053265694356382,-1.2851626031328696,444,0.00038536650403241546,0.00038536650403241546,0.0,1.0,20,0.0004372662374115472,1.6143050739887505e-06
tabular-MiniBooNE,greedy_entropy,1,dep,779,2,3247,6440,0.153416149068323,0.153416149068323,0.153416149068323,0.15,-0.0034161490683229934,-0.5451585972647807,444,0.0040638283369857945,0.0040638283369857945,0.0,1.0,20,0.004013013294339039,0.00011087395499862978
tabular-MiniBooNE,greedy_entropy,1,dep,780,2,3247,6292,0.15130324221233313,0.15098537825810554,0.15130324221233313,0.15,-0.0013032422123331333,-0.20797502748337499,444,0.010266968693738762,0.011709033763019008,0.0,1.0,20,0.009642275747684741,0.0005946644924024767
tabular-MiniBooNE,greedy_entropy,1,dep,781,2,3247,6373,0.15094931743292014,0.15079240546053663,0.15094931743292014,0.15,-0.0009493174329201493,-0.15149472395354477,444,0.01188335376499873,0.012668617771751663,0.0,1.0,20,0.01152976834224633,0.0007756333036652821
tabular-MiniBooNE,greedy_entropy,1,dep,782,2,3247,6455,0.15569326103795508,0.15507358636715723,0.15429899302865996,0.15,-0.0056932610379550885,-0.908546477111862,444,0.0013501979409693424,0.0018416223979858017,0.0,1.0,20,0.0013012079598537425,1.4795729384301493e-05
tabular-MiniBooNE,greedy_entropy,2,0.5,778,0,11706,23411,0.07633163897313229,0.07624620904702917,0.07633163897313229,0.15,0.0736683610268677,22.321849479949122,1675,1.0,1.0,1.0,0.0,20,1.0,1.0
tabular-MiniBooNE,greedy_entropy,2,0.5,779,0,11706,23411,0.07722865319721499,0.07705779334500876,0.07722865319721499,0.15,0.072771346802785,22.05005007770581,1675,1.0,1.0,1.0,0.0,20,1.0,1.0
tabular-MiniBooNE,greedy_entropy,2,0.5,780,0,11706,23411,0.07889453675622571,0.07880910683012259,0.07889453675622571,0.15,0.07110546324377429,21.54527975925394,1675,1.0,1.0,1.0,0.0,20,1.0,1.0
tabular-MiniBooNE,greedy_entropy,2,0.5,781,0,11706,23411,0.07915082653453505,0.07915082653453505,0.07915082653453505,0.15,0.07084917346546495,21.46762278718442,1675,1.0,1.0,1.0,0.0,20,1.0,1.0
tabular-MiniBooNE,greedy_entropy,2,0.5,782,0,11706,23411,0.07812566742129769,0.07804023749519456,0.07812566742129769,0.15,0.07187433257870231,21.77825067546249,1675,1.0,1.0,1.0,0.0,20,1.0,1.0
tabular-MiniBooNE,greedy_entropy,2,0.7,778,2,3010,6053,0.147034528333058,0.14637369899223526,0.147034528333058,0.15,0.002965471666941999,0.45564009571006747,410,0.04828737273848544,0.05935379549418287,0.05,0.95,20,0.04690080982012164,0.009811387060012153
tabular-MiniBooNE,greedy_entropy,2,0.7,779,2,3010,6013,0.14934308997172793,0.14851155829037085,0.14934308997172793,0.15,0.0006569100282720619,0.10093320111314341,410,0.021992836526352946,0.029540495264718688,0.0,1.0,20,0.020838598351015643,0.002380498140005643
tabular-MiniBooNE,greedy_entropy,2,0.7,780,2,3010,6073,0.14753828420879303,0.14687963115428948,0.14720895768154124,0.15,0.0024617157912069643,0.37823879122513426,410,0.041028393328351516,0.05071823982131871,0.0,1.0,20,0.04247367329983104,0.007340959788649503
tabular-MiniBooNE,greedy_entropy,2,0.7,781,2,3010,6002,0.14728423858713763,0.1457847384205265,0.14728423858713763,0.15,0.0027157614128623664,0.4172725047001837,410,0.044568396005040097,0.07083840258054419,0.0,1.0,20,0.045951545701576495,0.008456374730306814
tabular-MiniBooNE,greedy_entropy,2,0.7,782,2,3010,6011,0.145233738146731,0.1447346531359175,0.14506737647645981,0.15,0.004766261853269005,0.7323286987402564,410,0.08308897886514977,0.09552852702271453,0.1,0.9,20,0.07962414674417514,0.02554521895242957
tabular-MiniBooNE,greedy_entropy,2,0.9,778,4,2410,4692,0.2086530264279625,0.2086530264279625,0.2086530264279625,0.15,-0.058653026427962496,-8.063876262022287,324,2.5213486457164133e-21,2.5213486457164133e-21,0.0,1.0,20,6.756240292440494e-21,4.436903958997245e-36
tabular-MiniBooNE,greedy_entropy,2,0.9,779,4,2410,4754,0.2097181320992848,0.20845603702145563,0.2097181320992848,0.15,-0.05971813209928481,-8.210311678276044,324,7.835224901650251e-22,3.1256230011453482e-21,0.0,1.0,20,1.866628804972715e-21,2.6057121425033114e-37
tabular-MiniBooNE,greedy_entropy,2,0.9,780,4,2410,4716,0.21416454622561493,0.21374045801526717,0.21416454622561493,0.15,-0.06416454622561493,-8.82162426533362,324,5.2387742064999684e-24,8.521419602036518e-24,0.0,1.0,20,1.5732731723512485e-23,1.013910718312086e-40
tabular-MiniBooNE,greedy_entropy,2,0.9,781,4,2410,4728,0.21763959390862944,0.21763959390862944,0.21763959390862944,0.15,-0.06763959390862945,-9.299389117840818,324,9.073282026110713e-26,9.073282026110713e-26,0.0,1.0,20,2.900552783047757e-25,9.559911846094703e-44
tabular-MiniBooNE,greedy_entropy,2,0.9,782,4,2410,4709,0.21511998301125504,0.21490762369929922,0.21511998301125504,0.15,-0.06511998301125504,-8.952981920424936,324,1.738916436752554e-24,2.223743346431458e-24,0.0,1.0,20,4.476553241346236e-24,1.802192876432097e-41
tabular-MiniBooNE,greedy_entropy,2,dep,778,2,2653,5395,0.15088044485634847,0.15032437442075997,0.15088044485634847,0.15,-0.0008804448563484724,-0.12700350107485422,359,0.012604151380785794,0.015415870030227131,0.0,1.0,20,0.011829387637489431,0.0008713052168949433
tabular-MiniBooNE,greedy_entropy,2,dep,779,2,2653,5357,0.15176404704125443,0.1508306888183685,0.15176404704125443,0.15,-0.0017640470412544351,-0.25446244439342597,359,0.00905558054412014,0.012836027119118009,0.0,1.0,20,0.009629071978114459,0.0004777516571717375
tabular-MiniBooNE,greedy_entropy,2,dep,780,2,2653,5403,0.15250786600037017,0.1521377012770683,0.15250786600037017,0.15,-0.0025078660003701736,-0.36175776367707135,359,0.006786347310815501,0.007843040656323448,0.0,1.0,20,0.006731467795489641,0.0002799055070091201
tabular-MiniBooNE,greedy_entropy,2,dep,781,2,2653,5321,0.15091148280398423,0.1495959406126668,0.15091148280398423,0.15,-0.0009114828039842315,-0.13148070142135637,359,0.012461370929163773,0.0199122171771427,0.0,1.0,20,0.012458037259204852,0.0008564878107645464
tabular-MiniBooNE,greedy_entropy,2,dep,782,2,2653,5320,0.14736842105263157,0.14661654135338345,0.14736842105263157,0.15,0.0026315789473684292,0.37960326221542356,359,0.04120892656412015,0.05169397151983923,0.05,0.95,20,0.04125953288954314,0.007402594497643434
tabular-MiniBooNE,random,0,0.5,778,0,11706,23411,0.07539190978599804,0.07543462474904959,0.07539190978599804,0.15,0.07460809021400196,22.60659171087069,1675,1.0,1.0,1.0,0.0,20,1.0,1.0
tabular-MiniBooNE,random,0,0.5,779,0,11706,23411,0.07735679808636965,0.07748494297552433,0.07735679808636965,0.15,0.07264320191363034,22.01122159167105,1675,1.0,1.0,1.0,0.0,20,1.0,1.0
tabular-MiniBooNE,random,0,0.5,780,0,11706,23411,0.07996241083251462,0.08004784075861775,0.07996241083251462,0.15,0.07003758916748537,21.221709042297615,1675,1.0,1.0,1.0,0.0,20,1.0,1.0
tabular-MiniBooNE,random,0,0.5,781,0,11706,23411,0.08013327068472086,0.08013327068472086,0.08013327068472086,0.15,0.06986672931527914,21.169937727584603,1675,1.0,1.0,1.0,0.0,20,1.0,1.0
tabular-MiniBooNE,random,0,0.5,782,0,11706,23411,0.07863824697791637,0.07863824697791637,0.07863824697791637,0.15,0.07136175302208363,21.622936731323456,1675,1.0,1.0,1.0,0.0,20,1.0,1.0
tabular-MiniBooNE,random,0,0.7,778,0,11706,23411,0.07539190978599804,0.07543462474904959,0.07539190978599804,0.15,0.07460809021400196,22.60659171087069,1675,1.0,1.0,1.0,0.0,20,1.0,1.0
tabular-MiniBooNE,random,0,0.7,779,0,11706,23411,0.07735679808636965,0.07748494297552433,0.07735679808636965,0.15,0.07264320191363034,22.01122159167105,1675,1.0,1.0,1.0,0.0,20,1.0,1.0
tabular-MiniBooNE,random,0,0.7,780,0,11706,23411,0.07996241083251462,0.08004784075861775,0.07996241083251462,0.15,0.07003758916748537,21.221709042297615,1675,1.0,1.0,1.0,0.0,20,1.0,1.0
tabular-MiniBooNE,random,0,0.7,781,0,11706,23411,0.08013327068472086,0.08013327068472086,0.08013327068472086,0.15,0.06986672931527914,21.169937727584603,1675,1.0,1.0,1.0,0.0,20,1.0,1.0
tabular-MiniBooNE,random,0,0.7,782,0,11706,23411,0.07863824697791637,0.07863824697791637,0.07863824697791637,0.15,0.07136175302208363,21.622936731323456,1675,1.0,1.0,1.0,0.0,20,1.0,1.0
tabular-MiniBooNE,random,0,0.9,778,4,2416,4803,0.1977930460129086,0.19758484280657923,0.1977930460129086,0.15,-0.0477930460129086,-6.5789726817179535,325,1.8841123397253025e-16,2.307041899156117e-16,0.0,1.0,20,2.1721815488378846e-16,2.4581983645317045e-28
tabular-MiniBooNE,random,0,0.9,779,4,2416,4738,0.20536091177712115,0.20493879273955257,0.20536091177712115,0.15,-0.05536091177712116,-7.620730558129835,325,8.617946592764038e-20,1.3455643938151432e-19,0.0,1.0,20,1.3659138926517891e-19,9.379031143471693e-34
tabular-MiniBooNE,random,0,0.9,780,4,2416,4770,0.21006289308176102,0.21006289308176102,0.21006289308176102,0.15,-0.06006289308176102,-8.267983854034412,325,5.2926927847043155e-22,5.2926927847043155e-22,0.0,1.0,20,1.05530361721451e-21,1.0913465402383792e-37
tabular-MiniBooNE,random,0,0.9,781,4,2416,4794,0.2117229870671673,0.21151439299123906,0.2117229870671673,0.15,-0.061722987067167306,-8.496504818697813,325,8.287364020494469e-23,1.0478282468100117e-22,0.0,1.0,20,9.496924944231546e-23,3.3285019382911576e-39
tabular-MiniBooNE,random,0,0.9,782,4,2416,4849,0.2148896679727779,0.2148896679727779,0.2148896679727779,0.15,-0.0648896679727779,-8.93241566572989,325,2.2267688953102216e-24,2.2267688953102216e-24,0.0,1.0,20,1.794726832186814e-24,3.066509267740599e-42
tabular-MiniBooNE,random,0,dep,778,3,2371,4635,0.13203883495145632,0.13203883495145632,0.13203883495145632,0.15,0.01796116504854367,2.4493180799134393,319,0.6542113576393158,0.6542113576393158,0.75,0.25,20,0.6330957927752985,0.6869121828301971
tabular-MiniBooNE,random,0,dep,779,3,2371,4680,0.1391025641025641,0.1391025641025641,0.1391025641025641,0.15,0.010897435897435886,1.4860554254776275,319,0.2717589139499953,0.2717589139499953,0.15,0.85,20,0.25687226147401754,0.18310732906675864
tabular-MiniBooNE,random,0,dep,780,3,2371,4534,0.13895015438906044,0.13895015438906044,0.13895015438906044,0.15,0.011049845610939552,1.506839147793526,319,0.27889067272514917,0.27889067272514917,0.2,0.8,20,0.2633000656300781,0.18330285878583175
tabular-MiniBooNE,random,0,dep,781,3,2371,4635,0.14153182308522114,0.14153182308522114,0.14153182308522114,0.15,0.008468176914778858,1.1547835992384698,319,0.17201122999448912,0.17201122999448912,0.05,0.95,20,0.1617476380328684,0.08369200013215652
tabular-MiniBooNE,random,0,dep,782,3,2371,4682,0.14032464758650148,0.14011106364801368,0.13947031183255018,0.15,0.009675352413498511,1.3194030304753266,319,0.21818987076749352,0.22707123462724604,0.15,0.85,20,0.20300673223029697,0.12701228473427706
tabular-MiniBooNE,random,1,0.5,778,0,11706,23411,0.07915082653453505,0.07915082653453505,0.07915082653453505,0.15,0.07084917346546495,21.46762278718442,1675,1.0,1.0,1.0,0.0,20,1.0,1.0
tabular-MiniBooNE,random,1,0.5,779,0,11706,23411,0.07650249882533852,0.07650249882533852,0.07650249882533852,0.15,0.07349750117466147,22.270078165236107,1675,1.0,1.0,1.0,0.0,20,1.0,1.0
tabular-MiniBooNE,random,1,0.5,780,0,11706,23411,0.0782110973474008,0.07816838238434924,0.0782110973474008,0.15,0.0717889026525992,21.752365018105987,1675,1.0,1.0,1.0,0.0,20,1.0,1.0
tabular-MiniBooNE,random,1,0.5,781,0,11706,23411,0.07795480756909146,0.07795480756909146,0.07795480756909146,0.15,0.07204519243090854,21.830021990175506,1675,1.0,1.0,1.0,0.0,20,1.0,1.0
tabular-MiniBooNE,random,1,0.5,782,0,11706,23411,0.07962069112810218,0.07962069112810218,0.07944983127589594,0.15,0.07037930887189782,21.32525167172364,1675,1.0,1.0,1.0,0.0,20,1.0,1.0
tabular-MiniBooNE,random,1,0.7,778,0,11706,23411,0.07915082653453505,0.07915082653453505,0.07915082653453505,0.15,0.07084917346546495,21.46762278718442,1675,1.0,1.0,1.0,0.0,20,1.0,1.0
tabular-MiniBooNE,random,1,0.7,779,0,11706,23411,0.07650249882533852,0.07650249882533852,0.07650249882533852,0.15,0.07349750117466147,22.270078165236107,1675,1.0,1.0,1.0,0.0,20,1.0,1.0
tabular-MiniBooNE,random,1,0.7,780,0,11706,23411,0.0782110973474008,0.07816838238434924,0.0782110973474008,0.15,0.0717889026525992,21.752365018105987,1675,1.0,1.0,1.0,0.0,20,1.0,1.0
tabular-MiniBooNE,random,1,0.7,781,0,11706,23411,0.07795480756909146,0.07795480756909146,0.07795480756909146,0.15,0.07204519243090854,21.830021990175506,1675,1.0,1.0,1.0,0.0,20,1.0,1.0
tabular-MiniBooNE,random,1,0.7,782,0,11706,23411,0.07962069112810218,0.07962069112810218,0.07944983127589594,0.15,0.07037930887189782,21.32525167172364,1675,1.0,1.0,1.0,0.0,20,1.0,1.0
tabular-MiniBooNE,random,1,0.9,778,4,2403,4689,0.19193857965451055,0.19193857965451055,0.19193857965451055,0.15,-0.04193857965451056,-5.757520739333022,323,4.8457801994835316e-14,4.8457801994835316e-14,0.0,1.0,20,9.459615670874272e-14,8.880024439919176e-24
tabular-MiniBooNE,random,1,0.9,779,4,2403,4685,0.18975453575240128,0.1895410885805763,0.18975453575240128,0.15,-0.03975453575240129,-5.457685166321299,323,3.385744504027929e-13,4.0818200031418497e-13,0.0,1.0,20,7.216344472781259e-13,2.589722630547699e-22
tabular-MiniBooNE,random,1,0.9,780,4,2403,4709,0.19112338076024635,0.19112338076024635,0.19112338076024635,0.15,-0.04112338076024635,-5.645606492854655,323,1.007744309627536e-13,1.007744309627536e-13,0.0,1.0,20,1.4876037346129127e-13,2.661579752527459e-23
tabular-MiniBooNE,random,1,0.9,781,4,2403,4670,0.1948608137044968,0.1948608137044968,0.1948608137044968,0.15,-0.044860813704496794,-6.158698444600666,323,3.294990354609654e-15,3.294990354609654e-15,0.0,1.0,20,8.46501399691435e-15,1.05751790922575e-25
tabular-MiniBooNE,random,1,0.9,782,4,2403,4754,0.19604543542280184,0.19604543542280184,0.19604543542280184,0.15,-0.046045435422801845,-6.321328752245624,323,1.0774249943029254e-15,1.0774249943029254e-15,0.0,1.0,20,1.9125651466501214e-15,7.139482211835389e-27
tabular-MiniBooNE,random,1,dep,778,3,2473,4688,0.13651877133105803,0.13651877133105803,0.1358788395904437,0.15,0.01348122866894197,1.8775280804611172,333,0.4074671087602616,0.4074671087602616,0.4,0.6,20,0.3959147505854063,0.34688706928842017
tabular-MiniBooNE,random,1,dep,779,3,2473,4741,0.13836743303100613,0.13773465513604724,0.13836743303100613,0.15,0.011632566968993868,1.6200653270162602,333,0.3083914375212339,0.3410968330805965,0.35,0.65,20,0.309890593785296,0.22823627661439638
tabular-MiniBooNE,random,1,dep,780,3,2473,4669,0.13493253373313344,0.13493253373313344,0.13493253373313344,0.15,0.015067466266866558,2.0984430805343517,333,0.4984404753959324,0.4984404753959324,0.5,0.5,20,0.4683324214419074,0.4666181655498091
tabular-MiniBooNE,random,1,dep,781,3,2473,4752,0.1348905723905724,0.13468013468013468,0.1348905723905724,0.15,0.0151094276094276,2.104287028507262,333,0.5008776092260017,0.5131040349407787,0.5,0.5,20,0.478959857656842,0.4807231357627826
tabular-MiniBooNE,random,1,dep,782,3,2473,4780,0.14205020920502093,0.14184100418410042,0.1412133891213389,0.15,0.007949790794979067,1.10716580943033,333,0.15264134949308994,0.1597308288370191,0.15,0.85,20,0.14558362885841025,0.07271595064524691
tabular-MiniBooNE,random,2,0.5,778,0,11706,23411,0.07633163897313229,0.07633163897313229,0.07633163897313229,0.15,0.0736683610268677,22.321849479949122,1675,1.0,1.0,1.0,0.0,20,1.0,1.0
tabular-MiniBooNE,random,2,0.5,779,0,11706,23411,0.07722865319721499,0.07722865319721499,0.07722865319721499,0.15,0.072771346802785,22.05005007770581,1675,1.0,1.0,1.0,0.0,20,1.0,1.0
tabular-MiniBooNE,random,2,0.5,780,0,11706,23411,0.07889453675622571,0.07889453675622571,0.07889453675622571,0.15,0.07110546324377429,21.54527975925394,1675,1.0,1.0,1.0,0.0,20,1.0,1.0
tabular-MiniBooNE,random,2,0.5,781,0,11706,23411,0.07915082653453505,0.07915082653453505,0.07915082653453505,0.15,0.07084917346546495,21.46762278718442,1675,1.0,1.0,1.0,0.0,20,1.0,1.0
tabular-MiniBooNE,random,2,0.5,782,0,11706,23411,0.07812566742129769,0.07812566742129769,0.07812566742129769,0.15,0.07187433257870231,21.77825067546249,1675,1.0,1.0,1.0,0.0,20,1.0,1.0
tabular-MiniBooNE,random,2,0.7,778,3,2776,5407,0.11041242833364158,0.11041242833364158,0.11041242833364158,0.15,0.039587571666358415,5.841353660803216,377,0.9999850768278526,0.9999850768278526,1.0,0.0,20,0.9999744455097479,0.9999999983271579
tabular-MiniBooNE,random,2,0.7,779,3,2776,5347,0.1118384140639611,0.1118384140639611,0.1118384140639611,0.15,0.0381615859360389,5.630941993316836,377,0.9999572063260188,0.9999572063260188,1.0,0.0,20,0.999924717584434,0.9999999808874633
tabular-MiniBooNE,random,2,0.7,780,3,2776,5475,0.11378995433789954,0.11378995433789954,0.11378995433789954,0.15,0.036210045662100454,5.342981998714221,377,0.9998371358580393,0.9998371358580393,1.0,0.0,20,0.9997856521817424,0.9999998373165181
tabular-MiniBooNE,random,2,0.7,781,3,2776,5355,0.11335200746965453,0.11335200746965453,0.11335200746965453,0.15,0.036647992530345466,5.407603354214898,377,0.9998780794209053,0.9998780794209053,1.0,0.0,20,0.9998178191164575,0.999999850607314
tabular-MiniBooNE,random,2,0.7,782,3,2776,5394,0.11475713756025213,0.11475713756025213,0.11475713756025213,0.15,0.03524286243974786,5.200269045664921,377,0.9996976849425372,0.9996976849425372,1.0,0.0,20,0.999530609657714,0.9999992224843368
tabular-MiniBooNE,random,2,0.9,778,4,2383,4673,0.20907340038519154,0.20864540980098437,0.20907340038519154,0.15,-0.05907340038519154,-8.076048143765725,320,2.1739635137551587e-21,3.457177864637067e-21,0.0,1.0,20,6.26765416310096e-21,2.6765176736170735e-36
tabular-MiniBooNE,random,2,0.9,779,4,2383,4727,0.21091601438544533,0.21091601438544533,0.21091601438544533,0.15,-0.06091601438544533,-8.327955758350186,320,2.886580878643252e-22,2.886580878643252e-22,0.0,1.0,20,5.686380304122971e-22,4.078941972323813e-38
tabular-MiniBooNE,random,2,0.9,780,4,2383,4751,0.208587665754578,0.208587665754578,0.208587665754578,0.15,-0.058587665754577994,-8.00964234629427,320,3.679932855897553e-21,3.679932855897553e-21,0.0,1.0,20,4.063869672470107e-21,2.2194446948603265e-36
tabular-MiniBooNE,random,2,0.9,781,4,2383,4694,0.21389007243289304,0.21389007243289304,0.21389007243289304,0.15,-0.06389007243289305,-8.734545455522293,320,1.0301448768091486e-23,1.0301448768091486e-23,0.0,1.0,20,2.0124033671783117e-23,2.427189607304014e-40
tabular-MiniBooNE,random,2,0.9,782,4,2383,4691,0.21487955659774036,0.21466638243444894,0.21487955659774036,0.15,-0.06487955659774036,-8.869819905624947,320,3.3311361654108226e-24,4.251961182412799e-24,0.0,1.0,20,7.296194975363099e-24,3.829108483883794e-41
tabular-MiniBooNE,random,2,dep,778,4,2657,5335,0.13045923149015934,0.13045923149015934,0.13045923149015934,0.15,0.019540768509840656,2.820865145304093,360,0.7885742691074088,0.7885742691074088,0.85,0.15,20,0.7808638506059253,0.8649171982469135
tabular-MiniBooNE,random,2,dep,779,4,2657,5367,0.12874976709521146,0.12874976709521146,0.12874976709521146,0.15,0.02125023290478853,3.0676399088666613,360,0.8567002641536066,0.8567002641536066,0.95,0.05,20,0.8492607586978189,0.9325828806035387
tabular-MiniBooNE,random,2,dep,780,4,2657,5435,0.12989880404783807,0.12989880404783807,0.12989880404783807,0.15,0.02010119595216192,2.9017672980377407,360,0.8126909729650542,0.8126909729650542,0.85,0.15,20,0.811179466866714,0.8974725171694522
tabular-MiniBooNE,random,2,dep,781,4,2657,5413,0.13061149085534823,0.13061149085534823,0.13061149085534823,0.15,0.01938850914465176,2.7988852965539692,360,0.7817315887061689,0.7817315887061689,0.9,0.1,20,0.7895650204046266,0.8643214404095971
tabular-MiniBooNE,random,2,dep,782,4,2657,5272,0.13069044006069802,0.13069044006069802,0.13069044006069802,0.15,0.019309559939301973,2.787488351673909,360,0.7781357051836303,0.7781357051836303,1.0,0.0,20,0.7746705401730989,0.8477310803901896
tabular-adult,greedy_entropy,0,0.5,778,0,4070,8140,0.14692874692874694,0.14692874692874694,0.1466830466830467,0.25,0.10307125307125306,15.185675823115353,959,1.0,1.0,1.0,0.0,20,1.0,1.0
tabular-adult,greedy_entropy,0,0.5,779,0,4070,8140,0.14275184275184274,0.14275184275184274,0.14189189189189189,0.25,0.10724815724815726,15.801066738474024,959,1.0,1.0,1.0,0.0,20,1.0,1.0
tabular-adult,greedy_entropy,0,0.5,780,0,4070,8140,0.1468058968058968,0.1468058968058968,0.1468058968058968,0.25,0.10319410319410319,15.20377555592002,959,1.0,1.0,1.0,0.0,20,1.0,1.0
tabular-adult,greedy_entropy,0,0.5,781,0,4070,8140,0.14692874692874694,0.14692874692874694,0.14606879606879608,0.25,0.10307125307125306,15.185675823115353,959,1.0,1.0,1.0,0.0,20,1.0,1.0
tabular-adult,greedy_entropy,0,0.5,782,0,4070,8140,0.15073710073710073,0.15073710073710073,0.14803439803439802,0.25,0.09926289926289927,14.624584106170689,959,1.0,1.0,1.0,0.0,20,1.0,1.0
tabular-adult,greedy_entropy,0,0.7,778,0,4070,8140,0.14692874692874694,0.14692874692874694,0.1466830466830467,0.25,0.10307125307125306,15.185675823115353,959,1.0,1.0,1.0,0.0,20,1.0,1.0
tabular-adult,greedy_entropy,0,0.7,779,0,4070,8140,0.14275184275184274,0.14275184275184274,0.14189189189189189,0.25,0.10724815724815726,15.801066738474024,959,1.0,1.0,1.0,0.0,20,1.0,1.0
tabular-adult,greedy_entropy,0,0.7,780,0,4070,8140,0.1468058968058968,0.1468058968058968,0.1468058968058968,0.25,0.10319410319410319,15.20377555592002,959,1.0,1.0,1.0,0.0,20,1.0,1.0
tabular-adult,greedy_entropy,0,0.7,781,0,4070,8140,0.14692874692874694,0.14692874692874694,0.14606879606879608,0.25,0.10307125307125306,15.185675823115353,959,1.0,1.0,1.0,0.0,20,1.0,1.0
tabular-adult,greedy_entropy,0,0.7,782,0,4070,8140,0.15073710073710073,0.15073710073710073,0.14803439803439802,0.25,0.09926289926289927,14.624584106170689,959,1.0,1.0,1.0,0.0,20,1.0,1.0
tabular-adult,greedy_entropy,0,0.9,778,2,1636,3261,0.29162833486660533,0.29162833486660533,0.2913216804661147,0.25,-0.04162833486660533,-3.888481643364362,372,2.836830824328787e-09,2.836830824328787e-09,0.0,1.0,20,2.4318726015491407e-09,4.0210484451958685e-16
tabular-adult,greedy_entropy,0,0.9,779,2,1636,3295,0.2825493171471927,0.2825493171471927,0.27830045523520486,0.25,-0.032549317147192725,-3.040415203646241,372,2.417433332810708e-07,2.417433332810708e-07,0.0,1.0,20,2.3783343210888922e-07,1.2444749147661157e-12
tabular-adult,greedy_entropy,0,0.9,780,2,1636,3303,0.2909476233726915,0.29064486830154407,0.2909476233726915,0.25,-0.04094762337269148,-3.8248967280178063,372,4.036036325338698e-09,4.716550898414547e-09,0.0,1.0,20,3.852877262405238e-09,5.86761028767377e-16
tabular-adult,greedy_entropy,0,0.9,781,2,1636,3294,0.29295689131754704,0.29295689131754704,0.2923497267759563,0.25,-0.04295689131754704,-4.0125814275189375,372,1.4128824413779957e-09,1.4128824413779957e-09,0.0,1.0,20,1.0481076330474417e-09,8.888384457974204e-17
tabular-adult,greedy_entropy,0,0.9,782,2,1636,3301,0.30384731899424416,0.30384731899424416,0.2974856104210845,0.25,-0.053847318994244164,-5.0298507524852685,372,3.001876691551965e-12,3.001876691551965e-12,0.0,1.0,20,2.264317200530535e-12,9.639209989758515e-22
tabular-adult,greedy_entropy,0,dep,778,1,873,1788,0.19630872483221476,0.19630872483221476,0.19630872483221476,0.25,0.05369127516778524,3.6636181711102243,191,0.9553327271243315,0.9553327271243315,1.0,0.0,20,0.960048190835749,0.9931351078482537
tabular-adult,greedy_entropy,0,dep,779,1,873,1715,0.1836734693877551,0.1836734693877551,0.1836734693877551,0.25,0.06632653061224489,4.525783416735014,191,0.996196158641314,0.996196158641314,1.0,0.0,20,0.9951494784669243,0.9999098409885241
tabular-adult,greedy_entropy,0,dep,780,1,873,1714,0.1896149358226371,0.18844807467911318,0.1896149358226371,0.25,0.06038506417736289,4.12036811739909,191,0.9864004291725317,0.9892320296138587,1.0,0.0,20,0.984114684051883,0.998950924483951
tabular-adult,greedy_entropy,0,dep,781,1,873,1736,0.1912442396313364,0.1912442396313364,0.18951612903225806,0.25,0.05875576036866359,4.009192753782631,191,0.9814076525921986,0.9814076525921986,1.0,0.0,20,0.9815049118741176,0.9983348851876458
tabular-adult,greedy_entropy,0,dep,782,1,873,1771,0.20045172219085264,0.19988706945228685,0.19875776397515527,0.25,0.04954827780914736,3.3809212085490814,191,0.9174150169671298,0.9236541608467849,1.0,0.0,20,0.9207650570253435,0.9763980023481255
tabular-adult,greedy_entropy,1,0.5,778,0,4070,8140,0.15491400491400492,0.15491400491400492,0.15491400491400492,0.25,0.09508599508599508,14.009193190812018,959,1.0,1.0,1.0,0.0,20,1.0,1.0
tabular-adult,greedy_entropy,1,0.5,779,0,4070,8140,0.1517199017199017,0.1517199017199017,0.1517199017199017,0.25,0.09828009828009829,14.479786243733354,959,1.0,1.0,1.0,0.0,20,1.0,1.0
tabular-adult,greedy_entropy,1,0.5,780,0,4070,8140,0.15356265356265356,0.15356265356265356,0.15356265356265356,0.25,0.09643734643734644,14.208290251663355,959,1.0,1.0,1.0,0.0,20,1.0,1.0
tabular-adult,greedy_entropy,1,0.5,781,0,4070,8140,0.15835380835380836,0.15835380835380836,0.15835380835380836,0.25,0.09164619164619164,13.502400672281352,959,1.0,1.0,1.0,0.0,20,1.0,1.0
tabular-adult,greedy_entropy,1,0.5,782,0,4070,8140,0.15085995085995085,0.15085995085995085,0.15085995085995085,0.25,0.09914004914004915,14.60648437336602,959,1.0,1.0,1.0,0.0,20,1.0,1.0
tabular-adult,greedy_entropy,1,0.7,778,0,4070,8140,0.15491400491400492,0.15491400491400492,0.15491400491400492,0.25,0.09508599508599508,14.009193190812018,959,1.0,1.0,1.0,0.0,20,1.0,1.0
tabular-adult,greedy_entropy,1,0.7,779,0,4070,8140,0.1517199017199017,0.1517199017199017,0.1517199017199017,0.25,0.09828009828009829,14.479786243733354,959,1.0,1.0,1.0,0.0,20,1.0,1.0
tabular-adult,greedy_entropy,1,0.7,780,0,4070,8140,0.15356265356265356,0.15356265356265356,0.15356265356265356,0.25,0.09643734643734644,14.208290251663355,959,1.0,1.0,1.0,0.0,20,1.0,1.0
tabular-adult,greedy_entropy,1,0.7,781,0,4070,8140,0.15835380835380836,0.15835380835380836,0.15835380835380836,0.25,0.09164619164619164,13.502400672281352,959,1.0,1.0,1.0,0.0,20,1.0,1.0
tabular-adult,greedy_entropy,1,0.7,782,0,4070,8140,0.15085995085995085,0.15085995085995085,0.15085995085995085,0.25,0.09914004914004915,14.60648437336602,959,1.0,1.0,1.0,0.0,20,1.0,1.0
tabular-adult,greedy_entropy,1,0.9,778,1,1645,3290,0.3048632218844985,0.3048632218844985,0.3048632218844985,0.25,-0.05486322188449849,-5.138822575947914,374,1.3900836217958456e-12,1.3900836217958456e-12,0.0,1.0,20,1.3900836217958456e-12,3.4797569352250334e-22
tabular-adult,greedy_entropy,1,0.9,779,1,1645,3265,0.29709035222052066,0.29709035222052066,0.29709035222052066,0.25,-0.04709035222052066,-4.410768394346233,374,1.3156789137358219e-10,1.3156789137358219e-10,0.0,1.0,20,1.5238184756087996e-10,1.7639284077616916e-18
tabular-adult,greedy_entropy,1,0.9,780,1,1645,3278,0.29591214154972545,0.29591214154972545,0.29591214154972545,0.25,-0.04591214154972545,-4.300410027004051,374,2.532617073828626e-10,2.532617073828626e-10,0.0,1.0,20,2.1610186099082764e-10,5.2736143589388034e-18
tabular-adult,greedy_entropy,1,0.9,781,1,1645,3262,0.3108522378908645,0.3108522378908645,0.3108522378908645,0.25,-0.060852237890864525,-5.699790189662249,374,3.189294619335924e-14,3.189294619335924e-14,0.0,1.0,20,4.412662640089606e-14,4.988504813146583e-25
tabular-adult,greedy_entropy,1,0.9,782,1,1645,3240,0.29074074074074074,0.29074074074074074,0.29074074074074074,0.25,-0.040740740740740744,-3.8160252184991275,374,4.020825866055863e-09,4.020825866055863e-09,0.0,1.0,20,4.697962449716221e-09,1.067858408159535e-15
tabular-adult,greedy_entropy,1,dep,778,2,877,1712,0.3300233644859813,0.3300233644859813,0.3300233644859813,0.25,-0.0800233644859813,-5.472880525366996,192,2.83697745380253e-13,2.83697745380253e-13,0.0,1.0,20,4.280053796650777e-13,1.3242758555134903e-22
tabular-adult,greedy_entropy,1,dep,779,2,877,1703,0.3211978860833823,0.32061068702290074,0.3211978860833823,0.25,-0.07119788608338229,-4.869296944660482,192,1.285210117605859e-11,1.6415576662804944e-11,0.0,1.0,20,1.8710940794046903e-11,1.112153302351909e-19
tabular-adult,greedy_entropy,1,dep,780,2,877,1737,0.32930339666090963,0.32930339666090963,0.32930339666090963,0.25,-0.07930339666090963,-5.423641182407156,192,3.908991680677952e-13,3.908991680677952e-13,0.0,1.0,20,5.043398516572381e-13,1.3910077551249558e-22
tabular-adult,greedy_entropy,1,dep,781,2,877,1686,0.3446026097271649,0.3446026097271649,0.3446026097271649,0.25,-0.09460260972716489,-6.469970161219548,192,3.011646546690261e-16,3.011646546690261e-16,0.0,1.0,20,7.763847605978551e-16,2.1830479475062525e-27
tabular-adult,greedy_entropy,1,dep,782,2,877,1675,0.32597014925373136,0.32597014925373136,0.32597014925373136,0.25,-0.07597014925373136,-5.195676950483718,192,1.6868721165831902e-12,1.6868721165831902e-12,0.0,1.0,20,3.975356496987193e-12,5.690255388292285e-21
tabular-adult,greedy_entropy,2,0.5,778,0,4070,8140,0.149017199017199,0.149017199017199,0.14803439803439802,0.2,0.050982800982801,8.131317237973812,760,0.9999999999749569,0.9999999999749569,1.0,0.0,20,0.9999999999749569,1.0
tabular-adult,greedy_entropy,2,0.5,779,0,4070,8140,0.14926289926289926,0.14926289926289926,0.14877149877149878,0.2,0.05073710073710075,8.092130166947431,760,0.9999999999660563,0.9999999999660563,1.0,0.0,20,0.9999999999660563,1.0
tabular-adult,greedy_entropy,2,0.5,780,0,4070,8140,0.1457002457002457,0.1457002457002457,0.1457002457002457,0.2,0.05429975429975431,8.660342696829938,760,0.9999999999996716,0.9999999999996716,1.0,0.0,20,0.9999999999996716,1.0
tabular-adult,greedy_entropy,2,0.5,781,0,4070,8140,0.14373464373464373,0.14373464373464373,0.14373464373464373,0.2,0.05626535626535628,8.973839265040978,760,0.9999999999999795,0.9999999999999795,1.0,0.0,20,0.9999999999999795,1.0
tabular-adult,greedy_entropy,2,0.5,782,0,4070,8140,0.14471744471744472,0.14471744471744472,0.14471744471744472,0.2,0.055282555282555296,8.817090980935458,760,0.9999999999999164,0.9999999999999164,1.0,0.0,20,0.9999999999999164,1.0
tabular-adult,greedy_entropy,2,0.7,778,0,4070,8140,0.149017199017199,0.149017199017199,0.14803439803439802,0.2,0.050982800982801,8.131317237973812,760,0.9999999999749569,0.9999999999749569,1.0,0.0,20,0.9999999999749569,1.0
tabular-adult,greedy_entropy,2,0.7,779,0,4070,8140,0.14926289926289926,0.14926289926289926,0.14877149877149878,0.2,0.05073710073710075,8.092130166947431,760,0.9999999999660563,0.9999999999660563,1.0,0.0,20,0.9999999999660563,1.0
tabular-adult,greedy_entropy,2,0.7,780,0,4070,8140,0.1457002457002457,0.1457002457002457,0.1457002457002457,0.2,0.05429975429975431,8.660342696829938,760,0.9999999999996716,0.9999999999996716,1.0,0.0,20,0.9999999999996716,1.0
tabular-adult,greedy_entropy,2,0.7,781,0,4070,8140,0.14373464373464373,0.14373464373464373,0.14373464373464373,0.2,0.05626535626535628,8.973839265040978,760,0.9999999999999795,0.9999999999999795,1.0,0.0,20,0.9999999999999795,1.0
tabular-adult,greedy_entropy,2,0.7,782,0,4070,8140,0.14471744471744472,0.14471744471744472,0.14471744471744472,0.2,0.055282555282555296,8.817090980935458,760,0.9999999999999164,0.9999999999999164,1.0,0.0,20,0.9999999999999164,1.0
tabular-adult,greedy_entropy,2,0.9,778,3,1424,2774,0.32299927901946646,0.3226387887527037,0.32083633741888967,0.2,-0.12299927901946645,-11.60372877526212,253,3.008407831787933e-35,4.2359280265261395e-35,0.0,0.4,20,1.5847318285886513e-34,1.2965339036802759e-59
tabular-adult,greedy_entropy,2,0.9,779,3,1424,2747,0.32180560611576264,0.3214415726246815,0.3174372042227885,0.2,-0.12180560611576263,-11.49111789874823,253,9.318782075420116e-35,1.313700566086e-34,0.0,0.15,20,5.525560173662164e-34,2.46930333425116e-58
tabular-adult,greedy_entropy,2,0.9,780,3,1424,2771,0.31035727174305305,0.30963551064597616,0.31035727174305305,0.2,-0.11035727174305304,-10.411084194092057,253,3.328451163076863e-30,6.3054521706367655e-30,0.0,0.1,20,7.576941699565029e-30,2.881020126344343e-51
tabular-adult,greedy_entropy,2,0.9,781,3,1424,2767,0.3093603180339718,0.30899891579327793,0.3093603180339718,0.2,-0.10936031803397178,-10.317031769281993,253,8.039157730736752e-30,1.1053520458134745e-29,0.0,0.25,20,2.558353786355419e-29,1.4185391601620335e-50
tabular-adult,greedy_entropy,2,0.9,782,3,1424,2775,0.30342342342342343,0.30342342342342343,0.30342342342342343,0.2,-0.10342342342342342,-9.756946251892774,253,1.3819435053504303e-27,1.3819435053504303e-27,0.0,0.25,20,4.054699665364351e-27,5.575685700605841e-47
tabular-adult,greedy_entropy,2,dep,778,1,992,2098,0.2063870352716873,0.20591039084842708,0.20305052430886558,0.2,-0.006387035271687297,-0.5029156602085694,171,0.0039535307514635895,0.004400695769707305,0.0,1.0,20,0.004140137020212844,0.0001261292046684391
tabular-adult,greedy_entropy,2,dep,779,1,992,2087,0.19885002395783422,0.19837086727359846,0.19741255390512696,0.2,0.0011499760421657956,0.09054920410938413,171,0.01892182909539304,0.020707772913921597,0.0,1.0,20,0.02020081899361865,0.0022145126897435805
tabular-adult,greedy_entropy,2,dep,780,1,992,2057,0.18473505104521148,0.18376276130286825,0.18473505104521148,0.2,0.015264948954788526,1.2019632826639322,171,0.16819399801005286,0.1886324695915482,0.1,0.9,20,0.17996181610826698,0.10067872597887355
tabular-adult,greedy_entropy,2,dep,781,1,992,2092,0.19550669216061187,0.1950286806883365,0.19550669216061187,0.2,0.004493307839388144,0.35380341307701246,171,0.03468055615239256,0.03764953975677633,0.0,1.0,20,0.041674869825934165,0.006608653932588001
tabular-adult,greedy_entropy,2,dep,782,1,992,2070,0.20096618357487922,0.20096618357487922,0.20096618357487922,0.2,-0.0009661835748792091,-0.07607737076339773,171,0.012535569557890648,0.012535569557890648,0.0,1.0,20,0.012444793599358302,0.0010487714132116212
tabular-adult,random,0,0.5,778,0,4070,8140,0.14692874692874694,0.14692874692874694,0.14692874692874694,0.25,0.10307125307125306,15.185675823115353,959,1.0,1.0,1.0,0.0,20,1.0,1.0
tabular-adult,random,0,0.5,779,0,4070,8140,0.14275184275184274,0.14275184275184274,0.14275184275184274,0.25,0.10724815724815726,15.801066738474024,959,1.0,1.0,1.0,0.0,20,1.0,1.0
tabular-adult,random,0,0.5,780,0,4070,8140,0.1468058968058968,0.1468058968058968,0.1468058968058968,0.25,0.10319410319410319,15.20377555592002,959,1.0,1.0,1.0,0.0,20,1.0,1.0
tabular-adult,random,0,0.5,781,0,4070,8140,0.14692874692874694,0.14692874692874694,0.14692874692874694,0.25,0.10307125307125306,15.185675823115353,959,1.0,1.0,1.0,0.0,20,1.0,1.0
tabular-adult,random,0,0.5,782,0,4070,8140,0.15073710073710073,0.15073710073710073,0.15073710073710073,0.25,0.09926289926289927,14.624584106170689,959,1.0,1.0,1.0,0.0,20,1.0,1.0
tabular-adult,random,0,0.7,778,0,4070,8140,0.14692874692874694,0.14692874692874694,0.14692874692874694,0.25,0.10307125307125306,15.185675823115353,959,1.0,1.0,1.0,0.0,20,1.0,1.0
tabular-adult,random,0,0.7,779,0,4070,8140,0.14275184275184274,0.14275184275184274,0.14275184275184274,0.25,0.10724815724815726,15.801066738474024,959,1.0,1.0,1.0,0.0,20,1.0,1.0
tabular-adult,random,0,0.7,780,0,4070,8140,0.1468058968058968,0.1468058968058968,0.1468058968058968,0.25,0.10319410319410319,15.20377555592002,959,1.0,1.0,1.0,0.0,20,1.0,1.0
tabular-adult,random,0,0.7,781,0,4070,8140,0.14692874692874694,0.14692874692874694,0.14692874692874694,0.25,0.10307125307125306,15.185675823115353,959,1.0,1.0,1.0,0.0,20,1.0,1.0
tabular-adult,random,0,0.7,782,0,4070,8140,0.15073710073710073,0.15073710073710073,0.15073710073710073,0.25,0.09926289926289927,14.624584106170689,959,1.0,1.0,1.0,0.0,20,1.0,1.0
tabular-adult,random,0,0.9,778,2,1525,3036,0.30270092226613965,0.30237154150197626,0.30270092226613965,0.25,-0.05270092226613965,-4.752832414042575,345,1.4752294419093284e-11,1.7745440128146308e-11,0.0,1.0,20,2.069529902849138e-11,4.3541473776121905e-20
tabular-adult,random,0,0.9,779,2,1525,3060,0.29183006535947714,0.29183006535947714,0.29183006535947714,0.25,-0.04183006535947714,-3.772444237655756,345,4.621577153710368e-09,4.621577153710368e-09,0.0,1.0,20,4.172006999688856e-09,1.2726762565131905e-15
tabular-adult,random,0,0.9,780,2,1525,3034,0.3015820698747528,0.3009228740936058,0.3015820698747528,0.25,-0.05158206987475278,-4.651928716656444,345,2.7556034465935224e-11,3.967798199046564e-11,0.0,1.0,20,2.8709184086892216e-11,1.3768358023539592e-19
tabular-adult,random,0,0.9,781,2,1525,3021,0.3018867924528302,0.3015557762330354,0.3018867924528302,0.25,-0.05188679245283018,-4.679410120853945,345,2.326152502105813e-11,2.7961092841630854e-11,0.0,1.0,20,3.3888700684428856e-11,1.1456774385578117e-19
tabular-adult,random,0,0.9,782,2,1525,3051,0.3143231727302524,0.3143231727302524,0.3136676499508358,0.25,-0.0643231727302524,-5.800985014693499,345,1.4360289416881734e-14,1.4360289416881734e-14,0.0,1.0,20,1.270471144326248e-14,1.3050452695195889e-25
tabular-adult,random,0,dep,778,2,909,1860,0.2543010752688172,0.2543010752688172,0.25268817204301075,0.25,-0.004301075268817178,-0.29947346555749,199,0.007263677508007466,0.007263677508007466,0.0,1.0,20,0.007308342929661084,0.000358340994770246
tabular-adult,random,0,dep,779,2,909,1803,0.24348308374930672,0.24348308374930672,0.2418191902384914,0.25,0.006516916250693283,0.45375711243475997,199,0.04459192068314066,0.04459192068314066,0.0,1.0,20,0.049418602568279194,0.009223301986714538
tabular-adult,random,0,dep,780,2,909,1839,0.24687330070690594,0.2463295269168026,0.24687330070690594,0.25,0.0031266992930940596,0.2177045074862263,199,0.02652713959707528,0.028919202816853052,0.0,1.0,20,0.028700726144329454,0.0037284261135596157
tabular-adult,random,0,dep,781,2,909,1833,0.24931805782869612,0.24931805782869612,0.24931805782869612,0.25,0.0006819421713038787,0.04748198359391529,199,0.01773764915986564,0.01773764915986564,0.0,1.0,20,0.01901260783639384,0.0018098338950127825
tabular-adult,random,0,dep,782,2,909,1877,0.26052210974960044,0.26052210974960044,0.25732551944592436,0.25,-0.010522109749600439,-0.7326290461677194,199,0.002079999062511524,0.002079999062511524,0.0,1.0,20,0.0021032409501198757,3.5633924990930804e-05
tabular-adult,random,1,0.5,778,0,4070,8140,0.15491400491400492,0.15491400491400492,0.15491400491400492,0.25,0.09508599508599508,14.009193190812018,959,1.0,1.0,1.0,0.0,20,1.0,1.0
tabular-adult,random,1,0.5,779,0,4070,8140,0.1517199017199017,0.1517199017199017,0.1517199017199017,0.25,0.09828009828009829,14.479786243733354,959,1.0,1.0,1.0,0.0,20,1.0,1.0
tabular-adult,random,1,0.5,780,0,4070,8140,0.15356265356265356,0.15356265356265356,0.15356265356265356,0.25,0.09643734643734644,14.208290251663355,959,1.0,1.0,1.0,0.0,20,1.0,1.0
tabular-adult,random,1,0.5,781,0,4070,8140,0.15835380835380836,0.15835380835380836,0.15835380835380836,0.25,0.09164619164619164,13.502400672281352,959,1.0,1.0,1.0,0.0,20,1.0,1.0
tabular-adult,random,1,0.5,782,0,4070,8140,0.15085995085995085,0.15085995085995085,0.15085995085995085,0.25,0.09914004914004915,14.60648437336602,959,1.0,1.0,1.0,0.0,20,1.0,1.0
tabular-adult,random,1,0.7,778,0,4070,8140,0.15491400491400492,0.15491400491400492,0.15491400491400492,0.25,0.09508599508599508,14.009193190812018,959,1.0,1.0,1.0,0.0,20,1.0,1.0
tabular-adult,random,1,0.7,779,0,4070,8140,0.1517199017199017,0.1517199017199017,0.1517199017199017,0.25,0.09828009828009829,14.479786243733354,959,1.0,1.0,1.0,0.0,20,1.0,1.0
tabular-adult,random,1,0.7,780,0,4070,8140,0.15356265356265356,0.15356265356265356,0.15356265356265356,0.25,0.09643734643734644,14.208290251663355,959,1.0,1.0,1.0,0.0,20,1.0,1.0
tabular-adult,random,1,0.7,781,0,4070,8140,0.15835380835380836,0.15835380835380836,0.15835380835380836,0.25,0.09164619164619164,13.502400672281352,959,1.0,1.0,1.0,0.0,20,1.0,1.0
tabular-adult,random,1,0.7,782,0,4070,8140,0.15085995085995085,0.15085995085995085,0.15085995085995085,0.25,0.09914004914004915,14.60648437336602,959,1.0,1.0,1.0,0.0,20,1.0,1.0
tabular-adult,random,1,0.9,778,3,1415,2886,0.3284823284823285,0.3284823284823285,0.3284823284823285,0.25,-0.0784823284823285,-6.817881733939158,319,9.857298580713306e-18,9.857298580713306e-18,0.0,1.0,20,6.807171326698994e-18,9.920789805426303e-32
tabular-adult,random,1,0.9,779,3,1415,2859,0.3242392444910808,0.3242392444910808,0.322840153899965,0.25,-0.07423924449108082,-6.449278439427949,319,1.5955309040734638e-16,1.5955309040734638e-16,0.0,1.0,20,1.5174134347512041e-16,2.4843517831407742e-29
tabular-adult,random,1,0.9,780,3,1415,2938,0.32573179033356026,0.32573179033356026,0.32573179033356026,0.25,-0.07573179033356026,-6.578938214224241,319,6.057969338413023e-17,6.057969338413023e-17,0.0,0.9,20,2.4217206602675502e-17,1.0989893326141183e-30
tabular-adult,random,1,0.9,781,3,1415,2882,0.3379597501734906,0.3379597501734906,0.33691880638445526,0.25,-0.08795975017349061,-7.641200071742581,319,1.3916950922018912e-20,1.3916950922018912e-20,0.0,0.95,20,6.78378403802319e-21,7.3702987186617365e-37
tabular-adult,random,1,0.9,782,3,1415,2863,0.3168005588543486,0.3168005588543486,0.3168005588543486,0.25,-0.0668005588543486,-5.803068268196705,319,1.6656183230866633e-14,1.6656183230866633e-14,0.0,0.75,20,1.26426151015575e-14,1.0725560857386741e-25
tabular-adult,random,1,dep,778,1,866,1793,0.22476296709425544,0.22476296709425544,0.22476296709425544,0.25,0.025237032905744555,1.7151282644839654,189,0.33994786772943236,0.33994786772943236,0.35,0.65,20,0.350155956534431,0.29962446697014034
tabular-adult,random,1,dep,779,1,866,1784,0.2320627802690583,0.2320627802690583,0.2320627802690583,0.25,0.0179372197309417,1.219027318373659,189,0.1782715120106053,0.1782715120106053,0.05,0.95,20,0.1811590070856268,0.10444773937299234
tabular-adult,random,1,dep,780,1,866,1836,0.22494553376906318,0.22494553376906318,0.22494553376906318,0.25,0.025054466230936823,1.7027208921401142,189,0.3352586593046834,0.3352586593046834,0.25,0.75,20,0.34861561864387125,0.30412196460422813
tabular-adult,random,1,dep,781,1,866,1809,0.23493642896627973,0.23493642896627973,0.23493642896627973,0.25,0.015063571033720274,1.023731931581969,189,0.13126091441980212,0.13126091441980212,0.0,1.0,20,0.13774776506189382,0.06344430826530909
tabular-adult,random,1,dep,782,1,866,1799,0.21067259588660367,0.21011673151750973,0.21067259588660367,0.25,0.03932740411339633,2.6727207836035043,189,0.7235214329144657,0.7368546705706565,0.8,0.2,20,0.7421215104543288,0.8238765883015036
tabular-adult,random,2,0.5,778,0,4070,8140,0.149017199017199,0.14889434889434888,0.149017199017199,0.2,0.050982800982801,8.131317237973812,760,0.9999999999749569,0.9999999999785081,1.0,0.0,20,0.9999999999749569,1.0
tabular-adult,random,2,0.5,779,0,4070,8140,0.14926289926289926,0.14926289926289926,0.14926289926289926,0.2,0.05073710073710075,8.092130166947431,760,0.9999999999660563,0.9999999999660563,1.0,0.0,20,0.9999999999660563,1.0
tabular-adult,random,2,0.5,780,0,4070,8140,0.1457002457002457,0.1457002457002457,0.1457002457002457,0.2,0.05429975429975431,8.660342696829938,760,0.9999999999996716,0.9999999999996716,1.0,0.0,20,0.9999999999996716,1.0
tabular-adult,random,2,0.5,781,0,4070,8140,0.14373464373464373,0.14373464373464373,0.14373464373464373,0.2,0.05626535626535628,8.973839265040978,760,0.9999999999999795,0.9999999999999795,1.0,0.0,20,0.9999999999999795,1.0
tabular-adult,random,2,0.5,782,0,4070,8140,0.14471744471744472,0.14471744471744472,0.14471744471744472,0.2,0.055282555282555296,8.817090980935458,760,0.9999999999999164,0.9999999999999164,1.0,0.0,20,0.9999999999999164,1.0
tabular-adult,random,2,0.7,778,0,4070,8140,0.149017199017199,0.14889434889434888,0.149017199017199,0.2,0.050982800982801,8.131317237973812,760,0.9999999999749569,0.9999999999785081,1.0,0.0,20,0.9999999999749569,1.0
tabular-adult,random,2,0.7,779,0,4070,8140,0.14926289926289926,0.14926289926289926,0.14926289926289926,0.2,0.05073710073710075,8.092130166947431,760,0.9999999999660563,0.9999999999660563,1.0,0.0,20,0.9999999999660563,1.0
tabular-adult,random,2,0.7,780,0,4070,8140,0.1457002457002457,0.1457002457002457,0.1457002457002457,0.2,0.05429975429975431,8.660342696829938,760,0.9999999999996716,0.9999999999996716,1.0,0.0,20,0.9999999999996716,1.0
tabular-adult,random,2,0.7,781,0,4070,8140,0.14373464373464373,0.14373464373464373,0.14373464373464373,0.2,0.05626535626535628,8.973839265040978,760,0.9999999999999795,0.9999999999999795,1.0,0.0,20,0.9999999999999795,1.0
tabular-adult,random,2,0.7,782,0,4070,8140,0.14471744471744472,0.14471744471744472,0.14471744471744472,0.2,0.055282555282555296,8.817090980935458,760,0.9999999999999164,0.9999999999999164,1.0,0.0,20,0.9999999999999164,1.0
tabular-adult,random,2,0.9,778,3,1588,3125,0.31712,0.31712,0.31712,0.2,-0.11712,-11.667997339732297,284,8.107511926282672e-36,8.107511926282672e-36,0.0,0.4,20,2.2383059337593872e-35,1.734355832137466e-61
tabular-adult,random,2,0.9,779,3,1588,3109,0.3126407204889032,0.3126407204889032,0.3126407204889032,0.2,-0.11264072048890317,-11.221752279798936,284,7.326428209335844e-34,7.326428209335844e-34,0.0,0.5,20,1.7999124926331192e-33,5.769541122946906e-58
tabular-adult,random,2,0.9,780,3,1588,3106,0.30553766902768836,0.30553766902768836,0.30553766902768836,0.2,-0.10553766902768835,-10.514115791125473,284,7.345995204772634e-31,7.345995204772634e-31,0.0,0.65,20,1.9012129022701303e-30,6.683175542846187e-53
tabular-adult,random,2,0.9,781,3,1588,3139,0.3004141446320484,0.2997769990442816,0.3004141446320484,0.2,-0.1004141446320484,-10.003688289260884,284,8.983189132151164e-29,1.6159825880559015e-28,0.0,0.95,20,1.0653359261911295e-28,8.10673490549085e-50
tabular-adult,random,2,0.9,782,3,1588,3130,0.2958466453674121,0.2958466453674121,0.2958466453674121,0.2,-0.09584664536741211,-9.548654398644377,284,5.740681219414861e-27,5.740681219414861e-27,0.0,1.0,20,7.392745960957665e-27,1.2355387915573456e-46
tabular-adult,random,2,dep,778,2,934,1736,0.26900921658986177,0.26900921658986177,0.2672811059907834,0.2,-0.06900921658986175,-5.272548022564366,161,2.1554934166002795e-12,2.1554934166002795e-12,0.0,1.0,20,4.833468582445547e-12,3.297872943193579e-20
tabular-adult,random,2,dep,779,2,934,1774,0.26099210822998875,0.26042841037204056,0.26099210822998875,0.2,-0.06099210822998874,-4.660012611812539,161,8.002096378022272e-11,1.022671785374118e-10,0.0,1.0,20,1.435854142583121e-10,6.958001826290035e-18
tabular-adult,random,2,dep,780,2,934,1732,0.2684757505773672,0.2684757505773672,0.2684757505773672,0.2,-0.06847575057736721,-5.231789333967738,161,2.761405335838168e-12,2.761405335838168e-12,0.0,1.0,20,7.883963519641933e-12,5.282279503288836e-20
tabular-adult,random,2,dep,781,2,934,1750,0.26057142857142856,0.26057142857142856,0.26057142857142856,0.2,-0.060571428571428554,-4.627871199237796,161,9.610712094821112e-11,9.610712094821112e-11,0.0,1.0,20,2.3295356973272594e-10,1.3245111813291371e-17
tabular-adult,random,2,dep,782,2,934,1728,0.2534722222222222,0.25289351851851855,0.2534722222222222,0.2,-0.0534722222222222,-4.08546674592042,161,1.9152094925185744e-09,2.423987900944998e-09,0.0,1.0,20,4.66748376618292e-09,2.4434583140262975e-15
