cal_frac,dataset,policy,seed,key,split,k_star,n_k,n_k_calpool,r_full,rmin_thr,rmin_depth,alpha,margin,z,k_max,pred_tier1,pred_tier1_thr,obs_tier1,tier3_share,n_draws_split,pred_tier1_nk_calpool,pred_tier1_hyper
0.25,csv-diabetes,greedy_entropy,0,0.5,778,0,4143,16571,0.09528694707621749,0.09528694707621749,0.0936575945929636,0.15,0.05471305292378251,9.862643219617446,573,1.0,1.0,1.0,0.0,20,1.0,1.0
0.25,csv-diabetes,greedy_entropy,0,0.5,779,0,4143,16571,0.0938386337577696,0.0935369018164263,0.0923903204393217,0.15,0.05616136624223039,10.12371798636406,573,1.0,1.0,1.0,0.0,20,1.0,1.0
0.25,csv-diabetes,greedy_entropy,0,0.5,780,0,4143,16571,0.0955886790175608,0.09534729346448614,0.09311447709854566,0.15,0.0544113209824392,9.808252643211901,573,1.0,1.0,1.0,0.0,20,1.0,1.0
0.25,csv-diabetes,greedy_entropy,0,0.5,781,0,4143,16571,0.09697664594774003,0.09697664594774003,0.09420071208738157,0.15,0.05302335405225997,9.558055991746395,573,1.0,1.0,1.0,0.0,20,1.0,1.0
0.25,csv-diabetes,greedy_entropy,0,0.5,782,0,4143,16571,0.09776114899523264,0.09770080260696397,0.09492486874660551,0.15,0.052238851004767356,9.416640493091977,573,1.0,1.0,1.0,0.0,20,1.0,1.0
0.25,csv-diabetes,greedy_entropy,0,0.7,778,0,4143,16571,0.09528694707621749,0.09528694707621749,0.0936575945929636,0.15,0.05471305292378251,9.862643219617446,573,1.0,1.0,1.0,0.0,20,1.0,1.0
0.25,csv-diabetes,greedy_entropy,0,0.7,779,0,4143,16571,0.0938386337577696,0.0935369018164263,0.0923903204393217,0.15,0.05616136624223039,10.12371798636406,573,1.0,1.0,1.0,0.0,20,1.0,1.0
0.25,csv-diabetes,greedy_entropy,0,0.7,780,0,4143,16571,0.0955886790175608,0.09534729346448614,0.09311447709854566,0.15,0.0544113209824392,9.808252643211901,573,1.0,1.0,1.0,0.0,20,1.0,1.0
0.25,csv-diabetes,greedy_entropy,0,0.7,781,0,4143,16571,0.09697664594774003,0.09697664594774003,0.09420071208738157,0.15,0.05302335405225997,9.558055991746395,573,1.0,1.0,1.0,0.0,20,1.0,1.0
0.25,csv-diabetes,greedy_entropy,0,0.7,782,0,4143,16571,0.09776114899523264,0.09770080260696397,0.09492486874660551,0.15,0.052238851004767356,9.416640493091977,573,1.0,1.0,1.0,0.0,20,1.0,1.0
0.25,csv-diabetes,greedy_entropy,0,0.9,778,1,830,3286,0.4023128423615338,0.4013998782714547,0.39622641509433965,0.15,-0.25231284236153384,-20.357446861965247,102,9.774215844245e-71,2.357476859030874e-70,0.0,0.0,20,4.397434905401738e-70,7.76556749593547e-81
0.25,csv-diabetes,greedy_entropy,0,0.9,779,1,830,3228,0.3990086741016109,0.395910780669145,0.39281288723667906,0.15,-0.2490086741016109,-20.09085547824966,102,2.340823041065776e-69,4.478539488459897e-68,0.0,0.0,20,1.3328724994324599e-67,4.0270723991460407e-78
0.25,csv-diabetes,greedy_entropy,0,0.9,780,1,830,3232,0.41646039603960394,0.41336633663366334,0.40748762376237624,0.15,-0.2664603960396039,-21.49891897068745,102,8.727421908579687e-77,1.9224598174460658e-75,0.0,0.0,20,5.238401571397509e-75,6.917648952104142e-86
0.25,csv-diabetes,greedy_entropy,0,0.9,781,1,830,3300,0.41545454545454547,0.41454545454545455,0.403030303030303,0.15,-0.2654545454545455,-21.417763569936728,102,2.3917272117928622e-76,5.934623888584989e-76,0.0,0.0,20,1.8192033946431876e-75,4.613606424776731e-87
0.25,csv-diabetes,greedy_entropy,0,0.9,782,1,830,3239,0.41185551096017287,0.4100030873726459,0.3988885458474838,0.15,-0.2618555109601729,-21.12738138887998,102,8.620577246583895e-75,5.381560085260826e-74,0.0,0.0,20,1.0322977066299028e-72,5.412602837931492e-84
0.25,csv-diabetes,greedy_entropy,0,dep,778,1,1079,4289,0.33271158778269994,0.32921426906038703,0.32734903240848684,0.15,-0.18271158778269994,-16.808219914980956,137,1.2048030749922958e-54,3.922553997503875e-53,0.0,1.0,20,2.313193414636445e-54,1.7112363586256808e-65
0.25,csv-diabetes,greedy_entropy,0,dep,779,1,1079,4263,0.32348111658456485,0.31996246774571896,0.3183204316209242,0.15,-0.17348111658456486,-15.959079520001353,137,1.0835140545703003e-50,3.23181414818823e-49,0.0,0.8,20,2.7739401622935377e-50,1.1637955261702387e-60
0.25,csv-diabetes,greedy_entropy,0,dep,780,1,1079,4230,0.3387706855791962,0.33404255319148934,0.3312056737588652,0.15,-0.1887706855791962,-17.36561558695666,137,2.6198336272195354e-57,3.166572674840697e-55,0.0,0.95,20,2.0694907264697577e-56,1.0819239991294207e-67
0.25,csv-diabetes,greedy_entropy,0,dep,781,1,1079,4301,0.33713089979074634,0.3345733550337131,0.32829574517554055,0.15,-0.18713089979074635,-17.21476647836862,137,1.3935415815908315e-56,1.855381901687607e-55,0.0,0.95,20,1.1998990603799998e-56,7.388252714250783e-68
0.25,csv-diabetes,greedy_entropy,0,dep,782,1,1079,4300,0.3369767441860465,0.3325581395348837,0.3267441860465116,0.15,-0.1869767441860465,-17.20058521413483,137,1.6298819397313199e-56,1.4049385684209726e-54,0.0,0.95,20,1.40305893054326e-56,9.112106135208895e-68
0.25,csv-diabetes,random,0,0.5,778,0,4143,16571,0.09528694707621749,0.09528694707621749,0.09528694707621749,0.15,0.05471305292378251,9.862643219617446,573,1.0,1.0,1.0,0.0,20,1.0,1.0
0.25,csv-diabetes,random,0,0.5,779,0,4143,16571,0.0938386337577696,0.0938386337577696,0.0938386337577696,0.15,0.05616136624223039,10.12371798636406,573,1.0,1.0,1.0,0.0,20,1.0,1.0
0.25,csv-diabetes,random,0,0.5,780,0,4143,16571,0.0955886790175608,0.0955886790175608,0.0955886790175608,0.15,0.0544113209824392,9.808252643211901,573,1.0,1.0,1.0,0.0,20,1.0,1.0
0.25,csv-diabetes,random,0,0.5,781,0,4143,16571,0.09697664594774003,0.09697664594774003,0.09697664594774003,0.15,0.05302335405225997,9.558055991746395,573,1.0,1.0,1.0,0.0,20,1.0,1.0
0.25,csv-diabetes,random,0,0.5,782,0,4143,16571,0.09776114899523264,0.09776114899523264,0.09776114899523264,0.15,0.052238851004767356,9.416640493091977,573,1.0,1.0,1.0,0.0,20,1.0,1.0
0.25,csv-diabetes,random,0,0.7,778,0,4143,16571,0.09528694707621749,0.09528694707621749,0.09528694707621749,0.15,0.05471305292378251,9.862643219617446,573,1.0,1.0,1.0,0.0,20,1.0,1.0
0.25,csv-diabetes,random,0,0.7,779,0,4143,16571,0.0938386337577696,0.0938386337577696,0.0938386337577696,0.15,0.05616136624223039,10.12371798636406,573,1.0,1.0,1.0,0.0,20,1.0,1.0
0.25,csv-diabetes,random,0,0.7,780,0,4143,16571,0.0955886790175608,0.0955886790175608,0.0955886790175608,0.15,0.0544113209824392,9.808252643211901,573,1.0,1.0,1.0,0.0,20,1.0,1.0
0.25,csv-diabetes,random,0,0.7,781,0,4143,16571,0.09697664594774003,0.09697664594774003,0.09697664594774003,0.15,0.05302335405225997,9.558055991746395,573,1.0,1.0,1.0,0.0,20,1.0,1.0
0.25,csv-diabetes,random,0,0.7,782,0,4143,16571,0.09776114899523264,0.09776114899523264,0.09776114899523264,0.15,0.052238851004767356,9.416640493091977,573,1.0,1.0,1.0,0.0,20,1.0,1.0
0.25,csv-diabetes,random,0,0.9,778,4,830,3310,0.35740181268882176,0.35740181268882176,0.35740181268882176,0.15,-0.20740181268882177,-16.733874270411082,102,4.763492051650522e-53,4.763492051650522e-53,0.0,0.25,20,8.881314605738803e-53,2.9959041402940155e-62
0.25,csv-diabetes,random,0,0.9,779,4,830,3269,0.3530131538696849,0.35270724992352404,0.3530131538696849,0.15,-0.2030131538696849,-16.37978254892091,102,1.92906896563951e-51,2.4922735297133785e-51,0.0,0.35,20,2.6026108387274427e-50,7.85655559185234e-60
0.25,csv-diabetes,random,0,0.9,780,4,830,3240,0.36419753086419754,0.36358024691358026,0.36419753086419754,0.15,-0.21419753086419754,-17.282175618647152,102,1.4020019955295249e-55,2.392124177409279e-55,0.0,0.6,20,5.28330071044223e-54,7.816420983502248e-64
0.25,csv-diabetes,random,0,0.9,781,4,830,3323,0.36864279265723743,0.36834185976527234,0.36864279265723743,0.15,-0.21864279265723743,-17.64083425802654,102,2.905804572019321e-57,3.783803248915129e-57,0.0,0.65,20,8.669053278891207e-57,4.228319725902762e-67
0.25,csv-diabetes,random,0,0.9,782,4,830,3275,0.36396946564885496,0.36366412213740457,0.36274809160305344,0.15,-0.21396946564885497,-17.263774551706028,102,1.7081538035864627e-55,2.224744583495409e-55,0.0,0.4,20,1.442855779251313e-54,2.4377868923223525e-64
0.25,csv-diabetes,random,0,dep,778,3,851,3305,0.24084720121028744,0.24084720121028744,0.24084720121028744,0.15,-0.09084720121028744,-7.422004954293645,105,5.758791730966921e-18,5.758791730966921e-18,0.0,1.0,20,1.86192172838792e-17,1.6192999287736345e-21
0.25,csv-diabetes,random,0,dep,779,3,851,3359,0.23310509080083358,0.23310509080083358,0.23310509080083358,0.15,-0.08310509080083359,-6.789492548296178,105,3.7383001631015266e-16,3.7383001631015266e-16,0.0,1.0,20,7.592346635007278e-16,1.385796429830527e-19
0.25,csv-diabetes,random,0,dep,780,3,851,3254,0.24247080516287645,0.24247080516287645,0.24247080516287645,0.15,-0.09247080516287645,-7.554649619394916,105,2.3448180045137393e-18,2.3448180045137393e-18,0.0,1.0,20,8.71821248871867e-18,9.687284973190037e-22
0.25,csv-diabetes,random,0,dep,781,3,851,3323,0.24104724646403852,0.24104724646403852,0.24104724646403852,0.15,-0.09104724646403853,-7.438348186056908,105,5.157511799580067e-18,5.157511799580067e-18,0.0,1.0,20,1.8319616545420144e-17,1.1785413240915857e-21
0.25,csv-diabetes,random,0,dep,782,3,851,3344,0.2437200956937799,0.2437200956937799,0.24252392344497609,0.15,-0.0937200956937799,-7.656713748902382,105,1.1681097492344639e-18,1.1681097492344639e-18,0.0,1.0,20,2.057513232220003e-18,1.6140496752177264e-22
0.25,csv-physionet,greedy_entropy,0,0.5,778,0,540,2160,0.12638888888888888,0.12638888888888888,0.12638888888888888,0.2,0.07361111111111113,4.276419111437357,88,0.9944456049774469,0.9944456049774469,1.0,0.0,20,0.9944456049774469,0.9984778643698573
0.25,csv-physionet,greedy_entropy,0,0.5,779,0,540,2160,0.12962962962962962,0.12916666666666668,0.12962962962962962,0.2,0.07037037037037039,4.0881490876633855,88,0.989425808481507,0.9903201872012306,1.0,0.0,20,0.989425808481507,0.9963779753883802
0.25,csv-physionet,greedy_entropy,0,0.5,780,0,540,2160,0.12175925925925926,0.12175925925925926,0.11898148148148148,0.2,0.07824074074074075,4.545376288257316,88,0.9980094432564235,0.9980094432564235,1.0,0.0,20,0.9980094432564235,0.999623335668385
0.25,csv-physionet,greedy_entropy,0,0.5,781,0,540,2160,0.13194444444444445,0.13194444444444445,0.1310185185185185,0.2,0.06805555555555556,3.953670499253405,88,0.9838352505866887,0.9838352505866887,0.95,0.05,20,0.9838352505866887,0.9936136420073155
0.25,csv-physionet,greedy_entropy,0,0.5,782,0,540,2160,0.12268518518518519,0.12268518518518519,0.12129629629629629,0.2,0.07731481481481482,4.491584852893324,88,0.9975303830065898,0.9975303830065898,1.0,0.0,20,0.9975303830065898,0.9994941484838231
0.25,csv-physionet,greedy_entropy,0,0.7,778,0,540,2160,0.12638888888888888,0.12638888888888888,0.12638888888888888,0.2,0.07361111111111113,4.276419111437357,88,0.9944456049774469,0.9944456049774469,1.0,0.0,20,0.9944456049774469,0.9984778643698573
0.25,csv-physionet,greedy_entropy,0,0.7,779,0,540,2160,0.12962962962962962,0.12916666666666668,0.12962962962962962,0.2,0.07037037037037039,4.0881490876633855,88,0.989425808481507,0.9903201872012306,1.0,0.0,20,0.989425808481507,0.9963779753883802
0.25,csv-physionet,greedy_entropy,0,0.7,780,0,540,2160,0.12175925925925926,0.12175925925925926,0.11898148148148148,0.2,0.07824074074074075,4.545376288257316,88,0.9980094432564235,0.9980094432564235,1.0,0.0,20,0.9980094432564235,0.999623335668385
0.25,csv-physionet,greedy_entropy,0,0.7,781,0,540,2160,0.13194444444444445,0.13194444444444445,0.1310185185185185,0.2,0.06805555555555556,3.953670499253405,88,0.9838352505866887,0.9838352505866887,0.95,0.05,20,0.9838352505866887,0.9936136420073155
0.25,csv-physionet,greedy_entropy,0,0.7,782,0,540,2160,0.12268518518518519,0.12268518518518519,0.12129629629629629,0.2,0.07731481481481482,4.491584852893324,88,0.9975303830065898,0.9975303830065898,1.0,0.0,20,0.9975303830065898,0.9994941484838231
0.25,csv-physionet,greedy_entropy,0,0.9,778,1,230,910,0.1879120879120879,0.1879120879120879,0.1879120879120879,0.2,0.0120879120879121,0.4583056587064128,33,0.046988943622805895,0.046988943622805895,0.05,0.95,20,0.0362499598960924,0.023379852179208713
0.25,csv-physionet,greedy_entropy,0,0.9,779,1,230,907,0.18963616317530319,0.1874310915104741,0.18963616317530319,0.2,0.010363836824696826,0.39293841882075375,33,0.040965480797326426,0.04879583027673916,0.1,0.85,20,0.03360966541353021,0.019584060003789476
0.25,csv-physionet,greedy_entropy,0,0.9,780,1,230,861,0.19279907084785133,0.1916376306620209,0.18699186991869918,0.2,0.007200929152148677,0.27301874421091576,33,0.03160274936263364,0.034802852746087055,0.0,1.0,20,0.025778253322565475,0.013664065994585618
0.25,csv-physionet,greedy_entropy,0,0.9,781,1,230,894,0.21588366890380314,0.21029082774049218,0.21140939597315436,0.2,-0.015883668903803133,-0.6022194144604699,33,0.0035366320069580496,0.0062989755177556665,0.0,0.8,20,0.0036794821011003724,0.0008923841649483944
0.25,csv-physionet,greedy_entropy,0,0.9,782,1,230,900,0.20444444444444446,0.2011111111111111,0.1988888888888889,0.2,-0.004444444444444445,-0.16850834320114558,33,0.011160315508163019,0.01523880267538945,0.0,0.95,20,0.010486136090227144,0.00376662840360697
0.25,csv-physionet,greedy_entropy,0,dep,778,0,540,2160,0.12638888888888888,0.12638888888888888,0.12638888888888888,0.2,0.07361111111111113,4.276419111437357,88,0.9944456049774469,0.9944456049774469,1.0,0.0,20,0.9944456049774469,0.9984778643698573
0.25,csv-physionet,greedy_entropy,0,dep,779,0,540,2160,0.12962962962962962,0.12916666666666668,0.12962962962962962,0.2,0.07037037037037039,4.0881490876633855,88,0.989425808481507,0.9903201872012306,1.0,0.0,20,0.989425808481507,0.9963779753883802
0.25,csv-physionet,greedy_entropy,0,dep,780,0,540,2160,0.12175925925925926,0.12175925925925926,0.11898148148148148,0.2,0.07824074074074075,4.545376288257316,88,0.9980094432564235,0.9980094432564235,1.0,0.0,20,0.9980094432564235,0.999623335668385
0.25,csv-physionet,greedy_entropy,0,dep,781,0,540,2160,0.13194444444444445,0.13194444444444445,0.1310185185185185,0.2,0.06805555555555556,3.953670499253405,88,0.9838352505866887,0.9838352505866887,0.95,0.05,20,0.9838352505866887,0.9936136420073155
0.25,csv-physionet,greedy_entropy,0,dep,782,0,540,2160,0.12268518518518519,0.12268518518518519,0.12129629629629629,0.2,0.07731481481481482,4.491584852893324,88,0.9975303830065898,0.9975303830065898,1.0,0.0,20,0.9975303830065898,0.9994941484838231
0.25,csv-physionet,random,0,0.5,778,0,540,2160,0.12638888888888888,0.1259259259259259,0.12638888888888888,0.2,0.07361111111111113,4.276419111437357,88,0.9944456049774469,0.9949583991894376,1.0,0.0,20,0.9944456049774469,0.9984778643698573
0.25,csv-physionet,random,0,0.5,779,0,540,2160,0.12962962962962962,0.12916666666666668,0.12962962962962962,0.2,0.07037037037037039,4.0881490876633855,88,0.989425808481507,0.9903201872012306,1.0,0.0,20,0.989425808481507,0.9963779753883802
0.25,csv-physionet,random,0,0.5,780,0,540,2160,0.12175925925925926,0.12129629629629629,0.12175925925925926,0.2,0.07824074074074075,4.545376288257316,88,0.9980094432564235,0.9982164946998752,1.0,0.0,20,0.9980094432564235,0.999623335668385
0.25,csv-physionet,random,0,0.5,781,0,540,2160,0.13194444444444445,0.13148148148148148,0.13194444444444445,0.2,0.06805555555555556,3.953670499253405,88,0.9838352505866887,0.9851166041916195,0.95,0.05,20,0.9838352505866887,0.9936136420073155
0.25,csv-physionet,random,0,0.5,782,0,540,2160,0.12268518518518519,0.12268518518518519,0.12268518518518519,0.2,0.07731481481481482,4.491584852893324,88,0.9975303830065898,0.9975303830065898,1.0,0.0,20,0.9975303830065898,0.9994941484838231
0.25,csv-physionet,random,0,0.7,778,0,540,2160,0.12638888888888888,0.1259259259259259,0.12638888888888888,0.2,0.07361111111111113,4.276419111437357,88,0.9944456049774469,0.9949583991894376,1.0,0.0,20,0.9944456049774469,0.9984778643698573
0.25,csv-physionet,random,0,0.7,779,0,540,2160,0.12962962962962962,0.12916666666666668,0.12962962962962962,0.2,0.07037037037037039,4.0881490876633855,88,0.989425808481507,0.9903201872012306,1.0,0.0,20,0.989425808481507,0.9963779753883802
0.25,csv-physionet,random,0,0.7,780,0,540,2160,0.12175925925925926,0.12129629629629629,0.12175925925925926,0.2,0.07824074074074075,4.545376288257316,88,0.9980094432564235,0.9982164946998752,1.0,0.0,20,0.9980094432564235,0.999623335668385
0.25,csv-physionet,random,0,0.7,781,0,540,2160,0.13194444444444445,0.13148148148148148,0.13194444444444445,0.2,0.06805555555555556,3.953670499253405,88,0.9838352505866887,0.9851166041916195,0.95,0.05,20,0.9838352505866887,0.9936136420073155
0.25,csv-physionet,random,0,0.7,782,0,540,2160,0.12268518518518519,0.12268518518518519,0.12268518518518519,0.2,0.07731481481481482,4.491584852893324,88,0.9975303830065898,0.9975303830065898,1.0,0.0,20,0.9975303830065898,0.9994941484838231
0.25,csv-physionet,random,0,0.9,778,1,224,938,0.1865671641791045,0.18443496801705758,0.1865671641791045,0.2,0.013432835820895522,0.5026106937457533,32,0.05205471896488651,0.061113927065631554,0.05,0.95,20,0.04067997588115864,0.02748977027686765
0.25,csv-physionet,random,0,0.9,779,1,224,903,0.1672203765227021,0.16611295681063123,0.1672203765227021,0.2,0.0327796234772979,1.226501203195002,32,0.18845506955216484,0.20049782881899625,0.25,0.75,20,0.17323041459122157,0.13766875744223223
0.25,csv-physionet,random,0,0.9,780,1,224,910,0.16593406593406593,0.15934065934065933,0.16483516483516483,0.2,0.034065934065934084,1.274630538351563,32,0.2024897174983648,0.2847389100918071,0.0,1.0,20,0.1716135345434298,0.15249819318243663
0.25,csv-physionet,random,0,0.9,781,1,224,895,0.19217877094972066,0.18994413407821228,0.19217877094972066,0.2,0.007821229050279349,0.29264359449628663,32,0.03339897578460152,0.0400029337098355,0.0,0.95,20,0.03339897578460152,0.01489814675136731
0.25,csv-physionet,random,0,0.9,782,1,224,905,0.17569060773480663,0.1712707182320442,0.16906077348066298,0.2,0.02430939226519338,0.9095741713704611,32,0.11248296601267982,0.1486187987410082,0.05,0.95,20,0.10161683697087551,0.0714214088235149
0.25,csv-physionet,random,0,dep,778,0,540,2160,0.12638888888888888,0.1259259259259259,0.12638888888888888,0.2,0.07361111111111113,4.276419111437357,88,0.9944456049774469,0.9949583991894376,1.0,0.0,20,0.9944456049774469,0.9984778643698573
0.25,csv-physionet,random,0,dep,779,0,540,2160,0.12962962962962962,0.12916666666666668,0.12962962962962962,0.2,0.07037037037037039,4.0881490876633855,88,0.989425808481507,0.9903201872012306,1.0,0.0,20,0.989425808481507,0.9963779753883802
0.25,csv-physionet,random,0,dep,780,0,540,2160,0.12175925925925926,0.12129629629629629,0.12175925925925926,0.2,0.07824074074074075,4.545376288257316,88,0.9980094432564235,0.9982164946998752,1.0,0.0,20,0.9980094432564235,0.999623335668385
0.25,csv-physionet,random,0,dep,781,0,540,2160,0.13194444444444445,0.13148148148148148,0.13194444444444445,0.2,0.06805555555555556,3.953670499253405,88,0.9838352505866887,0.9851166041916195,0.95,0.05,20,0.9838352505866887,0.9936136420073155
0.25,csv-physionet,random,0,dep,782,0,540,2160,0.12268518518518519,0.12268518518518519,0.12268518518518519,0.2,0.07731481481481482,4.491584852893324,88,0.9975303830065898,0.9975303830065898,1.0,0.0,20,0.9975303830065898,0.9994941484838231
0.25,cube,greedy_entropy,0,0.5,778,1,458,1862,0.059613319011815255,0.059613319011815255,0.059613319011815255,0.15,0.09038668098818474,5.417290011911515,52,0.9999960994549885,0.9999960994549885,1.0,0.0,20,0.9999969401218652,0.9999999696406714
0.25,cube,greedy_entropy,0,0.5,779,1,458,1833,0.060556464811783964,0.060556464811783964,0.060556464811783964,0.15,0.08944353518821603,5.360762941041254,52,0.9999939436602475,0.9999939436602475,1.0,0.0,20,0.9999939436602475,0.9999999154095246
0.25,cube,greedy_entropy,0,0.5,780,1,458,1852,0.05939524838012959,0.05939524838012959,0.05939524838012959,0.15,0.0906047516198704,5.430359989058661,52,0.9999964834429077,0.9999964834429077,1.0,0.0,20,0.9999977296801746,0.9999999704491924
0.25,cube,greedy_entropy,0,0.5,781,1,458,1857,0.05546580506192784,0.05546580506192784,0.05546580506192784,0.15,0.09453419493807216,5.665869621753875,52,0.9999995226827078,0.9999995226827078,1.0,0.0,20,0.9999996864053613,0.999999998690879
0.25,cube,greedy_entropy,0,0.5,782,1,458,1823,0.055951727921009324,0.055951727921009324,0.055951727921009324,0.15,0.09404827207899066,5.636746027190139,52,0.9999993804297249,0.9999993804297249,1.0,0.0,20,0.9999994585861294,0.9999999967629611
0.25,cube,greedy_entropy,0,0.7,778,2,367,1548,0.06136950904392765,0.06136950904392765,0.06136950904392765,0.15,0.08863049095607234,4.755115768369475,40,0.9998200671957146,0.9998200671957146,1.0,0.0,20,0.9999280856951183,0.9999956375092107
0.25,cube,greedy_entropy,0,0.7,779,2,367,1527,0.05762933857236411,0.05762933857236411,0.05762933857236411,0.15,0.09237066142763589,4.955779709117997,40,0.9999529329604665,0.9999529329604665,1.0,0.0,20,0.9999737925039656,0.9999992847314846
0.25,cube,greedy_entropy,0,0.7,780,2,367,1513,0.05551883674818242,0.05551883674818242,0.05551883674818242,0.15,0.09448116325181757,5.069010273397651,40,0.9999795255714832,0.9999795255714832,1.0,0.0,20,0.999991601193076,0.9999997589670653
0.25,cube,greedy_entropy,0,0.7,781,2,367,1519,0.05859117840684661,0.05859117840684661,0.05859117840684661,0.15,0.09140882159315339,4.9041760260710365,40,0.9999324924494084,0.9999324924494084,1.0,0.0,20,0.9999661161298541,0.9999986171157564
0.25,cube,greedy_entropy,0,0.7,782,2,367,1510,0.052980132450331126,0.052980132450331126,0.052980132450331126,0.15,0.09701986754966888,5.205214334863622,40,0.9999930546109048,0.9999930546109048,1.0,0.0,20,0.99999733924274,0.9999999527207732
0.25,cube,greedy_entropy,0,0.9,778,3,183,717,0.16457461645746166,0.16457461645746166,0.16457461645746166,0.15,-0.014574616457461664,-0.552163363247825,17,0.0038315394633683273,0.0038315394633683273,0.0,0.95,20,0.0027051768589684043,0.0010809846899974595
0.25,cube,greedy_entropy,0,0.9,779,3,183,737,0.1628222523744912,0.1628222523744912,0.1628222523744912,0.15,-0.012822252374491194,-0.48577456677337,17,0.004573685822949317,0.004573685822949317,0.05,0.9,20,0.0041967518877382756,0.0013292887582789042
0.25,cube,greedy_entropy,0,0.9,780,3,183,677,0.1654357459379616,0.1654357459379616,0.1654357459379616,0.15,-0.015435745937961598,-0.5847874910615807,17,0.0035092463291053356,0.0035092463291053356,0.0,0.9,20,0.0029950150712356478,0.0010107050820935977
0.25,cube,greedy_entropy,0,0.9,781,3,183,690,0.16376811594202897,0.16376811594202897,0.16376811594202897,0.15,-0.01376811594202898,-0.5216088688388536,17,0.004158045348793789,0.004158045348793789,0.0,1.0,20,0.002680170318144422,0.0012204916355044774
0.25,cube,greedy_entropy,0,0.9,782,3,183,686,0.14868804664723032,0.14868804664723032,0.14868804664723032,0.15,0.0013119533527696792,0.049703714523389314,17,0.017453806403314898,0.017453806403314898,0.0,1.0,20,0.011464422072422454,0.006898977433868516
0.25,cube,greedy_entropy,0,dep,778,2,296,1230,0.08048780487804878,0.08048780487804878,0.08048780487804878,0.15,0.06951219512195121,3.34928239328259,31,0.9448997973549099,0.9448997973549099,0.95,0.05,20,0.9613605792725752,0.9734479951204149
0.25,cube,greedy_entropy,0,dep,779,2,296,1218,0.07881773399014778,0.07881773399014778,0.07881773399014778,0.15,0.07118226600985221,3.429750849365259,31,0.9562439820447534,0.9562439820447534,1.0,0.0,20,0.9607673637215772,0.979465376761456
0.25,cube,greedy_entropy,0,dep,780,2,296,1189,0.07232968881412952,0.07148864592094197,0.07232968881412952,0.15,0.07767031118587048,3.7423621176000874,31,0.9844621832897683,0.9866524948237416,1.0,0.0,20,0.9837615380064808,0.9939836857437504
0.25,cube,greedy_entropy,0,dep,781,2,296,1176,0.07908163265306123,0.0782312925170068,0.07908163265306123,0.15,0.07091836734693877,3.417035510081898,31,0.9545790114783532,0.959779398429093,0.95,0.05,20,0.9579492181724162,0.9733207602159446
0.25,cube,greedy_entropy,0,dep,782,2,296,1180,0.0711864406779661,0.06949152542372881,0.0711864406779661,0.15,0.07881355932203389,3.7974468526870404,31,0.9873752107177673,0.9908598228165927,1.0,0.0,20,0.9879373594523891,0.9951477179343619
0.25,cube,random,0,0.5,778,3,191,707,0.05374823196605375,0.05374823196605375,0.05374823196605375,0.15,0.09625176803394625,3.725377669271566,18,0.9924662538925008,0.9924662538925008,0.95,0.05,20,0.9847874601102031,0.9940210870759354
0.25,cube,random,0,0.5,779,3,191,667,0.05847076461769116,0.05847076461769116,0.05847076461769116,0.15,0.09152923538230884,3.54259434962791,18,0.9829175680472637,0.9829175680472637,0.95,0.05,20,0.9636972233729763,0.9772920292506179
0.25,cube,random,0,0.5,780,3,191,680,0.05,0.05,0.05,0.15,0.09999999999999999,3.870451156759731,18,0.99645057009745,0.99645057009745,1.0,0.0,20,0.9883292946913016,0.9964432549356819
0.25,cube,random,0,0.5,781,3,191,685,0.061313868613138686,0.061313868613138686,0.061313868613138686,0.15,0.08868613138686131,3.432553398148229,18,0.9736801070166832,0.9736801070166832,1.0,0.0,20,0.9384837412088134,0.9693870612784152
0.25,cube,random,0,0.5,782,3,191,686,0.048104956268221574,0.048104956268221574,0.048104956268221574,0.15,0.10189504373177842,3.943797898797452,18,0.9976680643670792,0.9976680643670792,0.95,0.05,20,0.9907745521399821,0.9979723339432539
0.25,cube,random,0,0.7,778,3,181,689,0.08272859216255443,0.07982583454281568,0.08272859216255443,0.15,0.06727140783744556,2.534630821321631,17,0.7586378189504713,0.8021569967849939,0.65,0.35,20,0.6499800474967419,0.7123578812841767
0.25,cube,random,0,0.7,779,3,181,633,0.08530805687203792,0.08530805687203792,0.08530805687203792,0.15,0.06469194312796207,2.4374425660829915,17,0.7168750775354181,0.7168750775354181,0.3,0.7,20,0.6280762497753681,0.6087921955402515
0.25,cube,random,0,0.7,780,3,181,648,0.07716049382716049,0.07716049382716049,0.07716049382716049,0.15,0.0728395061728395,2.744423868780099,17,0.8383462340249516,0.8383462340249516,0.85,0.15,20,0.7310457733761608,0.7764717350933743
0.25,cube,random,0,0.7,781,3,181,658,0.07446808510638298,0.07142857142857142,0.07446808510638298,0.15,0.07553191489361702,2.8458675927433013,17,0.8708662722644643,0.9024588849564839,0.65,0.35,20,0.7590621876556832,0.8277288384398147
0.25,cube,random,0,0.7,782,3,181,639,0.07355242566510173,0.07198748043818466,0.07355242566510173,0.15,0.07644757433489827,2.8803675194776086,17,0.8809609773441367,0.8970615348817227,0.75,0.25,20,0.8001074425537663,0.8264843319171451
0.25,cube,random,0,0.9,778,3,184,740,0.1472972972972973,0.1445945945945946,0.1472972972972973,0.15,0.002702702702702703,0.10267201728298747,17,0.018425556918138238,0.023355016469332725,0.0,1.0,20,0.01719388084555805,0.00834313764927229
0.25,cube,random,0,0.9,779,3,184,745,0.14899328859060404,0.14899328859060404,0.14899328859060404,0.15,0.001006711409395955,0.0382436037530584,17,0.01582792444338136,0.01582792444338136,0.05,0.95,20,0.013725353985517184,0.006927295312089408
0.25,cube,random,0,0.9,780,3,184,752,0.14095744680851063,0.13962765957446807,0.14095744680851063,0.15,0.009042553191489361,0.3435143556968038,17,0.03181040777104707,0.035510536205528964,0.0,1.0,20,0.02472583414073709,0.01668934114993812
0.25,cube,random,0,0.9,781,3,184,724,0.143646408839779,0.14226519337016574,0.143646408839779,0.15,0.006353591160220995,0.24136432792216117,17,0.025342506887402017,0.028503938821648166,0.0,1.0,20,0.03073669866574297,0.012200612138837587
0.25,cube,random,0,0.9,782,3,184,746,0.12734584450402145,0.12734584450402145,0.12734584450402145,0.15,0.022654155495978545,0.8606007025074001,17,0.09082171389637853,0.09082171389637853,0.05,0.95,20,0.08245374625105842,0.06133625771654323
0.25,cube,random,0,dep,778,3,186,714,0.08263305322128851,0.07983193277310924,0.08263305322128851,0.15,0.06736694677871148,2.5730501110033788,17,0.7232018271187246,0.769137365092191,0.65,0.35,20,0.6971980950609286,0.7366556560982234
0.25,cube,random,0,dep,779,3,186,658,0.08662613981762918,0.08662613981762918,0.08662613981762918,0.15,0.06337386018237082,2.420535971633072,17,0.6527381118249324,0.6527381118249324,0.35,0.65,20,0.5475989228543007,0.6060061676694161
0.25,cube,random,0,dep,780,3,186,672,0.07738095238095238,0.07738095238095238,0.07738095238095238,0.15,0.07261904761904761,2.7736517308840996,17,0.8062807752806895,0.8062807752806895,0.85,0.15,20,0.7708942912036217,0.7930639601159505
0.25,cube,random,0,dep,781,3,186,675,0.07407407407407407,0.07111111111111111,0.07407407407407407,0.15,0.07592592592592592,2.8999564545127017,17,0.8511585421071568,0.8857853901630722,0.7,0.3,20,0.812421454273005,0.8462053683234038
0.25,cube,random,0,dep,782,3,186,658,0.07142857142857142,0.06990881458966565,0.07142857142857142,0.15,0.07857142857142857,3.001000233415583,17,0.8823364015093537,0.898274942257709,0.9,0.1,20,0.8046468010618315,0.8699292836854872
0.25,fashionmnist,greedy_entropy,0,0.5,778,2,768,3111,0.10318225650916105,0.10318225650916105,0.1018964963034394,0.15,0.04681774349083895,3.6335906177092263,94,0.9622414156074848,0.9622414156074848,1.0,0.0,20,0.9610377975607929,0.9810628989313558
0.25,fashionmnist,greedy_entropy,0,0.5,779,2,768,3093,0.10604591011962496,0.10604591011962496,0.09925638538635628,0.15,0.04395408988037504,3.411338451852773,94,0.9346555402154662,0.9346555402154662,0.85,0.15,20,0.940524853293006,0.9599875597909227
0.25,fashionmnist,greedy_entropy,0,0.5,780,2,768,3075,0.10016260162601626,0.10016260162601626,0.09723577235772357,0.15,0.04983739837398374,3.867950260742038,94,0.9804232783749394,0.9804232783749394,1.0,0.0,20,0.9798172015734136,0.9914004678035022
0.25,fashionmnist,greedy_entropy,0,0.5,781,2,768,3119,0.1038794485411991,0.1038794485411991,0.10099390830394357,0.15,0.046120551458800896,3.5794805680258026,94,0.9565669087394175,0.9565669087394175,1.0,0.0,20,0.962758295794115,0.9775533941265673
0.25,fashionmnist,greedy_entropy,0,0.5,782,2,768,3057,0.1046777886817141,0.1046777886817141,0.10336931632319267,0.15,0.0453222113182859,3.5175202720349548,94,0.9492777626644557,0.9492777626644557,1.0,0.0,20,0.9425383858642309,0.9693774448377648
0.25,fashionmnist,greedy_entropy,0,0.7,778,3,744,3071,0.11950504721589059,0.11950504721589059,0.11950504721589059,0.15,0.030494952784109408,2.3294819016791517,91,0.6200364515912477,0.6200364515912477,0.75,0.25,20,0.6237516055203842,0.6355510953859048
0.25,fashionmnist,greedy_entropy,0,0.7,779,3,744,3054,0.12802881466928617,0.12802881466928617,0.12278978388998035,0.15,0.02197118533071382,1.6783590041499072,91,0.3444131909107541,0.3444131909107541,0.35,0.65,20,0.32400553968756923,0.3136514534148047
0.25,fashionmnist,greedy_entropy,0,0.7,780,3,744,3042,0.11702827087442472,0.11702827087442472,0.11538461538461539,0.15,0.03297172912557528,2.5186806095046093,91,0.6971192067941436,0.6971192067941436,0.85,0.15,20,0.700185089152644,0.7185414948017756
0.25,fashionmnist,greedy_entropy,0,0.7,781,3,744,3109,0.12222579607590865,0.12222579607590865,0.12093920874879382,0.15,0.027774203924091342,2.1216463535051306,91,0.5307549662818162,0.5307549662818162,0.85,0.15,20,0.5286421283946541,0.53806054575588
0.25,fashionmnist,greedy_entropy,0,0.7,782,3,744,3049,0.12594293210888816,0.12594293210888816,0.12561495572318793,0.15,0.02405706789111184,1.837697689075084,91,0.40896067907422634,0.40896067907422634,0.15,0.85,20,0.39866150089688207,0.3862163516396908
0.25,fashionmnist,greedy_entropy,0,0.9,778,4,650,2644,0.16187594553706505,0.16187594553706505,0.16111951588502268,0.15,-0.011875945537065058,-0.8479490992842698,78,0.001626968762942906,0.001626968762942906,0.0,1.0,20,0.0013267976933995552,0.0003594345999847955
0.25,fashionmnist,greedy_entropy,0,0.9,779,4,650,2694,0.17223459539717892,0.1714922048997773,0.16406829992576094,0.15,-0.022234595397178925,-1.587562445545489,78,0.00014593278812932028,0.00017551337276525692,0.0,1.0,20,0.00011765177912035942,1.5315529228091745e-05
0.25,fashionmnist,greedy_entropy,0,0.9,780,4,650,2623,0.16164696911932902,0.16164696911932902,0.15821578345406023,0.15,-0.011646969119329026,-0.8316000560379339,78,0.0017090631360222048,0.0017090631360222048,0.0,1.0,20,0.0018106014444341746,0.0003875466577383504
0.25,fashionmnist,greedy_entropy,0,0.9,781,4,650,2723,0.16709511568123395,0.1667278736687477,0.16452442159383032,0.15,-0.017095115681233952,-1.2206007428057908,78,0.000504771683899459,0.000549744412472515,0.0,1.0,20,0.00042308827235369327,7.433980296296053e-05
0.25,fashionmnist,greedy_entropy,0,0.9,782,4,650,2633,0.16445119635396885,0.16445119635396885,0.16293201671097607,0.15,-0.014451196353968854,-1.031823436178906,78,0.0009237956127409343,0.0009237956127409343,0.0,1.0,20,0.0008767510389578719,0.00017557205674023445
0.25,fashionmnist,greedy_entropy,0,dep,778,4,645,2640,0.13257575757575757,0.13257575757575757,0.13257575757575757,0.15,0.017424242424242425,1.239306335131595,77,0.17657867271652944,0.17657867271652944,0.25,0.75,20,0.1797709856316741,0.15225761665797954
0.25,fashionmnist,greedy_entropy,0,dep,779,4,645,2658,0.1455981941309255,0.145221971407073,0.1433408577878104,0.15,0.004401805869074488,0.31308023423581527,77,0.030994962583632418,0.032889166998454185,0.05,0.95,20,0.03507304896712305,0.017528386013786208
0.25,fashionmnist,greedy_entropy,0,dep,780,4,645,2582,0.1351665375677769,0.1351665375677769,0.1332300542215337,0.15,0.014833462432223082,1.0550360535970247,77,0.13157187755249505,0.13157187755249505,0.2,0.8,20,0.1283610535926466,0.10339908418155405
0.25,fashionmnist,greedy_entropy,0,dep,781,4,645,2668,0.14280359820089955,0.14205397301349326,0.14167916041979012,0.15,0.007196401799100444,0.5118470073263658,77,0.0475485596312997,0.053065406095443184,0.05,0.95,20,0.048817824261740576,0.030156020390679675
0.25,fashionmnist,greedy_entropy,0,dep,782,4,645,2591,0.1443458124276341,0.1443458124276341,0.14395986105750674,0.15,0.005654187572365882,0.4021563926765691,77,0.03768379744746261,0.03768379744746261,0.05,0.95,20,0.04388371476928215,0.022046459628288592
0.25,fashionmnist,random,0,0.5,778,3,952,3894,0.0847457627118644,0.0847457627118644,0.08217770929635336,0.15,0.06525423728813559,5.638610551157121,119,0.9999896791418879,0.9999896791418879,1.0,0.0,20,0.9999925701120534,0.9999998318159975
0.25,fashionmnist,random,0,0.5,779,3,952,3811,0.09472579375491996,0.09472579375491996,0.0910522172658095,0.15,0.05527420624508003,4.776237306462401,119,0.9990974954186099,0.9990974954186099,1.0,0.0,20,0.9990627517615223,0.9998747288748281
0.25,fashionmnist,random,0,0.5,780,3,952,3903,0.09198052779912888,0.09198052779912888,0.08916218293620293,0.15,0.058019472200871114,5.013455397231052,119,0.999693356878258,0.999693356878258,1.0,0.0,20,0.9998199511493696,0.9999798322417531
0.25,fashionmnist,random,0,0.5,781,3,952,3881,0.09662458129348106,0.09662458129348106,0.09507858799278536,0.15,0.053375418706518934,4.6121633107452995,119,0.9982085044927739,0.9982085044927739,1.0,0.0,20,0.9987118454672596,0.9997422142160357
0.25,fashionmnist,random,0,0.5,782,3,952,3934,0.09430604982206406,0.09430604982206406,0.09278088459583121,0.15,0.055693950177935936,4.8125073276433215,119,0.9992295363526519,0.9992295363526519,1.0,0.0,20,0.9995458893768734,0.9999334717305541
0.25,fashionmnist,random,0,0.7,778,4,699,2779,0.11550917596257647,0.11550917596257647,0.11406980928391508,0.15,0.034490824037423526,2.553801077830085,85,0.7168349454757353,0.7168349454757353,0.6,0.4,20,0.695766635232465,0.719757005791354
0.25,fashionmnist,random,0,0.7,779,4,699,2719,0.12688488414858404,0.12688488414858404,0.12283927914674513,0.15,0.023115115851415957,1.7115105081705961,85,0.3630161774573501,0.3630161774573501,0.3,0.7,20,0.33578916620485255,0.30807275971258874
0.25,fashionmnist,random,0,0.7,780,4,699,2810,0.12348754448398576,0.12348754448398576,0.1202846975088968,0.15,0.026512455516014236,1.963059432829286,85,0.4682519169736558,0.4682519169736558,0.55,0.45,20,0.4514013815390938,0.4382337271286241
0.25,fashionmnist,random,0,0.7,781,4,699,2804,0.13052781740370897,0.13052781740370897,0.12945791726105563,0.15,0.01947218259629102,1.4417771186955652,85,0.2623262929716658,0.2623262929716658,0.3,0.7,20,0.2529998947906453,0.21251211295153088
0.25,fashionmnist,random,0,0.7,782,4,699,2740,0.13284671532846715,0.13284671532846715,0.1302919708029197,0.15,0.017153284671532848,1.2700791617781013,85,0.20731614321518377,0.20731614321518377,0.1,0.9,20,0.20033738114940422,0.15365253605169132
0.25,fashionmnist,random,0,0.9,778,4,652,2654,0.17068575734740016,0.17068575734740016,0.16955538809344387,0.15,-0.020685757347400163,-1.4792450729279576,78,0.000188861110195898,0.000188861110195898,0.0,1.0,20,0.00021162095753853355,2.6450283943793573e-05
0.25,fashionmnist,random,0,0.9,779,4,652,2647,0.1858707971288251,0.1858707971288251,0.18209293539856442,0.15,-0.0358707971288251,-2.5651320869565253,78,3.080710824497107e-06,3.080710824497107e-06,0.0,1.0,20,3.976074015812998e-06,1.4588871929379688e-07
0.25,fashionmnist,random,0,0.9,780,4,652,2669,0.18059198201573623,0.18059198201573623,0.17609591607343575,0.15,-0.030591982015736235,-2.187642342887969,78,1.3966866398976662e-05,1.3966866398976662e-05,0.0,1.0,20,1.2425424623144948e-05,9.397503146380634e-07
0.25,fashionmnist,random,0,0.9,781,4,652,2727,0.18078474514118079,0.18078474514118079,0.1793179317931793,0.15,-0.03078474514118079,-2.201426895165524,78,1.3236450834146421e-05,1.3236450834146421e-05,0.0,1.0,20,1.045155499265999e-05,7.734602006714156e-07
0.25,fashionmnist,random,0,0.9,782,4,652,2642,0.1866010598031794,0.1866010598031794,0.18470855412566237,0.15,-0.0366010598031794,-2.617353402562239,78,2.4830841164600316e-06,2.4830841164600316e-06,0.0,1.0,20,2.2145550764109038e-06,1.1268147286835115e-07
0.25,fashionmnist,random,0,dep,778,4,730,2852,0.12868162692847124,0.12868162692847124,0.12622720897615708,0.15,0.021318373071528757,1.6130966741128427,89,0.31561031925630334,0.31561031925630334,0.25,0.75,20,0.2816244808379142,0.26896143038259235
0.25,fashionmnist,random,0,dep,779,4,730,2804,0.14800285306704708,0.14800285306704708,0.14265335235378032,0.15,0.0019971469329529146,0.15111805504349346,89,0.024454736135922715,0.024454736135922715,0.0,1.0,20,0.023897976933824602,0.01082840873950363
0.25,fashionmnist,random,0,dep,780,4,730,2863,0.1421585749214111,0.14180929095354522,0.1379671673070206,0.15,0.007841425078588898,0.5933368682561347,89,0.06290970676385517,0.06625495771229346,0.0,1.0,20,0.06088047330496449,0.0358457503099089
0.25,fashionmnist,random,0,dep,781,4,730,2849,0.14426114426114425,0.14426114426114425,0.14250614250614252,0.15,0.0057388557388557415,0.434241819227988,89,0.04554335653190258,0.04554335653190258,0.0,1.0,20,0.03945791920081015,0.023777793114259073
0.25,fashionmnist,random,0,dep,782,4,730,2831,0.1487107029318262,0.1487107029318262,0.14623807841752032,0.15,0.0012892970681737947,0.09755720127593424,89,0.021595437774202617,0.021595437774202617,0.05,0.95,20,0.021458995533075793,0.009280370480680986
0.25,image-imagenette,greedy_entropy,0,0.5,778,2,212,811,0.04562268803945746,0.04562268803945746,0.04562268803945746,0.1,0.054377311960542546,2.6391520437095837,12,0.826422580236085,0.826422580236085,0.9,0.1,20,0.7811486934022477,0.7908103839519958
0.25,image-imagenette,greedy_entropy,0,0.5,779,2,212,797,0.043914680050188205,0.043914680050188205,0.043914680050188205,0.1,0.0560853199498118,2.7220486160672452,12,0.8569471605817258,0.8569471605817258,0.85,0.15,20,0.8322414538639731,0.820051936967873
0.25,image-imagenette,greedy_entropy,0,0.5,780,2,212,826,0.048426150121065374,0.048426150121065374,0.048426150121065374,0.1,0.05157384987893463,2.5030886302126722,12,0.770012426149514,0.770012426149514,0.55,0.45,20,0.7024699516608257,0.7318063807539282
0.25,image-imagenette,greedy_entropy,0,0.5,781,2,212,812,0.04064039408866995,0.04064039408866995,0.04064039408866995,0.1,0.059359605911330056,2.880963026792455,12,0.9063680960057121,0.9063680960057121,0.9,0.1,20,0.8737122321300309,0.8926140478002271
0.25,image-imagenette,greedy_entropy,0,0.5,782,2,212,812,0.03694581280788178,0.03694581280788178,0.03694581280788178,0.1,0.06305418719211822,3.0602760782525653,12,0.9473642087557516,0.9473642087557516,1.0,0.0,20,0.9246058547250092,0.9435851553744572
0.25,image-imagenette,greedy_entropy,0,0.7,778,2,128,480,0.07083333333333333,0.07083333333333333,0.06875,0.1,0.029166666666666674,1.0999438818457408,5,0.103070895280577,0.103070895280577,0.05,0.95,20,0.14005072430974033,0.08243619897923361
0.25,image-imagenette,greedy_entropy,0,0.7,779,2,128,462,0.07142857142857142,0.07142857142857142,0.07142857142857142,0.1,0.02857142857142858,1.0774960475223583,5,0.09872691121538013,0.09872691121538013,0.0,0.9,20,0.07675432071338698,0.07417241885296273
0.25,image-imagenette,greedy_entropy,0,0.7,780,2,128,516,0.07364341085271318,0.07364341085271318,0.07364341085271318,0.1,0.02635658914728682,0.9939692221330279,5,0.08390027442384562,0.08390027442384562,0.0,1.0,20,0.08044043422007113,0.07195617398834044
0.25,image-imagenette,greedy_entropy,0,0.7,781,2,128,485,0.061855670103092786,0.061855670103092786,0.061855670103092786,0.1,0.03814432989690722,1.4385127644757254,5,0.19016041533662803,0.19016041533662803,0.15,0.85,20,0.23442923694500906,0.1676882365674733
0.25,image-imagenette,greedy_entropy,0,0.7,782,2,128,485,0.05154639175257732,0.05154639175257732,0.049484536082474224,0.1,0.04845360824742269,1.8272999981178135,5,0.34894275666505437,0.34894275666505437,0.4,0.6,20,0.40333116163754545,0.3326195112207073
0.25,image-imagenette,greedy_entropy,0,0.9,778,4,123,442,0.09276018099547512,0.09276018099547512,0.09276018099547512,0.1,0.007239819004524889,0.26764492323159983,5,0.024104751646415384,0.024104751646415384,0.0,0.9,20,0.020938568654588673,0.010627309494741844
0.25,image-imagenette,greedy_entropy,0,0.9,779,4,123,453,0.08830022075055188,0.08830022075055188,0.08830022075055188,0.1,0.011699779249448122,0.4325227629431192,5,0.03456816144958033,0.03456816144958033,0.0,0.85,20,0.024715520841387523,0.01649649224331529
0.25,image-imagenette,greedy_entropy,0,0.9,780,4,123,479,0.08768267223382047,0.08768267223382047,0.08768267223382047,0.1,0.01231732776617954,0.4553525775074151,5,0.03630298420721352,0.03630298420721352,0.0,1.0,20,0.04276306917047971,0.018438645287248003
0.25,image-imagenette,greedy_entropy,0,0.9,781,4,123,442,0.07918552036199095,0.07918552036199095,0.07692307692307693,0.1,0.02081447963800906,0.7694791542908497,5,0.06945128639206416,0.06945128639206416,0.05,0.95,20,0.05815697121759623,0.03631713655225986
0.25,image-imagenette,greedy_entropy,0,0.9,782,4,123,453,0.0728476821192053,0.0728476821192053,0.0728476821192053,0.1,0.02715231788079471,1.0037792423019563,5,0.10904484103619236,0.10904484103619236,0.05,0.95,20,0.07918308583432296,0.06412285476117822
0.25,image-imagenette,greedy_entropy,0,dep,778,3,136,498,0.0783132530120482,0.0783132530120482,0.07630522088353414,0.1,0.02168674698795181,0.8430291896161881,6,0.08528987715325798,0.08528987715325798,0.05,0.95,20,0.07072911651520027,0.04568070856563817
0.25,image-imagenette,greedy_entropy,0,dep,779,3,136,491,0.07331975560081466,0.07331975560081466,0.07331975560081466,0.1,0.026680244399185343,1.0371414775624366,6,0.12245941423738388,0.12245941423738388,0.05,0.95,20,0.10555069571251774,0.06924054306583988
0.25,image-imagenette,greedy_entropy,0,dep,780,3,136,543,0.07918968692449356,0.07918968692449356,0.07918968692449356,0.1,0.020810313075506445,0.8089595630663216,6,0.07986730065008057,0.07986730065008057,0.05,0.95,20,0.07986730065008057,0.04652004426483488
0.25,image-imagenette,greedy_entropy,0,dep,781,3,136,494,0.06680161943319839,0.06680161943319839,0.06477732793522267,0.1,0.03319838056680162,1.2905210671452485,6,0.18975739030335112,0.18975739030335112,0.05,0.95,20,0.15740398536705452,0.11875645172326904
0.25,image-imagenette,greedy_entropy,0,dep,782,3,136,509,0.06286836935166994,0.06286836935166994,0.06286836935166994,0.1,0.03713163064833007,1.4434183472505069,6,0.24219135013866278,0.24219135013866278,0.25,0.75,20,0.18380968122985775,0.16756694957085477
0.25,image-imagenette,random,0,0.5,778,2,122,482,0.04979253112033195,0.04979253112033195,0.04979253112033195,0.1,0.05020746887966806,1.8485320651170938,5,0.4293930823983609,0.4293930823983609,0.25,0.75,20,0.4456592706845973,0.3652010515104482
0.25,image-imagenette,random,0,0.5,779,2,122,483,0.049689440993788817,0.049689440993788817,0.049689440993788817,0.1,0.05031055900621119,1.8523276240003483,5,0.43144056627357774,0.43144056627357774,0.35,0.65,20,0.4395387797626776,0.3685023450974864
0.25,image-imagenette,random,0,0.5,780,2,122,509,0.06679764243614932,0.06679764243614932,0.06286836935166994,0.1,0.03320235756385069,1.2224400863815632,5,0.16859737544505177,0.16859737544505177,0.1,0.9,20,0.14184698716098174,0.12411750689673223
0.25,image-imagenette,random,0,0.5,781,2,122,505,0.05742574257425743,0.05742574257425743,0.053465346534653464,0.1,0.04257425742574258,1.567493477686641,5,0.29237758176256873,0.29237758176256873,0.3,0.7,20,0.2637592641374975,0.2433647092862331
0.25,image-imagenette,random,0,0.5,782,2,122,459,0.05010893246187364,0.05010893246187364,0.04793028322440087,0.1,0.04989106753812637,1.8368828416382592,5,0.42313767703233157,0.42313767703233157,0.4,0.6,20,0.3115485598037815,0.33253376218503305
0.25,image-imagenette,random,0,0.7,778,3,125,538,0.05018587360594796,0.05018587360594796,0.05018587360594796,0.1,0.04981412639405205,1.8564628809477808,5,0.39782567263946905,0.39782567263946905,0.25,0.75,20,0.4885691284642104,0.4167527576520898
0.25,image-imagenette,random,0,0.7,779,3,125,507,0.0670611439842209,0.0670611439842209,0.0670611439842209,0.1,0.0329388560157791,1.227558685872666,5,0.14947828644049876,0.14947828644049876,0.1,0.9,20,0.13933443527264022,0.1208774650679132
0.25,image-imagenette,random,0,0.7,780,3,125,550,0.06363636363636363,0.06363636363636363,0.06,0.1,0.036363636363636376,1.3551927136362365,5,0.1864417171570939,0.1864417171570939,0.15,0.85,20,0.2184641485252412,0.17686984740790446
0.25,image-imagenette,random,0,0.7,781,3,125,525,0.06476190476190476,0.06476190476190476,0.06095238095238095,0.1,0.03523809523809525,1.3132462724998768,5,0.17358163765381113,0.17358163765381113,0.15,0.85,20,0.14208962397557062,0.1520272504124118
0.25,image-imagenette,random,0,0.7,782,3,125,489,0.04703476482617587,0.04703476482617587,0.044989775051124746,0.1,0.052965235173824135,1.9738977715488941,5,0.4617735907900715,0.4617735907900715,0.55,0.45,20,0.48561228771763376,0.4342985310907438
0.25,image-imagenette,random,0,0.9,778,3,127,459,0.0915032679738562,0.0915032679738562,0.0915032679738562,0.1,0.008496732026143802,0.31917768998823653,5,0.021060035011932318,0.021060035011932318,0.0,1.0,20,0.01680299782056059,0.01233725052038836
0.25,image-imagenette,random,0,0.9,779,3,127,455,0.08791208791208792,0.08791208791208792,0.08351648351648351,0.1,0.012087912087912087,0.45407950317007717,5,0.02852574650552413,0.02852574650552413,0.0,1.0,20,0.024000877284861638,0.01717627205975359
0.25,image-imagenette,random,0,0.9,780,3,127,479,0.09812108559498957,0.09812108559498957,0.09812108559498957,0.1,0.0018789144050104373,0.07058096661535264,5,0.011799782245070629,0.011799782245070629,0.0,0.95,20,0.01873068188920961,0.006594696560363914
0.25,image-imagenette,random,0,0.9,781,3,127,454,0.0881057268722467,0.0881057268722467,0.0881057268722467,0.1,0.011894273127753305,0.44680550231833394,5,0.02806857294430437,0.02806857294430437,0.0,1.0,20,0.02362952738402759,0.01683355226528499
0.25,image-imagenette,random,0,0.9,782,3,127,416,0.08173076923076923,0.08173076923076923,0.08173076923076923,0.1,0.018269230769230774,0.6862792491093215,5,0.047169147273888365,0.047169147273888365,0.0,1.0,20,0.06616966670815172,0.02702107218292609
0.25,image-imagenette,random,0,dep,778,3,122,496,0.08266129032258064,0.08266129032258064,0.08266129032258064,0.1,0.017338709677419364,0.6383743598643178,5,0.05630473287247432,0.05630473287247432,0.0,1.0,20,0.0509617994576983,0.030599700793411982
0.25,image-imagenette,random,0,dep,779,3,122,488,0.07581967213114754,0.07581967213114754,0.07581967213114754,0.1,0.024180327868852464,0.890268169418099,5,0.09245923390822915,0.09245923390822915,0.05,0.95,20,0.09245923390822915,0.055450789955507326
0.25,image-imagenette,random,0,dep,780,3,122,512,0.080078125,0.080078125,0.080078125,0.1,0.019921875000000006,0.7334810050475917,5,0.06816116043662504,0.06816116043662504,0.0,1.0,20,0.051187850428747364,0.04019813244032549
0.25,image-imagenette,random,0,dep,781,3,122,488,0.07991803278688525,0.07991803278688525,0.07991803278688525,0.1,0.020081967213114754,0.7393752593472347,5,0.06896288030691264,0.06896288030691264,0.0,1.0,20,0.06896288030691264,0.03861124120492178
0.25,image-imagenette,random,0,dep,782,3,122,464,0.0668103448275862,0.0668103448275862,0.0668103448275862,0.1,0.033189655172413804,1.2219724113842232,5,0.16846263103517595,0.16846263103517595,0.1,0.9,20,0.10663081627583251,0.10775668302153159
0.25,mnist,greedy_entropy,0,0.5,778,2,646,2658,0.008276899924755455,0.008276899924755455,0.007900677200902935,0.1,0.09172310007524455,7.7709430991132376,48,1.0,1.0,1.0,0.0,20,1.0,0.9999999999945255
0.25,mnist,greedy_entropy,0,0.5,779,2,646,2680,0.006716417910447761,0.006716417910447761,0.006716417910447761,0.1,0.09328358208955224,7.9031498924992745,48,1.0,1.0,1.0,0.0,20,1.0,0.9999999999936979
0.25,mnist,greedy_entropy,0,0.5,780,2,646,2678,0.0074682598954443615,0.0074682598954443615,0.007094846900672144,0.1,0.09253174010455564,7.839452511140162,48,1.0,1.0,1.0,0.0,20,1.0,0.9999999999947902
0.25,mnist,greedy_entropy,0,0.5,781,2,646,2658,0.007900677200902935,0.007900677200902935,0.007900677200902935,0.1,0.09209932279909708,7.802817353006237,48,1.0,1.0,1.0,0.0,20,1.0,0.9999999999945255
0.25,mnist,greedy_entropy,0,0.5,782,2,646,2635,0.008349146110056925,0.008349146110056925,0.008349146110056925,0.1,0.09165085388994308,7.764822274646498,48,1.0,1.0,1.0,0.0,20,1.0,0.9999999999943812
0.25,mnist,greedy_entropy,0,0.7,778,3,806,3364,0.009215219976218787,0.009215219976218787,0.0089179548156956,0.1,0.09078478002378122,8.591308453493937,62,1.0,1.0,1.0,0.0,20,1.0,0.9999999999934418
0.25,mnist,greedy_entropy,0,0.7,779,3,806,3354,0.0086463923673226,0.0086463923673226,0.0086463923673226,0.1,0.0913536076326774,8.645138770025081,62,1.0,1.0,1.0,0.0,20,1.0,0.9999999999937436
0.25,mnist,greedy_entropy,0,0.7,780,3,806,3295,0.010015174506828529,0.010015174506828529,0.009711684370257967,0.1,0.08998482549317148,8.51560571874657,62,1.0,1.0,1.0,0.0,20,1.0,0.9999999999944242
0.25,mnist,greedy_entropy,0,0.7,781,3,806,3400,0.007647058823529412,0.007647058823529412,0.007647058823529412,0.1,0.0923529411764706,8.739709497854147,62,1.0,1.0,1.0,0.0,20,1.0,0.9999999999934549
0.25,mnist,greedy_entropy,0,0.7,782,3,806,3375,0.008592592592592593,0.008592592592592593,0.008592592592592593,0.1,0.09140740740740741,8.650230046991473,62,1.0,1.0,1.0,0.0,20,1.0,0.9999999999941686
0.25,mnist,greedy_entropy,0,0.9,778,3,737,2937,0.013278855975485188,0.013278855975485188,0.013278855975485188,0.1,0.08672114402451482,7.847611368377934,56,1.0,1.0,1.0,0.0,20,1.0,0.9999999999945834
0.25,mnist,greedy_entropy,0,0.9,779,3,737,2934,0.011247443762781187,0.011247443762781187,0.011247443762781187,0.1,0.08875255623721882,8.031438896872844,56,1.0,1.0,1.0,0.0,20,1.0,0.9999999999937004
0.25,mnist,greedy_entropy,0,0.9,780,3,737,2977,0.015115888478333893,0.015115888478333893,0.015115888478333893,0.1,0.08488411152166611,7.68137374183832,56,1.0,1.0,1.0,0.0,20,1.0,0.9999999999942539
0.25,mnist,greedy_entropy,0,0.9,781,3,737,2947,0.011876484560570071,0.011876484560570071,0.011876484560570071,0.1,0.08812351543942994,7.9745154352254035,56,1.0,1.0,1.0,0.0,20,1.0,0.9999999999942562
0.25,mnist,greedy_entropy,0,0.9,782,3,737,2961,0.014184397163120567,0.014184397163120567,0.014184397163120567,0.1,0.08581560283687945,7.765666700805133,56,1.0,1.0,1.0,0.0,20,1.0,0.9999999999937896
0.25,mnist,greedy_entropy,0,dep,778,2,1097,4794,0.008135168961201502,0.008135168961201502,0.008135168961201502,0.1,0.0918648310387985,10.142180599643327,88,1.0,1.0,1.0,0.0,20,1.0,0.9999999999935978
0.25,mnist,greedy_entropy,0,dep,779,2,1097,4734,0.007393324883819181,0.007393324883819181,0.007393324883819181,0.1,0.09260667511618083,10.224082634671397,88,1.0,1.0,1.0,0.0,20,1.0,0.9999999999933578
0.25,mnist,greedy_entropy,0,dep,780,2,1097,4700,0.008936170212765958,0.008936170212765958,0.008297872340425531,0.1,0.09106382978723404,10.053747417303112,88,1.0,1.0,1.0,0.0,20,1.0,0.9999999999938538
0.25,mnist,greedy_entropy,0,dep,781,2,1097,4769,0.006919689662403019,0.006919689662403019,0.006919689662403019,0.1,0.09308031033759699,10.276373526622486,88,1.0,1.0,1.0,0.0,20,1.0,0.9999999999929237
0.25,mnist,greedy_entropy,0,dep,782,2,1097,4726,0.007829030892932713,0.007829030892932713,0.00761743546339399,0.1,0.09217096910706729,10.175979252965801,88,1.0,1.0,1.0,0.0,20,1.0,0.9999999999924702
0.25,mnist,random,0,0.5,778,4,644,2587,0.005798221878623889,0.005798221878623889,0.005798221878623889,0.1,0.09420177812137612,7.96857710760868,48,1.0,1.0,1.0,0.0,20,1.0,0.9999999999952288
0.25,mnist,random,0,0.5,779,4,644,2535,0.007495069033530572,0.007495069033530572,0.007100591715976331,0.1,0.09250493096646943,7.825039929613182,48,1.0,1.0,1.0,0.0,20,1.0,0.9999999999952747
0.25,mnist,random,0,0.5,780,4,644,2577,0.006984866123399301,0.006984866123399301,0.006984866123399301,0.1,0.09301513387660071,7.8681982575236065,48,1.0,1.0,1.0,0.0,20,1.0,0.9999999999946746
0.25,mnist,random,0,0.5,781,4,644,2646,0.003779289493575208,0.003779289493575208,0.003779289493575208,0.1,0.09622071050642479,8.139359641719444,48,1.0,1.0,1.0,0.0,20,1.0,0.9999999999940021
0.25,mnist,random,0,0.5,782,4,644,2506,0.004788507581803671,0.004788507581803671,0.004788507581803671,0.1,0.09521149241819633,8.053989361934706,48,1.0,1.0,1.0,0.0,20,1.0,0.9999999999944723
0.25,mnist,random,0,0.7,778,4,638,2556,0.008215962441314555,0.008215962441314555,0.008215962441314555,0.1,0.09178403755868544,7.727806569112987,47,1.0,1.0,1.0,0.0,20,1.0,0.9999999999944884
0.25,mnist,random,0,0.7,779,4,638,2502,0.008393285371702638,0.008393285371702638,0.007194244604316547,0.1,0.09160671462829736,7.712876769305137,47,1.0,1.0,1.0,0.0,20,1.0,0.9999999999946332
0.25,mnist,random,0,0.7,780,4,638,2469,0.010935601458080195,0.010935601458080195,0.010935601458080195,0.1,0.0890643985419198,7.498825094573478,47,1.0,1.0,1.0,0.0,20,1.0,0.999999999994977
0.25,mnist,random,0,0.7,781,4,638,2543,0.009044435705859222,0.009044435705859222,0.009044435705859222,0.1,0.09095556429414078,7.658052815558736,47,1.0,1.0,1.0,0.0,20,1.0,0.9999999999949929
0.25,mnist,random,0,0.7,782,4,638,2462,0.012185215272136474,0.012185215272136474,0.012185215272136474,0.1,0.08781478472786353,7.393613185204771,47,1.0,1.0,1.0,0.0,20,1.0,0.9999999999942553
0.25,mnist,random,0,0.9,778,4,662,2686,0.01340282948622487,0.01340282948622487,0.01340282948622487,0.1,0.08659717051377513,7.426966107769863,50,1.0,1.0,1.0,0.0,20,1.0,0.9999999999945063
0.25,mnist,random,0,0.9,779,4,662,2667,0.014623172103487065,0.014623172103487065,0.014623172103487065,0.1,0.08537682789651294,7.322303990006653,50,1.0,1.0,1.0,0.0,20,1.0,0.9999999999942238
0.25,mnist,random,0,0.9,780,4,662,2721,0.01617052554208012,0.01617052554208012,0.01617052554208012,0.1,0.08382947445791988,7.189595941037043,50,1.0,1.0,1.0,0.0,20,1.0,0.9999999999941742
0.25,mnist,random,0,0.9,781,4,662,2654,0.011680482290881688,0.011680482290881688,0.011680482290881688,0.1,0.08831951770911832,7.574682415008695,50,1.0,1.0,1.0,0.0,20,1.0,0.9999999999936717
0.25,mnist,random,0,0.9,782,4,662,2626,0.016755521706016754,0.016755521706016754,0.016755521706016754,0.1,0.08324447829398325,7.1394240167471885,50,1.0,1.0,1.0,0.0,20,1.0,0.9999999999947624
0.25,mnist,random,0,dep,778,4,721,2826,0.01167728237791932,0.01167728237791932,0.01167728237791932,0.1,0.08832271762208069,7.9053081077885095,55,1.0,1.0,1.0,0.0,20,1.0,0.9999999999933793
0.25,mnist,random,0,dep,779,4,721,2805,0.0106951871657754,0.0106951871657754,0.0106951871657754,0.1,0.0893048128342246,7.993210353690878,55,1.0,1.0,1.0,0.0,20,1.0,0.9999999999941694
0.25,mnist,random,0,dep,780,4,721,2760,0.013043478260869565,0.013043478260869565,0.013043478260869565,0.1,0.08695652173913045,7.7830270041145235,55,1.0,1.0,1.0,0.0,20,1.0,0.9999999999947727
0.25,mnist,random,0,dep,781,4,721,2822,0.00885896527285613,0.00885896527285613,0.00885896527285613,0.1,0.09114103472714388,8.157561046339453,55,1.0,1.0,1.0,0.0,20,1.0,0.999999999993539
0.25,mnist,random,0,dep,782,4,721,2740,0.011313868613138687,0.011313868613138687,0.011313868613138687,0.1,0.08868613138686132,7.937835387955487,55,1.0,1.0,1.0,0.0,20,1.0,0.9999999999944682
0.25,tabular-MiniBooNE,greedy_entropy,0,0.5,778,0,5853,23411,0.07539190978599804,0.07539190978599804,0.07539190978599804,0.15,0.07460809021400196,15.985274298272259,820,1.0,1.0,1.0,0.0,20,1.0,1.0
0.25,tabular-MiniBooNE,greedy_entropy,0,0.5,779,0,5853,23411,0.07735679808636965,0.07735679808636965,0.07735679808636965,0.15,0.07264320191363034,15.56428404967035,820,1.0,1.0,1.0,0.0,20,1.0,1.0
0.25,tabular-MiniBooNE,greedy_entropy,0,0.5,780,0,5853,23411,0.07996241083251462,0.07996241083251462,0.07996241083251462,0.15,0.07003758916748537,15.006014372176516,820,1.0,1.0,1.0,0.0,20,1.0,1.0
0.25,tabular-MiniBooNE,greedy_entropy,0,0.5,781,0,5853,23411,0.08013327068472086,0.08013327068472086,0.08013327068472086,0.15,0.06986672931527914,14.969406524472001,820,1.0,1.0,1.0,0.0,20,1.0,1.0
0.25,tabular-MiniBooNE,greedy_entropy,0,0.5,782,0,5853,23411,0.07863824697791637,0.07863824697791637,0.07863824697791637,0.15,0.07136175302208363,15.289725191886497,820,1.0,1.0,1.0,0.0,20,1.0,1.0
0.25,tabular-MiniBooNE,greedy_entropy,0,0.7,778,0,5853,23411,0.07539190978599804,0.07539190978599804,0.07539190978599804,0.15,0.07460809021400196,15.985274298272259,820,1.0,1.0,1.0,0.0,20,1.0,1.0
0.25,tabular-MiniBooNE,greedy_entropy,0,0.7,779,0,5853,23411,0.07735679808636965,0.07735679808636965,0.07735679808636965,0.15,0.07264320191363034,15.56428404967035,820,1.0,1.0,1.0,0.0,20,1.0,1.0
0.25,tabular-MiniBooNE,greedy_entropy,0,0.7,780,0,5853,23411,0.07996241083251462,0.07996241083251462,0.07996241083251462,0.15,0.07003758916748537,15.006014372176516,820,1.0,1.0,1.0,0.0,20,1.0,1.0
0.25,tabular-MiniBooNE,greedy_entropy,0,0.7,781,0,5853,23411,0.08013327068472086,0.08013327068472086,0.08013327068472086,0.15,0.06986672931527914,14.969406524472001,820,1.0,1.0,1.0,0.0,20,1.0,1.0
0.25,tabular-MiniBooNE,greedy_entropy,0,0.7,782,0,5853,23411,0.07863824697791637,0.07863824697791637,0.07863824697791637,0.15,0.07136175302208363,15.289725191886497,820,1.0,1.0,1.0,0.0,20,1.0,1.0
0.25,tabular-MiniBooNE,greedy_entropy,0,0.9,778,4,1198,4843,0.19450753665083625,0.19450753665083625,0.19450753665083625,0.15,-0.04450753665083626,-4.314265566592283,153,5.413675093779934e-10,5.413675093779934e-10,0.0,1.0,20,5.212830683745596e-10,2.36936137727278e-12
0.25,tabular-MiniBooNE,greedy_entropy,0,0.9,779,4,1198,4816,0.20161960132890366,0.20120431893687707,0.20161960132890366,0.15,-0.05161960132890367,-5.003661971265848,153,1.1691606896649746e-11,1.4735131971781118e-11,0.0,1.0,20,1.1844190419514522e-11,2.1013646950529056e-14
0.25,tabular-MiniBooNE,greedy_entropy,0,0.9,780,4,1198,4772,0.20808885163453478,0.20808885163453478,0.20808885163453478,0.15,-0.05808885163453478,-5.630748211832399,153,2.833274842553914e-13,2.833274842553914e-13,0.0,1.0,20,4.61522124957051e-13,2.499159388983649e-16
0.25,tabular-MiniBooNE,greedy_entropy,0,0.9,781,4,1198,4812,0.20615128844555278,0.20615128844555278,0.20615128844555278,0.15,-0.05615128844555278,-5.442933680219477,153,8.830656516177849e-13,8.830656516177849e-13,0.0,1.0,20,9.776701478607509e-13,8.449971402839949e-16
0.25,tabular-MiniBooNE,greedy_entropy,0,0.9,782,4,1198,4824,0.19776119402985073,0.19776119402985073,0.19776119402985073,0.15,-0.04776119402985074,-4.629653544720417,153,9.685890020567076e-11,9.685890020567076e-11,0.0,1.0,20,8.319237473202519e-11,2.893778170576563e-13
0.25,tabular-MiniBooNE,greedy_entropy,0,dep,778,2,1660,6883,0.1455760569519105,0.14368734563417115,0.1455760569519105,0.15,0.00442394304808949,0.5047873687393557,218,0.05203820613836963,0.07936434182482194,0.05,0.95,20,0.05624264677607892,0.031466138024659876
0.25,tabular-MiniBooNE,greedy_entropy,0,dep,779,2,1660,6837,0.1503583443030569,0.1503583443030569,0.1503583443030569,0.15,-0.0003583443030568956,-0.04088833781911956,218,0.015167270208362716,0.015167270208362716,0.0,1.0,20,0.015423156986466891,0.006414867188284281
0.25,tabular-MiniBooNE,greedy_entropy,0,dep,780,2,1660,6790,0.15832106038291605,0.1572901325478645,0.15832106038291605,0.15,-0.008321060382916051,-0.9494620817117991,218,0.001162823882880988,0.0016804814385115894,0.0,1.0,20,0.001034606755415613,0.0002313242041887335
0.25,tabular-MiniBooNE,greedy_entropy,0,dep,781,2,1660,6907,0.15462574200086868,0.15462574200086868,0.15462574200086868,0.15,-0.004625742000868682,-0.527813334779257,218,0.0041449714758015205,0.0041449714758015205,0.0,1.0,20,0.0036754974831673514,0.0011804718402938295
0.25,tabular-MiniBooNE,greedy_entropy,0,dep,782,2,1660,6831,0.1497584541062802,0.14931927975406237,0.1497584541062802,0.15,0.00024154589371980228,0.02756123096414432,218,0.017933283860110123,0.02022588486726707,0.05,0.95,20,0.01872129703131036,0.007964840715623603
0.25,tabular-MiniBooNE,random,0,0.5,778,0,5853,23411,0.07539190978599804,0.07543462474904959,0.07539190978599804,0.15,0.07460809021400196,15.985274298272259,820,1.0,1.0,1.0,0.0,20,1.0,1.0
0.25,tabular-MiniBooNE,random,0,0.5,779,0,5853,23411,0.07735679808636965,0.07748494297552433,0.07735679808636965,0.15,0.07264320191363034,15.56428404967035,820,1.0,1.0,1.0,0.0,20,1.0,1.0
0.25,tabular-MiniBooNE,random,0,0.5,780,0,5853,23411,0.07996241083251462,0.08004784075861775,0.07996241083251462,0.15,0.07003758916748537,15.006014372176516,820,1.0,1.0,1.0,0.0,20,1.0,1.0
0.25,tabular-MiniBooNE,random,0,0.5,781,0,5853,23411,0.08013327068472086,0.08013327068472086,0.08013327068472086,0.15,0.06986672931527914,14.969406524472001,820,1.0,1.0,1.0,0.0,20,1.0,1.0
0.25,tabular-MiniBooNE,random,0,0.5,782,0,5853,23411,0.07863824697791637,0.07863824697791637,0.07863824697791637,0.15,0.07136175302208363,15.289725191886497,820,1.0,1.0,1.0,0.0,20,1.0,1.0
0.25,tabular-MiniBooNE,random,0,0.7,778,0,5853,23411,0.07539190978599804,0.07543462474904959,0.07539190978599804,0.15,0.07460809021400196,15.985274298272259,820,1.0,1.0,1.0,0.0,20,1.0,1.0
0.25,tabular-MiniBooNE,random,0,0.7,779,0,5853,23411,0.07735679808636965,0.07748494297552433,0.07735679808636965,0.15,0.07264320191363034,15.56428404967035,820,1.0,1.0,1.0,0.0,20,1.0,1.0
0.25,tabular-MiniBooNE,random,0,0.7,780,0,5853,23411,0.07996241083251462,0.08004784075861775,0.07996241083251462,0.15,0.07003758916748537,15.006014372176516,820,1.0,1.0,1.0,0.0,20,1.0,1.0
0.25,tabular-MiniBooNE,random,0,0.7,781,0,5853,23411,0.08013327068472086,0.08013327068472086,0.08013327068472086,0.15,0.06986672931527914,14.969406524472001,820,1.0,1.0,1.0,0.0,20,1.0,1.0
0.25,tabular-MiniBooNE,random,0,0.7,782,0,5853,23411,0.07863824697791637,0.07863824697791637,0.07863824697791637,0.15,0.07136175302208363,15.289725191886497,820,1.0,1.0,1.0,0.0,20,1.0,1.0
0.25,tabular-MiniBooNE,random,0,0.9,778,4,1208,4803,0.1977930460129086,0.19758484280657923,0.1977930460129086,0.15,-0.0477930460129086,-4.65203619648381,155,1.1681313142623832e-10,1.3063904494091435e-10,0.0,1.0,20,1.249844488579244e-10,3.06143813957616e-13
0.25,tabular-MiniBooNE,random,0,0.9,779,4,1208,4738,0.20536091177712115,0.20493879273955257,0.20536091177712115,0.15,-0.05536091177712116,-5.388670255249149,155,1.7105009457037757e-12,2.1822488034464763e-12,0.0,1.0,20,1.6599291483480584e-12,2.115112731270245e-15
0.25,tabular-MiniBooNE,random,0,0.9,780,4,1208,4770,0.21006289308176102,0.21006289308176102,0.21006289308176102,0.15,-0.06006289308176102,-5.8463474499286185,155,1.0660335139654842e-13,1.0660335139654842e-13,0.0,1.0,20,8.716630482798252e-14,5.879219166240904e-17
0.25,tabular-MiniBooNE,random,0,0.9,781,4,1208,4794,0.2117229870671673,0.21151439299123906,0.2117229870671673,0.15,-0.061722987067167306,-6.007936173685402,155,3.89479324112336e-14,4.423466859783356e-14,0.0,1.0,20,3.191668246611896e-14,1.4862113071983276e-17
0.25,tabular-MiniBooNE,random,0,0.9,782,4,1208,4849,0.2148896679727779,0.2148896679727779,0.2148896679727779,0.15,-0.0648896679727779,-6.3161716896145546,155,5.491084434906963e-15,5.491084434906963e-15,0.0,1.0,20,3.593949977584404e-15,9.48589687237383e-19
0.25,tabular-MiniBooNE,random,0,dep,778,3,1186,4635,0.13203883495145632,0.13203883495145632,0.13203883495145632,0.15,0.01796116504854367,1.7322946169354878,152,0.3660893744392025,0.3660893744392025,0.1,0.9,20,0.35039261283273865,0.3221012686040958
0.25,tabular-MiniBooNE,random,0,dep,779,3,1186,4680,0.1391025641025641,0.1391025641025641,0.1391025641025641,0.15,0.010897435897435886,1.051021439450464,152,0.14732060567111532,0.14732060567111532,0.15,0.85,20,0.13088243343470285,0.1045172193492481
0.25,tabular-MiniBooNE,random,0,dep,780,3,1186,4534,0.13895015438906044,0.13895015438906044,0.13895015438906044,0.15,0.011049845610939552,1.0657208492915025,152,0.15080661086105532,0.15080661086105532,0.15,0.85,20,0.13029460146311156,0.10396925822664269
0.25,tabular-MiniBooNE,random,0,dep,781,3,1186,4635,0.14153182308522114,0.14153182308522114,0.14153182308522114,0.15,0.008468176914778858,0.8167274920686844,152,0.09920590466006796,0.09920590466006796,0.1,0.9,20,0.09394133462246483,0.06280854189846416
0.25,tabular-MiniBooNE,random,0,dep,782,3,1186,4682,0.14032464758650148,0.14011106364801368,0.13947031183255018,0.15,0.009675352413498511,0.9331555529698912,152,0.12139186821375995,0.12566694399578698,0.0,1.0,20,0.10723304567595522,0.08188333505180997
0.25,tabular-adult,greedy_entropy,0,0.5,778,0,2035,8140,0.14692874692874694,0.14692874692874694,0.1466830466830467,0.25,0.10307125307125306,10.737894351425474,467,1.0,1.0,1.0,0.0,20,1.0,1.0
0.25,tabular-adult,greedy_entropy,0,0.5,779,0,2035,8140,0.14275184275184274,0.14275184275184274,0.14189189189189189,0.25,0.10724815724815726,11.173041440756187,467,1.0,1.0,1.0,0.0,20,1.0,1.0
0.25,tabular-adult,greedy_entropy,0,0.5,780,0,2035,8140,0.1468058968058968,0.1468058968058968,0.1468058968058968,0.25,0.10319410319410319,10.750692795229318,467,1.0,1.0,1.0,0.0,20,1.0,1.0
0.25,tabular-adult,greedy_entropy,0,0.5,781,0,2035,8140,0.14692874692874694,0.14692874692874694,0.14606879606879608,0.25,0.10307125307125306,10.737894351425474,467,1.0,1.0,1.0,0.0,20,1.0,1.0
0.25,tabular-adult,greedy_entropy,0,0.5,782,0,2035,8140,0.15073710073710073,0.15073710073710073,0.14803439803439802,0.25,0.09926289926289927,10.341142593506298,467,1.0,1.0,1.0,0.0,20,1.0,1.0
0.25,tabular-adult,greedy_entropy,0,0.7,778,0,2035,8140,0.14692874692874694,0.14692874692874694,0.1466830466830467,0.25,0.10307125307125306,10.737894351425474,467,1.0,1.0,1.0,0.0,20,1.0,1.0
0.25,tabular-adult,greedy_entropy,0,0.7,779,0,2035,8140,0.14275184275184274,0.14275184275184274,0.14189189189189189,0.25,0.10724815724815726,11.173041440756187,467,1.0,1.0,1.0,0.0,20,1.0,1.0
0.25,tabular-adult,greedy_entropy,0,0.7,780,0,2035,8140,0.1468058968058968,0.1468058968058968,0.1468058968058968,0.25,0.10319410319410319,10.750692795229318,467,1.0,1.0,1.0,0.0,20,1.0,1.0
0.25,tabular-adult,greedy_entropy,0,0.7,781,0,2035,8140,0.14692874692874694,0.14692874692874694,0.14606879606879608,0.25,0.10307125307125306,10.737894351425474,467,1.0,1.0,1.0,0.0,20,1.0,1.0
0.25,tabular-adult,greedy_entropy,0,0.7,782,0,2035,8140,0.15073710073710073,0.15073710073710073,0.14803439803439802,0.25,0.09926289926289927,10.341142593506298,467,1.0,1.0,1.0,0.0,20,1.0,1.0
0.25,tabular-adult,greedy_entropy,0,0.9,778,2,818,3261,0.29162833486660533,0.29162833486660533,0.2913216804661147,0.25,-0.04162833486660533,-2.7495717385423504,178,1.0309639345106853e-06,1.0309639345106853e-06,0.0,1.0,20,9.358215147782348e-07,2.8589076572869383e-08
0.25,tabular-adult,greedy_entropy,0,0.9,779,2,818,3295,0.2825493171471927,0.2825493171471927,0.27830045523520486,0.25,-0.032549317147192725,-2.149898208120935,178,1.403871544698934e-05,1.403871544698934e-05,0.0,1.0,20,1.1726507099634545e-05,7.607941223288854e-07
0.25,tabular-adult,greedy_entropy,0,0.9,780,2,818,3303,0.2909476233726915,0.29064486830154407,0.2909476233726915,0.25,-0.04094762337269148,-2.7046104137196285,178,1.2656406187953336e-06,1.385846329840578e-06,0.0,0.95,20,1.2512912415254985e-06,3.341938856603107e-08
0.25,tabular-adult,greedy_entropy,0,0.9,781,2,818,3294,0.29295689131754704,0.29295689131754704,0.2923497267759563,0.25,-0.04295689131754704,-2.837323537461838,178,6.879228749050828e-07,6.879228749050828e-07,0.0,1.0,20,5.541255462205647e-07,1.5582439580108194e-08
0.25,tabular-adult,greedy_entropy,0,0.9,782,2,818,3301,0.30384731899424416,0.30384731899424416,0.2974856104210845,0.25,-0.053847318994244164,-3.556641575438592,178,2.0180203046480696e-08,2.0180203046480696e-08,0.0,1.0,20,2.193834632173725e-08,1.6165606543514243e-10
0.25,tabular-adult,greedy_entropy,0,dep,778,1,436,1788,0.19630872483221476,0.19630872483221476,0.19630872483221476,0.25,0.05369127516778524,2.58908511069711,89,0.6846606445997226,0.6846606445997226,0.8,0.2,20,0.7169313161592769,0.7411265451886421
0.25,tabular-adult,greedy_entropy,0,dep,779,1,436,1715,0.1836734693877551,0.1836734693877551,0.1836734693877551,0.25,0.06632653061224489,3.198378736875192,89,0.8771276030603228,0.8771276030603228,0.9,0.1,20,0.8858006734344486,0.9128601203769766
0.25,tabular-adult,greedy_entropy,0,dep,780,1,436,1714,0.1896149358226371,0.18844807467911318,0.1896149358226371,0.25,0.06038506417736289,2.9118710643681065,89,0.7990100318957798,0.8162160412745024,0.9,0.1,20,0.8180897184378594,0.8382076630541919
0.25,tabular-adult,greedy_entropy,0,dep,781,1,436,1736,0.1912442396313364,0.1912442396313364,0.18951612903225806,0.25,0.05875576036866359,2.833303248298867,89,0.7735319463010495,0.7735319463010495,0.95,0.05,20,0.7875755289833154,0.8185008008816923
0.25,tabular-adult,greedy_entropy,0,dep,782,1,436,1771,0.20045172219085264,0.19988706945228685,0.19875776397515527,0.25,0.04954827780914736,2.389302692764471,89,0.6036146974777844,0.6149710773941723,0.5,0.5,20,0.6296711999605382,0.64703527823235
0.25,tabular-adult,random,0,0.5,778,0,2035,8140,0.14692874692874694,0.14692874692874694,0.14692874692874694,0.25,0.10307125307125306,10.737894351425474,467,1.0,1.0,1.0,0.0,20,1.0,1.0
0.25,tabular-adult,random,0,0.5,779,0,2035,8140,0.14275184275184274,0.14275184275184274,0.14275184275184274,0.25,0.10724815724815726,11.173041440756187,467,1.0,1.0,1.0,0.0,20,1.0,1.0
0.25,tabular-adult,random,0,0.5,780,0,2035,8140,0.1468058968058968,0.1468058968058968,0.1468058968058968,0.25,0.10319410319410319,10.750692795229318,467,1.0,1.0,1.0,0.0,20,1.0,1.0
0.25,tabular-adult,random,0,0.5,781,0,2035,8140,0.14692874692874694,0.14692874692874694,0.14692874692874694,0.25,0.10307125307125306,10.737894351425474,467,1.0,1.0,1.0,0.0,20,1.0,1.0
0.25,tabular-adult,random,0,0.5,782,0,2035,8140,0.15073710073710073,0.15073710073710073,0.15073710073710073,0.25,0.09926289926289927,10.341142593506298,467,1.0,1.0,1.0,0.0,20,1.0,1.0
0.25,tabular-adult,random,0,0.7,778,0,2035,8140,0.14692874692874694,0.14692874692874694,0.14692874692874694,0.25,0.10307125307125306,10.737894351425474,467,1.0,1.0,1.0,0.0,20,1.0,1.0
0.25,tabular-adult,random,0,0.7,779,0,2035,8140,0.14275184275184274,0.14275184275184274,0.14275184275184274,0.25,0.10724815724815726,11.173041440756187,467,1.0,1.0,1.0,0.0,20,1.0,1.0
0.25,tabular-adult,random,0,0.7,780,0,2035,8140,0.1468058968058968,0.1468058968058968,0.1468058968058968,0.25,0.10319410319410319,10.750692795229318,467,1.0,1.0,1.0,0.0,20,1.0,1.0
0.25,tabular-adult,random,0,0.7,781,0,2035,8140,0.14692874692874694,0.14692874692874694,0.14692874692874694,0.25,0.10307125307125306,10.737894351425474,467,1.0,1.0,1.0,0.0,20,1.0,1.0
0.25,tabular-adult,random,0,0.7,782,0,2035,8140,0.15073710073710073,0.15073710073710073,0.15073710073710073,0.25,0.09926289926289927,10.341142593506298,467,1.0,1.0,1.0,0.0,20,1.0,1.0
0.25,tabular-adult,random,0,0.9,778,2,763,3036,0.30270092226613965,0.30237154150197626,0.30270092226613965,0.25,-0.05270092226613965,-3.3618617377688356,165,5.23175991151652e-08,5.812778219142136e-08,0.0,0.9,20,5.312613284944724e-08,7.09362072872638e-10
0.25,tabular-adult,random,0,0.9,779,2,763,3060,0.29183006535947714,0.29183006535947714,0.29183006535947714,0.25,-0.04183006535947714,-2.6683953557820104,165,1.4279693299098285e-06,1.4279693299098285e-06,0.0,0.7,20,1.7491015752523724e-06,4.4644638769545934e-08
0.25,tabular-adult,random,0,0.9,780,2,763,3034,0.3015820698747528,0.3009228740936058,0.3015820698747528,0.25,-0.05158206987475278,-3.2904886595934766,165,7.472114557471732e-08,9.202344915883636e-08,0.0,0.8,20,8.530397010546034e-08,1.1234472324637049e-09
0.25,tabular-adult,random,0,0.9,781,2,763,3021,0.3018867924528302,0.3015557762330354,0.3018867924528302,0.25,-0.05188679245283018,-3.309927317055661,165,6.783320124751172e-08,7.534633706087309e-08,0.0,0.9,20,6.982073638115253e-08,1.0416033666804923e-09
0.25,tabular-adult,random,0,0.9,782,2,763,3051,0.3143231727302524,0.3143231727302524,0.3136676499508358,0.25,-0.0643231727302524,-4.103260511489552,165,1.0405531791682482e-09,1.0405531791682482e-09,0.0,0.85,20,1.0405531791682482e-09,4.589118441304543e-12
0.25,tabular-adult,random,0,dep,778,2,454,1860,0.2543010752688172,0.2543010752688172,0.25268817204301075,0.25,-0.004301075268817178,-0.21164320673543596,94,0.010765954849273417,0.010765954849273417,0.05,0.95,20,0.009169210424897318,0.0034608805641971416
0.25,tabular-adult,random,0,dep,779,2,454,1803,0.24348308374930672,0.24348308374930672,0.2418191902384914,0.25,0.006516916250693283,0.32067819489759963,94,0.03791481555567192,0.03791481555567192,0.05,0.95,20,0.03497719670147996,0.017697452752229215
0.25,tabular-adult,random,0,dep,780,2,454,1839,0.24687330070690594,0.2463295269168026,0.24687330070690594,0.25,0.0031266992930940596,0.15385563458642548,94,0.026164716395336962,0.027809087233061056,0.0,1.0,20,0.02377808418260714,0.011037990528699547
0.25,tabular-adult,random,0,dep,781,2,454,1833,0.24931805782869612,0.24931805782869612,0.24931805782869612,0.25,0.0006819421713038787,0.03355635949671955,94,0.01975732639171996,0.01975732639171996,0.0,1.0,20,0.015320113203400723,0.00765704122670387
0.25,tabular-adult,random,0,dep,782,2,454,1877,0.26052210974960044,0.26052210974960044,0.25732551944592436,0.25,-0.010522109749600439,-0.5177619338989277,94,0.004728818389414188,0.004728818389414188,0.0,1.0,20,0.004007954080419323,0.0011660722851462714
1.0,csv-diabetes,greedy_entropy,0,0.5,778,0,16572,16571,0.09528694707621749,0.09528694707621749,0.0936575945929636,0.15,0.05471305292378251,19.725286439234893,2389,1.0,1.0,1.0,0.0,1,1.0,1.0
1.0,csv-diabetes,greedy_entropy,0,0.5,779,0,16572,16571,0.0938386337577696,0.0935369018164263,0.0923903204393217,0.15,0.05616136624223039,20.24743597272812,2389,1.0,1.0,1.0,0.0,1,1.0,1.0
1.0,csv-diabetes,greedy_entropy,0,0.5,780,0,16572,16571,0.0955886790175608,0.09534729346448614,0.09311447709854566,0.15,0.0544113209824392,19.616505286423802,2389,1.0,1.0,1.0,0.0,1,1.0,1.0
1.0,csv-diabetes,greedy_entropy,0,0.5,781,0,16572,16571,0.09697664594774003,0.09697664594774003,0.09420071208738157,0.15,0.05302335405225997,19.11611198349279,2389,1.0,1.0,1.0,0.0,1,1.0,1.0
1.0,csv-diabetes,greedy_entropy,0,0.5,782,0,16572,16571,0.09776114899523264,0.09770080260696397,0.09492486874660551,0.15,0.052238851004767356,18.833280986183954,2389,1.0,1.0,1.0,0.0,1,1.0,1.0
1.0,csv-diabetes,greedy_entropy,0,0.7,778,0,16572,16571,0.09528694707621749,0.09528694707621749,0.0936575945929636,0.15,0.05471305292378251,19.725286439234893,2389,1.0,1.0,1.0,0.0,1,1.0,1.0
1.0,csv-diabetes,greedy_entropy,0,0.7,779,0,16572,16571,0.0938386337577696,0.0935369018164263,0.0923903204393217,0.15,0.05616136624223039,20.24743597272812,2389,1.0,1.0,1.0,0.0,1,1.0,1.0
1.0,csv-diabetes,greedy_entropy,0,0.7,780,0,16572,16571,0.0955886790175608,0.09534729346448614,0.09311447709854566,0.15,0.0544113209824392,19.616505286423802,2389,1.0,1.0,1.0,0.0,1,1.0,1.0
1.0,csv-diabetes,greedy_entropy,0,0.7,781,0,16572,16571,0.09697664594774003,0.09697664594774003,0.09420071208738157,0.15,0.05302335405225997,19.11611198349279,2389,1.0,1.0,1.0,0.0,1,1.0,1.0
1.0,csv-diabetes,greedy_entropy,0,0.7,782,0,16572,16571,0.09776114899523264,0.09770080260696397,0.09492486874660551,0.15,0.052238851004767356,18.833280986183954,2389,1.0,1.0,1.0,0.0,1,1.0,1.0
1.0,csv-diabetes,greedy_entropy,0,0.9,778,1,3322,3286,0.4023128423615338,0.4013998782714547,0.39622641509433965,0.15,-0.25231284236153384,-40.72715539977659,455,7.887370716740698e-247,2.233458347577474e-245,0.0,0.0,1,3.204166232954484e-244,0.0
1.0,csv-diabetes,greedy_entropy,0,0.9,779,1,3322,3228,0.3990086741016109,0.395910780669145,0.39281288723667906,0.15,-0.2490086741016109,-40.19381205930536,455,1.3601221678636378e-241,9.927618177500652e-237,0.0,0.0,1,1.624606773505992e-235,0.0
1.0,csv-diabetes,greedy_entropy,0,0.9,780,1,3322,3232,0.41646039603960394,0.41336633663366334,0.40748762376237624,0.15,-0.2664603960396039,-43.0107871474933,455,7.79432420736016e-270,1.0099199457918442e-264,0.0,0.0,1,5.079003751996542e-263,0.0
1.0,csv-diabetes,greedy_entropy,0,0.9,781,1,3322,3300,0.41545454545454547,0.41454545454545455,0.403030303030303,0.15,-0.2654545454545455,-42.848427464556785,455,3.6210285009873114e-268,1.1517394375567473e-266,0.0,0.0,1,2.1356135034505324e-266,0.0
1.0,csv-diabetes,greedy_entropy,0,0.9,782,1,3322,3239,0.41185551096017287,0.4100030873726459,0.3988885458474838,0.15,-0.2618555109601729,-42.26748819975535,455,3.0486574722070237e-262,3.2343636086939266e-259,0.0,0.0,1,3.770948226018626e-256,0.0
1.0,csv-diabetes,greedy_entropy,0,dep,778,1,4316,4289,0.33271158778269994,0.32921426906038703,0.32734903240848684,0.15,-0.18271158778269994,-33.61643982996191,598,3.4847928697340686e-187,1.7450524114445366e-181,0.0,1.0,1,3.738712196830322e-186,0.0
1.0,csv-diabetes,greedy_entropy,0,dep,779,1,4316,4263,0.32348111658456485,0.31996246774571896,0.3183204316209242,0.15,-0.17348111658456486,-31.918159040002706,598,2.672869955913667e-172,9.260272248915451e-167,0.0,1.0,1,1.6077547915411471e-170,0.0
1.0,csv-diabetes,greedy_entropy,0,dep,780,1,4316,4230,0.3387706855791962,0.33404255319148934,0.3312056737588652,0.15,-0.1887706855791962,-34.73123117391332,598,3.125714871340663e-197,2.258964559098144e-189,0.0,1.0,1,6.869705071479255e-194,0.0
1.0,csv-diabetes,greedy_entropy,0,dep,781,1,4316,4301,0.33713089979074634,0.3345733550337131,0.32829574517554055,0.15,-0.18713089979074635,-34.42953295673724,598,1.7203953701125e-194,3.0078866615558274e-190,0.0,1.0,1,8.778734621099934e-194,0.0
1.0,csv-diabetes,greedy_entropy,0,dep,782,1,4316,4300,0.3369767441860465,0.3325581395348837,0.3267441860465116,0.15,-0.1869767441860465,-34.40117042826966,598,3.107817092161515e-194,6.219925434566353e-187,0.0,1.0,1,2.0563057352491473e-193,0.0
1.0,csv-diabetes,random,0,0.5,778,0,16572,16571,0.09528694707621749,0.09528694707621749,0.09528694707621749,0.15,0.05471305292378251,19.725286439234893,2389,1.0,1.0,1.0,0.0,1,1.0,1.0
1.0,csv-diabetes,random,0,0.5,779,0,16572,16571,0.0938386337577696,0.0938386337577696,0.0938386337577696,0.15,0.05616136624223039,20.24743597272812,2389,1.0,1.0,1.0,0.0,1,1.0,1.0
1.0,csv-diabetes,random,0,0.5,780,0,16572,16571,0.0955886790175608,0.0955886790175608,0.0955886790175608,0.15,0.0544113209824392,19.616505286423802,2389,1.0,1.0,1.0,0.0,1,1.0,1.0
1.0,csv-diabetes,random,0,0.5,781,0,16572,16571,0.09697664594774003,0.09697664594774003,0.09697664594774003,0.15,0.05302335405225997,19.11611198349279,2389,1.0,1.0,1.0,0.0,1,1.0,1.0
1.0,csv-diabetes,random,0,0.5,782,0,16572,16571,0.09776114899523264,0.09776114899523264,0.09776114899523264,0.15,0.052238851004767356,18.833280986183954,2389,1.0,1.0,1.0,0.0,1,1.0,1.0
1.0,csv-diabetes,random,0,0.7,778,0,16572,16571,0.09528694707621749,0.09528694707621749,0.09528694707621749,0.15,0.05471305292378251,19.725286439234893,2389,1.0,1.0,1.0,0.0,1,1.0,1.0
1.0,csv-diabetes,random,0,0.7,779,0,16572,16571,0.0938386337577696,0.0938386337577696,0.0938386337577696,0.15,0.05616136624223039,20.24743597272812,2389,1.0,1.0,1.0,0.0,1,1.0,1.0
1.0,csv-diabetes,random,0,0.7,780,0,16572,16571,0.0955886790175608,0.0955886790175608,0.0955886790175608,0.15,0.0544113209824392,19.616505286423802,2389,1.0,1.0,1.0,0.0,1,1.0,1.0
1.0,csv-diabetes,random,0,0.7,781,0,16572,16571,0.09697664594774003,0.09697664594774003,0.09697664594774003,0.15,0.05302335405225997,19.11611198349279,2389,1.0,1.0,1.0,0.0,1,1.0,1.0
1.0,csv-diabetes,random,0,0.7,782,0,16572,16571,0.09776114899523264,0.09776114899523264,0.09776114899523264,0.15,0.052238851004767356,18.833280986183954,2389,1.0,1.0,1.0,0.0,1,1.0,1.0
1.0,csv-diabetes,random,0,0.9,778,4,3322,3310,0.35740181268882176,0.35740181268882176,0.35740181268882176,0.15,-0.20740181268882177,-33.47782767026037,455,5.591336572475018e-180,5.591336572475018e-180,0.0,1.0,1,1.5704049258638045e-179,0.0
1.0,csv-diabetes,random,0,0.9,779,4,3322,3269,0.3530131538696849,0.35270724992352404,0.3530131538696849,0.15,-0.2030131538696849,-32.76943095112913,455,6.08313617359189e-174,1.5908475030945176e-173,0.0,1.0,1,1.345249335450302e-171,0.0
1.0,csv-diabetes,random,0,0.9,780,4,3322,3240,0.36419753086419754,0.36358024691358026,0.36419753086419754,0.15,-0.21419753086419754,-34.57476061902022,455,1.6856944386164926e-189,1.2597549662295922e-188,0.0,1.0,1,2.6579941456873197e-185,0.0
1.0,csv-diabetes,random,0,0.9,781,4,3322,3323,0.36864279265723743,0.36834185976527234,0.36864279265723743,0.15,-0.21864279265723743,-35.292293924671036,455,7.673298970911377e-196,2.075655287652571e-195,0.0,1.0,1,5.612445540074679e-196,0.0
1.0,csv-diabetes,random,0,0.9,782,4,3322,3275,0.36396946564885496,0.36366412213740457,0.36274809160305344,0.15,-0.21396946564885497,-34.537947401826806,455,3.545784608191129e-189,9.587334611091056e-189,0.0,1.0,1,7.646170931115635e-187,0.0
1.0,csv-diabetes,random,0,dep,778,3,3403,3305,0.24084720121028744,0.24084720121028744,0.24084720121028744,0.15,-0.09084720121028744,-14.84182937094665,466,1.7436414559642432e-51,1.7436414559642432e-51,0.0,1.0,1,3.1188968673995914e-50,0.0
1.0,csv-diabetes,random,0,dep,779,3,3403,3359,0.23310509080083358,0.23310509080083358,0.23310509080083358,0.15,-0.08310509080083359,-13.576990387055838,466,3.895506360154291e-45,3.895506360154291e-45,0.0,1.0,1,1.435015378230518e-44,0.0
1.0,csv-diabetes,random,0,dep,780,3,3403,3254,0.24247080516287645,0.24247080516287645,0.24247080516287645,0.15,-0.09247080516287645,-15.107079730993975,466,7.353779376359202e-53,7.353779376359202e-53,0.0,1.0,1,8.221949874824756e-51,0.0
1.0,csv-diabetes,random,0,dep,781,3,3403,3323,0.24104724646403852,0.24104724646403852,0.24104724646403852,0.15,-0.09104724646403853,-14.87451103293609,466,1.1826455100923822e-51,1.1826455100923822e-51,0.0,1.0,1,1.6930815165014125e-50,0.0
1.0,csv-diabetes,random,0,dep,782,3,3403,3344,0.2437200956937799,0.2437200956937799,0.24252392344497609,0.15,-0.0937200956937799,-15.311178004219686,466,6.286878655376182e-54,6.286878655376182e-54,0.0,1.0,1,5.304599338388597e-53,0.0
1.0,csv-physionet,greedy_entropy,0,0.5,778,0,2160,2160,0.12638888888888888,0.12638888888888888,0.12638888888888888,0.2,0.07361111111111113,8.552838222874714,393,0.9999999999999301,0.9999999999999301,1.0,0.0,1,0.9999999999999301,1.0
1.0,csv-physionet,greedy_entropy,0,0.5,779,0,2160,2160,0.12962962962962962,0.12916666666666668,0.12962962962962962,0.2,0.07037037037037039,8.176298175326771,393,0.9999999999977626,0.9999999999986133,1.0,0.0,1,0.9999999999977626,1.0
1.0,csv-physionet,greedy_entropy,0,0.5,780,0,2160,2160,0.12175925925925926,0.12175925925925926,0.11898148148148148,0.2,0.07824074074074075,9.090752576514632,393,0.9999999999999997,0.9999999999999997,1.0,0.0,1,0.9999999999999997,1.0
1.0,csv-physionet,greedy_entropy,0,0.5,781,0,2160,2160,0.13194444444444445,0.13194444444444445,0.1310185185185185,0.2,0.06805555555555556,7.90734099850681,393,0.9999999999774374,0.9999999999774374,1.0,0.0,1,0.9999999999774374,1.0
1.0,csv-physionet,greedy_entropy,0,0.5,782,0,2160,2160,0.12268518518518519,0.12268518518518519,0.12129629629629629,0.2,0.07731481481481482,8.983169705786649,393,0.999999999999999,0.999999999999999,1.0,0.0,1,0.999999999999999,1.0
1.0,csv-physionet,greedy_entropy,0,0.7,778,0,2160,2160,0.12638888888888888,0.12638888888888888,0.12638888888888888,0.2,0.07361111111111113,8.552838222874714,393,0.9999999999999301,0.9999999999999301,1.0,0.0,1,0.9999999999999301,1.0
1.0,csv-physionet,greedy_entropy,0,0.7,779,0,2160,2160,0.12962962962962962,0.12916666666666668,0.12962962962962962,0.2,0.07037037037037039,8.176298175326771,393,0.9999999999977626,0.9999999999986133,1.0,0.0,1,0.9999999999977626,1.0
1.0,csv-physionet,greedy_entropy,0,0.7,780,0,2160,2160,0.12175925925925926,0.12175925925925926,0.11898148148148148,0.2,0.07824074074074075,9.090752576514632,393,0.9999999999999997,0.9999999999999997,1.0,0.0,1,0.9999999999999997,1.0
1.0,csv-physionet,greedy_entropy,0,0.7,781,0,2160,2160,0.13194444444444445,0.13194444444444445,0.1310185185185185,0.2,0.06805555555555556,7.90734099850681,393,0.9999999999774374,0.9999999999774374,1.0,0.0,1,0.9999999999774374,1.0
1.0,csv-physionet,greedy_entropy,0,0.7,782,0,2160,2160,0.12268518518518519,0.12268518518518519,0.12129629629629629,0.2,0.07731481481481482,8.983169705786649,393,0.999999999999999,0.999999999999999,1.0,0.0,1,0.999999999999999,1.0
1.0,csv-physionet,greedy_entropy,0,0.9,778,1,918,910,0.1879120879120879,0.1879120879120879,0.1879120879120879,0.2,0.0120879120879121,0.9156144586976618,158,0.11763037390804508,0.11763037390804508,0.0,1.0,1,0.10835270804240445,0.0
1.0,csv-physionet,greedy_entropy,0,0.9,779,1,918,907,0.18963616317530319,0.1874310915104741,0.18963616317530319,0.2,0.010363836824696826,0.7850221589355325,158,0.09359149404934278,0.12507842602936092,0.0,1.0,1,0.09347313917578856,0.0
1.0,csv-physionet,greedy_entropy,0,0.9,780,1,918,861,0.19279907084785133,0.1916376306620209,0.18699186991869918,0.2,0.007200929152148677,0.5454436464969076,158,0.05942304933334793,0.07057945609322408,0.0,1.0,1,0.05338277039023342,0.0
1.0,csv-physionet,greedy_entropy,0,0.9,781,1,918,894,0.21588366890380314,0.21029082774049218,0.21140939597315436,0.2,-0.015883668903803133,-1.2031289439995092,158,0.0005559281543882122,0.0021393617316635043,0.0,1.0,1,0.0004990785190500416,0.0
1.0,csv-physionet,greedy_entropy,0,0.9,782,1,918,900,0.20444444444444446,0.2011111111111111,0.1988888888888889,0.2,-0.004444444444444445,-0.3366501646120693,158,0.007563575883334198,0.01452070280704415,0.0,1.0,1,0.006528701329751894,0.0
1.0,csv-physionet,greedy_entropy,0,dep,778,0,2160,2160,0.12638888888888888,0.12638888888888888,0.12638888888888888,0.2,0.07361111111111113,8.552838222874714,393,0.9999999999999301,0.9999999999999301,1.0,0.0,1,0.9999999999999301,1.0
1.0,csv-physionet,greedy_entropy,0,dep,779,0,2160,2160,0.12962962962962962,0.12916666666666668,0.12962962962962962,0.2,0.07037037037037039,8.176298175326771,393,0.9999999999977626,0.9999999999986133,1.0,0.0,1,0.9999999999977626,1.0
1.0,csv-physionet,greedy_entropy,0,dep,780,0,2160,2160,0.12175925925925926,0.12175925925925926,0.11898148148148148,0.2,0.07824074074074075,9.090752576514632,393,0.9999999999999997,0.9999999999999997,1.0,0.0,1,0.9999999999999997,1.0
1.0,csv-physionet,greedy_entropy,0,dep,781,0,2160,2160,0.13194444444444445,0.13194444444444445,0.1310185185185185,0.2,0.06805555555555556,7.90734099850681,393,0.9999999999774374,0.9999999999774374,1.0,0.0,1,0.9999999999774374,1.0
1.0,csv-physionet,greedy_entropy,0,dep,782,0,2160,2160,0.12268518518518519,0.12268518518518519,0.12129629629629629,0.2,0.07731481481481482,8.983169705786649,393,0.999999999999999,0.999999999999999,1.0,0.0,1,0.999999999999999,1.0
1.0,csv-physionet,random,0,0.5,778,0,2160,2160,0.12638888888888888,0.1259259259259259,0.12638888888888888,0.2,0.07361111111111113,8.552838222874714,393,0.9999999999999301,0.9999999999999584,1.0,0.0,1,0.9999999999999301,1.0
1.0,csv-physionet,random,0,0.5,779,0,2160,2160,0.12962962962962962,0.12916666666666668,0.12962962962962962,0.2,0.07037037037037039,8.176298175326771,393,0.9999999999977626,0.9999999999986133,1.0,0.0,1,0.9999999999977626,1.0
1.0,csv-physionet,random,0,0.5,780,0,2160,2160,0.12175925925925926,0.12129629629629629,0.12175925925925926,0.2,0.07824074074074075,9.090752576514632,393,0.9999999999999997,0.9999999999999998,1.0,0.0,1,0.9999999999999997,1.0
1.0,csv-physionet,random,0,0.5,781,0,2160,2160,0.13194444444444445,0.13148148148148148,0.13194444444444445,0.2,0.06805555555555556,7.90734099850681,393,0.9999999999774374,0.9999999999856348,1.0,0.0,1,0.9999999999774374,1.0
1.0,csv-physionet,random,0,0.5,782,0,2160,2160,0.12268518518518519,0.12268518518518519,0.12268518518518519,0.2,0.07731481481481482,8.983169705786649,393,0.999999999999999,0.999999999999999,1.0,0.0,1,0.999999999999999,1.0
1.0,csv-physionet,random,0,0.7,778,0,2160,2160,0.12638888888888888,0.1259259259259259,0.12638888888888888,0.2,0.07361111111111113,8.552838222874714,393,0.9999999999999301,0.9999999999999584,1.0,0.0,1,0.9999999999999301,1.0
1.0,csv-physionet,random,0,0.7,779,0,2160,2160,0.12962962962962962,0.12916666666666668,0.12962962962962962,0.2,0.07037037037037039,8.176298175326771,393,0.9999999999977626,0.9999999999986133,1.0,0.0,1,0.9999999999977626,1.0
1.0,csv-physionet,random,0,0.7,780,0,2160,2160,0.12175925925925926,0.12129629629629629,0.12175925925925926,0.2,0.07824074074074075,9.090752576514632,393,0.9999999999999997,0.9999999999999998,1.0,0.0,1,0.9999999999999997,1.0
1.0,csv-physionet,random,0,0.7,781,0,2160,2160,0.13194444444444445,0.13148148148148148,0.13194444444444445,0.2,0.06805555555555556,7.90734099850681,393,0.9999999999774374,0.9999999999856348,1.0,0.0,1,0.9999999999774374,1.0
1.0,csv-physionet,random,0,0.7,782,0,2160,2160,0.12268518518518519,0.12268518518518519,0.12268518518518519,0.2,0.07731481481481482,8.983169705786649,393,0.999999999999999,0.999999999999999,1.0,0.0,1,0.999999999999999,1.0
1.0,csv-physionet,random,0,0.9,778,1,896,938,0.1865671641791045,0.18443496801705758,0.1865671641791045,0.2,0.013432835820895522,1.0052213874915066,154,0.13833394352190861,0.17745948971736794,0.0,1.0,1,0.12836034276916183,0.0
1.0,csv-physionet,random,0,0.9,779,1,896,903,0.1672203765227021,0.16611295681063123,0.1672203765227021,0.2,0.0327796234772979,2.453002406390004,154,0.6650448217695961,0.6969562873745843,1.0,0.0,1,0.6589298615577316,1.0
1.0,csv-physionet,random,0,0.9,780,1,896,910,0.16593406593406593,0.15934065934065933,0.16483516483516483,0.2,0.034065934065934084,2.549261076703126,154,0.7019915739838638,0.8575741670511865,1.0,0.0,1,0.6906109950212068,1.0
1.0,csv-physionet,random,0,0.9,781,1,896,895,0.19217877094972066,0.18994413407821228,0.19217877094972066,0.2,0.007821229050279349,0.5852871889925733,154,0.06530462544460061,0.08952759509029602,0.0,1.0,1,0.05670261496862477,0.0
1.0,csv-physionet,random,0,0.9,782,1,896,905,0.17569060773480663,0.1712707182320442,0.16906077348066298,0.2,0.02430939226519338,1.8191483427409223,154,0.4023334567233259,0.5406114098898303,0.0,1.0,1,0.38319320031792287,0.0
1.0,csv-physionet,random,0,dep,778,0,2160,2160,0.12638888888888888,0.1259259259259259,0.12638888888888888,0.2,0.07361111111111113,8.552838222874714,393,0.9999999999999301,0.9999999999999584,1.0,0.0,1,0.9999999999999301,1.0
1.0,csv-physionet,random,0,dep,779,0,2160,2160,0.12962962962962962,0.12916666666666668,0.12962962962962962,0.2,0.07037037037037039,8.176298175326771,393,0.9999999999977626,0.9999999999986133,1.0,0.0,1,0.9999999999977626,1.0
1.0,csv-physionet,random,0,dep,780,0,2160,2160,0.12175925925925926,0.12129629629629629,0.12175925925925926,0.2,0.07824074074074075,9.090752576514632,393,0.9999999999999997,0.9999999999999998,1.0,0.0,1,0.9999999999999997,1.0
1.0,csv-physionet,random,0,dep,781,0,2160,2160,0.13194444444444445,0.13148148148148148,0.13194444444444445,0.2,0.06805555555555556,7.90734099850681,393,0.9999999999774374,0.9999999999856348,1.0,0.0,1,0.9999999999774374,1.0
1.0,csv-physionet,random,0,dep,782,0,2160,2160,0.12268518518518519,0.12268518518518519,0.12268518518518519,0.2,0.07731481481481482,8.983169705786649,393,0.999999999999999,0.999999999999999,1.0,0.0,1,0.999999999999999,1.0
1.0,cube,greedy_entropy,0,0.5,778,1,1832,1862,0.059613319011815255,0.059613319011815255,0.059613319011815255,0.15,0.09038668098818474,10.83458002382303,242,1.0,1.0,1.0,0.0,1,1.0,1.0
1.0,cube,greedy_entropy,0,0.5,779,1,1832,1833,0.060556464811783964,0.060556464811783964,0.060556464811783964,0.15,0.08944353518821603,10.721525882082508,242,1.0,1.0,1.0,0.0,1,1.0,1.0
1.0,cube,greedy_entropy,0,0.5,780,1,1832,1852,0.05939524838012959,0.05939524838012959,0.05939524838012959,0.15,0.0906047516198704,10.860719978117322,242,1.0,1.0,1.0,0.0,1,1.0,1.0
1.0,cube,greedy_entropy,0,0.5,781,1,1832,1857,0.05546580506192784,0.05546580506192784,0.05546580506192784,0.15,0.09453419493807216,11.33173924350775,242,1.0,1.0,1.0,0.0,1,1.0,1.0
1.0,cube,greedy_entropy,0,0.5,782,1,1832,1823,0.055951727921009324,0.055951727921009324,0.055951727921009324,0.15,0.09404827207899066,11.273492054380277,242,1.0,1.0,1.0,0.0,1,1.0,1.0
1.0,cube,greedy_entropy,0,0.7,778,2,1467,1548,0.06136950904392765,0.06136950904392765,0.06136950904392765,0.15,0.08863049095607234,9.506991805240842,191,1.0,1.0,1.0,0.0,1,1.0,1.0
1.0,cube,greedy_entropy,0,0.7,779,2,1467,1527,0.05762933857236411,0.05762933857236411,0.05762933857236411,0.15,0.09237066142763589,9.908182971393604,191,1.0,1.0,1.0,0.0,1,1.0,1.0
1.0,cube,greedy_entropy,0,0.7,780,2,1467,1513,0.05551883674818242,0.05551883674818242,0.05551883674818242,0.15,0.09448116325181757,10.13456695427581,191,1.0,1.0,1.0,0.0,1,1.0,1.0
1.0,cube,greedy_entropy,0,0.7,781,2,1467,1519,0.05859117840684661,0.05859117840684661,0.05859117840684661,0.15,0.09140882159315339,9.80501076366081,191,1.0,1.0,1.0,0.0,1,1.0,1.0
1.0,cube,greedy_entropy,0,0.7,782,2,1467,1510,0.052980132450331126,0.052980132450331126,0.052980132450331126,0.15,0.09701986754966888,10.40688227934339,191,1.0,1.0,1.0,0.0,1,1.0,1.0
1.0,cube,greedy_entropy,0,0.9,778,3,734,717,0.16457461645746166,0.16457461645746166,0.16457461645746166,0.15,-0.014574616457461664,-1.1058343404761128,89,0.0006264493526073399,0.0006264493526073399,0.0,1.0,1,0.0007345181155588311,0.0
1.0,cube,greedy_entropy,0,0.9,779,3,734,737,0.1628222523744912,0.1628222523744912,0.1628222523744912,0.15,-0.012822252374491194,-0.9728754811043051,89,0.0009579763474887259,0.0009579763474887259,0.0,1.0,1,0.0011790203663963087,0.0
1.0,cube,greedy_entropy,0,0.9,780,3,734,677,0.1654357459379616,0.1654357459379616,0.1654357459379616,0.15,-0.015435745937961598,-1.171171672261997,89,0.0005062273772002102,0.0005062273772002102,0.0,1.0,1,0.0007849253417948096,0.0
1.0,cube,greedy_entropy,0,0.9,781,3,734,690,0.16376811594202897,0.16376811594202897,0.16376811594202897,0.15,-0.01376811594202898,-1.0446419263786186,89,0.0007628307339693695,0.0007628307339693695,0.0,1.0,1,0.0008351546637895113,0.0
1.0,cube,greedy_entropy,0,0.9,782,3,734,686,0.14868804664723032,0.14868804664723032,0.14868804664723032,0.15,0.0013119533527696792,0.09954313891071388,89,0.018787009211957653,0.018787009211957653,0.0,1.0,1,0.02137495617975422,0.0
1.0,cube,greedy_entropy,0,dep,778,2,1184,1230,0.08048780487804878,0.08048780487804878,0.08048780487804878,0.15,0.06951219512195121,6.69856478656518,151,0.9999999881415664,0.9999999881415664,1.0,0.0,1,0.9999999964930226,1.0
1.0,cube,greedy_entropy,0,dep,779,2,1184,1218,0.07881773399014778,0.07881773399014778,0.07881773399014778,0.15,0.07118226600985221,6.859501698730518,151,0.9999999969101958,0.9999999969101958,1.0,0.0,1,0.9999999986901517,1.0
1.0,cube,greedy_entropy,0,dep,780,2,1184,1189,0.07232968881412952,0.07148864592094197,0.07232968881412952,0.15,0.07767031118587048,7.484724235200175,151,0.9999999999917386,0.9999999999964899,1.0,0.0,1,0.9999999999940656,1.0
1.0,cube,greedy_entropy,0,dep,781,2,1184,1176,0.07908163265306123,0.0782312925170068,0.07908163265306123,0.15,0.07091836734693877,6.834071020163796,151,0.9999999961608257,0.9999999981050038,1.0,0.0,1,0.9999999957473378,1.0
1.0,cube,greedy_entropy,0,dep,782,2,1184,1180,0.0711864406779661,0.06949152542372881,0.0711864406779661,0.15,0.07881355932203389,7.594893705374081,151,0.9999999999974328,0.9999999999995789,1.0,0.0,1,0.9999999999980186,1.0
1.0,cube,random,0,0.5,778,3,765,707,0.05374823196605375,0.05374823196605375,0.05374823196605375,0.15,0.09625176803394625,7.455629892769864,94,0.9999999999999348,0.9999999999999348,1.0,0.0,1,0.9999999999988434,1.0
1.0,cube,random,0,0.5,779,3,765,667,0.05847076461769116,0.05847076461769116,0.05847076461769116,0.15,0.09152923538230884,7.089824086535615,94,0.9999999999927671,0.9999999999927671,1.0,0.0,1,0.9999999993226569,1.0
1.0,cube,random,0,0.5,780,3,765,680,0.05,0.05,0.05,0.15,0.09999999999999999,7.745966692414833,94,0.9999999999999991,0.9999999999999991,1.0,0.0,1,0.9999999999998581,1.0
1.0,cube,random,0,0.5,781,3,765,685,0.061313868613138686,0.061313868613138686,0.061313868613138686,0.15,0.08868613138686131,6.869598198017535,94,0.9999999999097949,0.9999999999097949,1.0,0.0,1,0.9999999981095887,1.0
1.0,cube,random,0,0.5,782,3,765,686,0.048104956268221574,0.048104956268221574,0.048104956268221574,0.15,0.10189504373177842,7.892756148685085,94,0.9999999999999999,0.9999999999999999,1.0,0.0,1,0.9999999999999892,1.0
1.0,cube,random,0,0.7,778,3,724,689,0.08272859216255443,0.07982583454281568,0.08272859216255443,0.15,0.06727140783744556,5.069261642643262,88,0.9998649887591158,0.9999605957709602,1.0,0.0,1,0.9997353488321604,1.0
1.0,cube,random,0,0.7,779,3,724,633,0.08530805687203792,0.08530805687203792,0.08530805687203792,0.15,0.06469194312796207,4.874885132165983,88,0.999633094828831,0.999633094828831,1.0,0.0,1,0.9988466186145565,1.0
1.0,cube,random,0,0.7,780,3,724,648,0.07716049382716049,0.07716049382716049,0.07716049382716049,0.15,0.0728395061728395,5.488847737560198,88,0.9999885623904072,0.9999885623904072,1.0,0.0,1,0.9999552608207827,1.0
1.0,cube,random,0,0.7,781,3,724,658,0.07446808510638298,0.07142857142857142,0.07446808510638298,0.15,0.07553191489361702,5.6917351854866025,88,0.9999970652235127,0.9999994528362087,1.0,0.0,1,0.99998678718344,1.0
1.0,cube,random,0,0.7,782,3,724,639,0.07355242566510173,0.07198748043818466,0.07355242566510173,0.15,0.07644757433489827,5.760735038955217,88,0.9999982009997589,0.9999992458423089,1.0,0.0,1,0.9999830783516335,1.0
1.0,cube,random,0,0.9,778,3,738,740,0.1472972972972973,0.1445945945945946,0.1472972972972973,0.15,0.002702702702702703,0.20562284533195221,90,0.02708617762772078,0.04251779008545088,0.0,1.0,1,0.025299455527716102,0.0
1.0,cube,random,0,0.9,779,3,738,745,0.14899328859060404,0.14899328859060404,0.14899328859060404,0.15,0.001006711409395955,0.07659105983841034,90,0.020085669354420195,0.020085669354420195,0.0,1.0,1,0.0203563747785845,0.0
1.0,cube,random,0,0.9,780,3,738,752,0.14095744680851063,0.13962765957446807,0.14095744680851063,0.15,0.009042553191489361,0.68796154103084,90,0.07417978714936012,0.08961009331424435,0.0,1.0,1,0.076587361390026,0.0
1.0,cube,random,0,0.9,781,3,738,724,0.143646408839779,0.14226519337016574,0.143646408839779,0.15,0.006353591160220995,0.4833840922030147,90,0.049431909075503655,0.06113298284123324,0.0,1.0,1,0.047879114741610385,0.0
1.0,cube,random,0,0.9,782,3,738,746,0.12734584450402145,0.12734584450402145,0.12734584450402145,0.15,0.022654155495978545,1.7235384073199687,90,0.3547180588810219,0.3547180588810219,0.0,1.0,1,0.354696308949106,0.0
1.0,cube,random,0,dep,778,3,742,714,0.08263305322128851,0.07983193277310924,0.08263305322128851,0.15,0.06736694677871148,5.139178765986721,90,0.9998803358608629,0.9999643432704712,1.0,0.0,1,0.9998709948532635,1.0
1.0,cube,random,0,dep,779,3,742,658,0.08662613981762918,0.08662613981762918,0.08662613981762918,0.15,0.06337386018237082,4.8345607473897285,90,0.9994405968982002,0.9994405968982002,1.0,0.0,1,0.998541694192805,1.0
1.0,cube,random,0,dep,780,3,742,672,0.07738095238095238,0.07738095238095238,0.07738095238095238,0.15,0.07261904761904761,5.539842391193586,90,0.9999887493835803,0.9999887493835803,1.0,0.0,1,0.9999651459749491,1.0
1.0,cube,random,0,dep,781,3,742,675,0.07407407407407407,0.07111111111111111,0.07407407407407407,0.15,0.07592592592592592,5.79211208113865,90,0.9999979571283899,0.9999996216833014,1.0,0.0,1,0.9999911156623439,1.0
1.0,cube,random,0,dep,782,3,742,658,0.07142857142857142,0.06990881458966565,0.07142857142857142,0.15,0.07857142857142857,5.9939278330947,90,0.9999995433414489,0.9999998176446021,1.0,0.0,1,0.9999970292949191,1.0
1.0,fashionmnist,greedy_entropy,0,0.5,778,2,3074,3111,0.10318225650916105,0.10318225650916105,0.1018964963034394,0.15,0.04681774349083895,7.269546469406359,419,0.9999999970525142,0.9999999970525142,1.0,0.0,1,0.9999999975695657,1.0
1.0,fashionmnist,greedy_entropy,0,0.5,779,2,3074,3093,0.10604591011962496,0.10604591011962496,0.09925638538635628,0.15,0.04395408988037504,6.824897465815997,419,0.9999999351830575,0.9999999351830575,1.0,0.0,1,0.9999999474522633,1.0
1.0,fashionmnist,greedy_entropy,0,0.5,780,2,3074,3075,0.10016260162601626,0.10016260162601626,0.09723577235772357,0.15,0.04983739837398374,7.738418308539021,419,0.9999999999220383,0.9999999999220383,1.0,0.0,1,0.9999999999186802,1.0
1.0,fashionmnist,greedy_entropy,0,0.5,781,2,3074,3119,0.1038794485411991,0.1038794485411991,0.10099390830394357,0.15,0.046120551458800896,7.161291147874423,419,0.9999999935478424,0.9999999935478424,1.0,0.0,1,0.9999999961570492,1.0
1.0,fashionmnist,greedy_entropy,0,0.5,782,2,3074,3057,0.1046777886817141,0.1046777886817141,0.10336931632319267,0.15,0.0453222113182859,7.037330223721772,419,0.9999999845622539,0.9999999845622539,1.0,0.0,1,0.9999999847543106,1.0
1.0,fashionmnist,greedy_entropy,0,0.7,778,3,2974,3071,0.11950504721589059,0.11950504721589059,0.11950504721589059,0.15,0.030494952784109408,4.657398028216331,405,0.9973189145746207,0.9973189145746207,1.0,0.0,1,0.997952211669201,1.0
1.0,fashionmnist,greedy_entropy,0,0.7,779,3,2974,3054,0.12802881466928617,0.12802881466928617,0.12278978388998035,0.15,0.02197118533071382,3.3555898892935634,405,0.9118762408919694,0.9118762408919694,1.0,0.0,1,0.915463900398072,1.0
1.0,fashionmnist,greedy_entropy,0,0.7,780,3,2974,3042,0.11702827087442472,0.11702827087442472,0.11538461538461539,0.15,0.03297172912557528,5.035668272828317,405,0.999340072792014,0.999340072792014,1.0,0.0,1,0.9994941853079374,1.0
1.0,fashionmnist,greedy_entropy,0,0.7,781,3,2974,3109,0.12222579607590865,0.12222579607590865,0.12093920874879382,0.15,0.027774203924091342,4.24186662977052,405,0.9898587186540901,0.9898587186540901,1.0,0.0,1,0.991898897852386,1.0
1.0,fashionmnist,greedy_entropy,0,0.7,782,3,2974,3049,0.12594293210888816,0.12594293210888816,0.12561495572318793,0.15,0.02405706789111184,3.6741601586973194,405,0.9552099770670799,0.9552099770670799,1.0,0.0,1,0.9607964144434069,1.0
1.0,fashionmnist,greedy_entropy,0,0.9,778,4,2601,2644,0.16187594553706505,0.16187594553706505,0.16111951588502268,0.15,-0.011875945537065058,-1.6962243014844596,352,9.623290388400742e-05,9.623290388400742e-05,0.0,1.0,1,8.84342879755353e-05,0.0
1.0,fashionmnist,greedy_entropy,0,0.9,779,4,2601,2694,0.17223459539717892,0.1714922048997773,0.16406829992576094,0.15,-0.022234595397178925,-3.1757354333312313,352,1.6331424340026572e-07,2.7209614148924346e-07,0.0,1.0,1,1.1300315003346136e-07,0.0
1.0,fashionmnist,greedy_entropy,0,0.9,780,4,2601,2623,0.16164696911932902,0.16164696911932902,0.15821578345406023,0.15,-0.011646969119329026,-1.6635199275027397,352,0.00010877328661863849,0.00010877328661863849,0.0,1.0,1,0.00010267219195341568,0.0
1.0,fashionmnist,greedy_entropy,0,0.9,781,4,2601,2723,0.16709511568123395,0.1667278736687477,0.16452442159383032,0.15,-0.017095115681233952,-2.4416709023038563,352,4.735753987599976e-06,5.933761820447059e-06,0.0,1.0,1,3.294623701052769e-06,0.0
1.0,fashionmnist,greedy_entropy,0,0.9,782,4,2601,2633,0.16445119635396885,0.16445119635396885,0.16293201671097607,0.15,-0.014451196353968854,-2.064043689373759,352,2.2943249684021116e-05,2.2943249684021116e-05,0.0,1.0,1,1.8995069945633317e-05,0.0
1.0,fashionmnist,greedy_entropy,0,dep,778,4,2578,2640,0.13257575757575757,0.13257575757575757,0.13257575757575757,0.15,0.017424242424242425,2.477651781422946,348,0.6540490431382636,0.6540490431382636,1.0,0.0,1,0.6686345420504756,1.0
1.0,fashionmnist,greedy_entropy,0,dep,779,4,2578,2658,0.1455981941309255,0.145221971407073,0.1433408577878104,0.15,0.004401805869074488,0.6259177235629263,348,0.06577110827211957,0.07291937230516375,0.0,1.0,1,0.07146545552333079,0.0
1.0,fashionmnist,greedy_entropy,0,dep,780,4,2578,2582,0.1351665375677769,0.1351665375677769,0.1332300542215337,0.15,0.014833462432223082,2.109254091227199,348,0.5037302113893071,0.5037302113893071,1.0,0.0,1,0.5142689185841733,1.0
1.0,fashionmnist,greedy_entropy,0,dep,781,4,2578,2668,0.14280359820089955,0.14205397301349326,0.14167916041979012,0.15,0.007196401799100444,1.0232971571016083,348,0.13401287875025295,0.15878202925500215,0.0,1.0,1,0.14002555718743492,0.0
1.0,fashionmnist,greedy_entropy,0,dep,782,4,2578,2591,0.1443458124276341,0.1443458124276341,0.14395986105750674,0.15,0.005654187572365882,0.8040009757715995,348,0.09190313406309052,0.09190313406309052,0.0,1.0,1,0.09363515242573925,0.0
1.0,fashionmnist,random,0,0.5,778,3,3807,3894,0.0847457627118644,0.0847457627118644,0.08217770929635336,0.15,0.06525423728813559,11.275740277529142,524,1.0,1.0,1.0,0.0,1,1.0,1.0
1.0,fashionmnist,random,0,0.5,779,3,3807,3811,0.09472579375491996,0.09472579375491996,0.0910522172658095,0.15,0.05527420624508003,9.551220266571429,524,1.0,1.0,1.0,0.0,1,1.0,1.0
1.0,fashionmnist,random,0,0.5,780,3,3807,3903,0.09198052779912888,0.09198052779912888,0.08916218293620293,0.15,0.058019472200871114,10.025594149351777,524,1.0,1.0,1.0,0.0,1,1.0,1.0
1.0,fashionmnist,random,0,0.5,781,3,3807,3881,0.09662458129348106,0.09662458129348106,0.09507858799278536,0.15,0.053375418706518934,9.223115364624832,524,0.9999999999999998,0.9999999999999998,1.0,0.0,1,0.9999999999999999,1.0
1.0,fashionmnist,random,0,0.5,782,3,3807,3934,0.09430604982206406,0.09430604982206406,0.09278088459583121,0.15,0.055693950177935936,9.623750783617444,524,1.0,1.0,1.0,0.0,1,1.0,1.0
1.0,fashionmnist,random,0,0.7,778,4,2794,2779,0.11550917596257647,0.11550917596257647,0.11406980928391508,0.15,0.034490824037423526,5.105775075596108,379,0.9994948132834457,0.9994948132834457,1.0,0.0,1,0.9994826958863506,1.0
1.0,fashionmnist,random,0,0.7,779,4,2794,2719,0.12688488414858404,0.12688488414858404,0.12283927914674513,0.15,0.023115115851415957,3.4217965408892645,379,0.9211980944865685,0.9211980944865685,1.0,0.0,1,0.9112215122794252,1.0
1.0,fashionmnist,random,0,0.7,780,4,2794,2810,0.12348754448398576,0.12348754448398576,0.1202846975088968,0.15,0.026512455516014236,3.9247144231648217,379,0.9751402218586327,0.9751402218586327,1.0,0.0,1,0.9749010241491303,1.0
1.0,fashionmnist,random,0,0.7,781,4,2794,2804,0.13052781740370897,0.13052781740370897,0.12945791726105563,0.15,0.01947218259629102,2.882522738793508,379,0.7977425110836583,0.7977425110836583,1.0,0.0,1,0.8080165437610541,1.0
1.0,fashionmnist,random,0,0.7,782,4,2794,2740,0.13284671532846715,0.13284671532846715,0.1302919708029197,0.15,0.017153284671532848,2.5392496637798367,379,0.6806213331176584,0.6806213331176584,1.0,0.0,1,0.6655972101621268,1.0
1.0,fashionmnist,random,0,0.9,778,4,2610,2654,0.17068575734740016,0.17068575734740016,0.16955538809344387,0.15,-0.020685757347400163,-2.959624318849795,353,4.224662711397207e-07,4.224662711397207e-07,0.0,1.0,1,3.454545980411439e-07,0.0
1.0,fashionmnist,random,0,0.9,779,4,2610,2647,0.1858707971288251,0.1858707971288251,0.18209293539856442,0.15,-0.0358707971288251,-5.132230922758123,353,2.926591127608196e-12,2.926591127608196e-12,0.0,1.0,1,2.067496756904571e-12,0.0
1.0,fashionmnist,random,0,0.9,780,4,2610,2669,0.18059198201573623,0.18059198201573623,0.17609591607343575,0.15,-0.030591982015736235,-4.376962004099305,353,2.6192315067163766e-10,2.6192315067163766e-10,0.0,1.0,1,1.6793248759789424e-10,0.0
1.0,fashionmnist,random,0,0.9,781,4,2610,2727,0.18078474514118079,0.18078474514118079,0.1793179317931793,0.15,-0.03078474514118079,-4.40454167760422,353,2.237683047166703e-10,2.237683047166703e-10,0.0,1.0,1,1.367753005261349e-10,0.0
1.0,fashionmnist,random,0,0.9,782,4,2610,2642,0.1866010598031794,0.1866010598031794,0.18470855412566237,0.15,-0.0366010598031794,-5.236713593315937,353,1.5259874169048658e-12,1.5259874169048658e-12,0.0,1.0,1,9.880879360866483e-13,0.0
1.0,fashionmnist,random,0,dep,778,4,2920,2852,0.12868162692847124,0.12868162692847124,0.12622720897615708,0.15,0.021318373071528757,3.2261933482256855,397,0.884763692106521,0.884763692106521,1.0,0.0,1,0.8737604971839636,1.0
1.0,fashionmnist,random,0,dep,779,4,2920,2804,0.14800285306704708,0.14800285306704708,0.14265335235378032,0.15,0.0019971469329529146,0.3022361100869869,397,0.03428989207005551,0.03428989207005551,0.0,1.0,1,0.03626684325944144,0.0
1.0,fashionmnist,random,0,dep,780,4,2920,2863,0.1421585749214111,0.14180929095354522,0.1379671673070206,0.15,0.007841425078588898,1.1866737365122695,397,0.17565355586570347,0.18989421797873557,0.0,1.0,1,0.17468270012959494,0.0
1.0,fashionmnist,random,0,dep,781,4,2920,2849,0.14426114426114425,0.14426114426114425,0.14250614250614252,0.15,0.0057388557388557415,0.868483638455976,397,0.10488346204278273,0.10488346204278273,0.0,1.0,1,0.10440404808644756,0.0
1.0,fashionmnist,random,0,dep,782,4,2920,2831,0.1487107029318262,0.1487107029318262,0.14623807841752032,0.15,0.0012892970681737947,0.1951144025518685,397,0.02695544038208839,0.02695544038208839,0.0,1.0,1,0.025849050604508414,0.0
1.0,image-imagenette,greedy_entropy,0,0.5,778,2,846,811,0.04562268803945746,0.04562268803945746,0.04562268803945746,0.1,0.054377311960542546,5.272075997831322,66,0.9999871616892528,0.9999871616892528,1.0,0.0,1,0.9999781105230428,1.0
1.0,image-imagenette,greedy_entropy,0,0.5,779,2,846,797,0.043914680050188205,0.043914680050188205,0.043914680050188205,0.1,0.0560853199498118,5.437673516349056,66,0.9999961595106608,0.9999961595106608,1.0,0.0,1,0.9999853463927435,1.0
1.0,image-imagenette,greedy_entropy,0,0.5,780,2,846,826,0.048426150121065374,0.048426150121065374,0.048426150121065374,0.1,0.05157384987893463,5.000270264550499,66,0.9999239470895321,0.9999239470895321,1.0,0.0,1,0.9998850413330987,1.0
1.0,image-imagenette,greedy_entropy,0,0.5,781,2,846,812,0.04064039408866995,0.04064039408866995,0.04064039408866995,0.1,0.059359605911330056,5.755127318410518,66,0.9999997165802549,0.9999997165802549,1.0,0.0,1,0.9999993968352975,1.0
1.0,image-imagenette,greedy_entropy,0,0.5,782,2,846,812,0.03694581280788178,0.03694581280788178,0.03694581280788178,0.1,0.06305418719211822,6.113330263539803,66,0.9999999912070343,0.9999999912070343,1.0,0.0,1,0.9999999779017169,1.0
1.0,image-imagenette,greedy_entropy,0,0.7,778,2,513,480,0.07083333333333333,0.07083333333333333,0.06875,0.1,0.029166666666666674,2.2020350436206355,37,0.5884816526262842,0.5884816526262842,1.0,0.0,1,0.5454717641495807,1.0
1.0,image-imagenette,greedy_entropy,0,0.7,779,2,513,462,0.07142857142857142,0.07142857142857142,0.07142857142857142,0.1,0.02857142857142858,2.1570955529345004,37,0.5678413525275178,0.5678413525275178,0.0,1.0,1,0.47426514918297596,0.0
1.0,image-imagenette,greedy_entropy,0,0.7,780,2,513,516,0.07364341085271318,0.07364341085271318,0.07364341085271318,0.1,0.02635658914728682,1.9898788434046935,37,0.4907900638348419,0.4907900638348419,0.0,1.0,1,0.475939342826425,0.0
1.0,image-imagenette,greedy_entropy,0,0.7,781,2,513,485,0.061855670103092786,0.061855670103092786,0.061855670103092786,0.1,0.03814432989690722,2.8798337536599767,37,0.8543656482765365,0.8543656482765365,1.0,0.0,1,0.8041329666396829,1.0
1.0,image-imagenette,greedy_entropy,0,0.7,782,2,513,485,0.05154639175257732,0.05154639175257732,0.049484536082474224,0.1,0.04845360824742269,3.658167200595106,37,0.9826245576223023,0.9826245576223023,1.0,0.0,1,0.9698502354259573,1.0
1.0,image-imagenette,greedy_entropy,0,0.9,778,4,490,442,0.09276018099547512,0.09276018099547512,0.09276018099547512,0.1,0.007239819004524889,0.5342007510390023,35,0.05661656217171782,0.05661656217171782,0.0,1.0,1,0.0554318271391229,0.0
1.0,image-imagenette,greedy_entropy,0,0.9,779,4,490,453,0.08830022075055188,0.08830022075055188,0.08830022075055188,0.1,0.011699779249448122,0.863285512820065,35,0.10562121512910395,0.10562121512910395,0.0,1.0,1,0.07588109418200636,0.0
1.0,image-imagenette,greedy_entropy,0,0.9,780,4,490,479,0.08768267223382047,0.08768267223382047,0.08768267223382047,0.1,0.01231732776617954,0.9088522433190955,35,0.1144536260646773,0.1144536260646773,0.0,1.0,1,0.11050967747057208,0.0
1.0,image-imagenette,greedy_entropy,0,0.9,781,4,490,442,0.07918552036199095,0.07918552036199095,0.07692307692307693,0.1,0.02081447963800906,1.535827159237132,35,0.2960823135572467,0.2960823135572467,0.0,1.0,1,0.27391567523671095,0.0
1.0,image-imagenette,greedy_entropy,0,0.9,782,4,490,453,0.0728476821192053,0.0728476821192053,0.0728476821192053,0.1,0.02715231788079471,2.0034739259786423,35,0.49636020447596896,0.49636020447596896,0.0,1.0,1,0.4024417092045125,0.0
1.0,image-imagenette,greedy_entropy,0,dep,778,3,544,498,0.0783132530120482,0.0783132530120482,0.07630522088353414,0.1,0.02168674698795181,1.6860583792323762,39,0.3163486726414169,0.3163486726414169,0.0,1.0,1,0.28497674341919893,0.0
1.0,image-imagenette,greedy_entropy,0,dep,779,3,544,491,0.07331975560081466,0.07331975560081466,0.07331975560081466,0.1,0.026680244399185343,2.074282955124873,39,0.4840211980107789,0.4840211980107789,0.0,1.0,1,0.475291960407984,0.0
1.0,image-imagenette,greedy_entropy,0,dep,780,3,544,543,0.07918968692449356,0.07918968692449356,0.07918968692449356,0.1,0.020810313075506445,1.617919126132643,39,0.29012546767387914,0.29012546767387914,0.0,1.0,1,0.2943808621789288,0.0
1.0,image-imagenette,greedy_entropy,0,dep,781,3,544,494,0.06680161943319839,0.06680161943319839,0.06477732793522267,0.1,0.03319838056680162,2.581042134290497,39,0.7122765197745906,0.7122765197745906,1.0,0.0,1,0.6812241679292808,1.0
1.0,image-imagenette,greedy_entropy,0,dep,782,3,544,509,0.06286836935166994,0.06286836935166994,0.06286836935166994,0.1,0.03713163064833007,2.8868366945010138,39,0.8263974075131315,0.8263974075131315,1.0,0.0,1,0.7969545920269248,1.0
1.0,image-imagenette,random,0,0.5,778,2,486,482,0.04979253112033195,0.04979253112033195,0.04979253112033195,0.1,0.05020746887966806,3.6894804009555755,34,0.9800193618011672,0.9800193618011672,1.0,0.0,1,0.9820877479761123,1.0
1.0,image-imagenette,random,0,0.5,779,2,486,483,0.049689440993788817,0.049689440993788817,0.049689440993788817,0.1,0.05031055900621119,3.697055947182064,34,0.980550995069729,0.980550995069729,1.0,0.0,1,0.9820823244452254,1.0
1.0,image-imagenette,random,0,0.5,780,2,486,509,0.06679764243614932,0.06679764243614932,0.06286836935166994,0.1,0.03320235756385069,2.439865028666152,34,0.6526513923274195,0.6526513923274195,1.0,0.0,1,0.678782101774654,1.0
1.0,image-imagenette,random,0,0.5,781,2,486,505,0.05742574257425743,0.05742574257425743,0.053465346534653464,0.1,0.04257425742574258,3.1285562061290095,34,0.8978643049354653,0.8978643049354653,1.0,0.0,1,0.9205951915666717,1.0
1.0,image-imagenette,random,0,0.5,782,2,486,459,0.05010893246187364,0.05010893246187364,0.04793028322440087,0.1,0.04989106753812637,3.666229745734299,34,0.9783149467859681,0.9783149467859681,1.0,0.0,1,0.9743486188543151,1.0
1.0,image-imagenette,random,0,0.7,778,3,499,538,0.05018587360594796,0.05018587360594796,0.05018587360594796,0.1,0.04981412639405205,3.709210977811998,35,0.97991438784801,0.97991438784801,1.0,0.0,1,0.9904552570132853,1.0
1.0,image-imagenette,random,0,0.7,779,3,499,507,0.0670611439842209,0.0670611439842209,0.0670611439842209,0.1,0.0329388560157791,2.452661025585805,35,0.6505302595455204,0.6505302595455204,1.0,0.0,1,0.6788005598929832,1.0
1.0,image-imagenette,random,0,0.7,780,3,499,550,0.06363636363636363,0.06363636363636363,0.06,0.1,0.036363636363636376,2.7076736852955974,35,0.758371800732844,0.758371800732844,1.0,0.0,1,0.8323502718649655,1.0
1.0,image-imagenette,random,0,0.7,781,3,499,525,0.06476190476190476,0.06476190476190476,0.06095238095238095,0.1,0.03523809523809525,2.623864737893591,35,0.7246227640118517,0.7246227640118517,1.0,0.0,1,0.7903623199204506,1.0
1.0,image-imagenette,random,0,0.7,782,3,499,489,0.04703476482617587,0.04703476482617587,0.044989775051124746,0.1,0.052965235173824135,3.9438457716805497,35,0.991839617221671,0.991839617221671,1.0,0.0,1,0.9939743199373443,1.0
1.0,image-imagenette,random,0,0.9,778,3,508,459,0.0915032679738562,0.0915032679738562,0.0915032679738562,0.1,0.008496732026143802,0.6383553799764731,36,0.05833389661060197,0.05833389661060197,0.0,1.0,1,0.05790341277022974,0.0
1.0,image-imagenette,random,0,0.9,779,3,508,455,0.08791208791208792,0.08791208791208792,0.08351648351648351,0.1,0.012087912087912087,0.9081590063401543,36,0.09779406042134031,0.09779406042134031,0.0,1.0,1,0.10453457221158778,0.0
1.0,image-imagenette,random,0,0.9,780,3,508,479,0.09812108559498957,0.09812108559498957,0.09812108559498957,0.1,0.0018789144050104373,0.14116193323070528,36,0.019743632263709024,0.019743632263709024,0.0,1.0,1,0.023622409159919193,0.0
1.0,image-imagenette,random,0,0.9,781,3,508,454,0.0881057268722467,0.0881057268722467,0.0881057268722467,0.1,0.011894273127753305,0.8936110046366679,36,0.0952329394106623,0.0952329394106623,0.0,1.0,1,0.10451019035964652,0.0
1.0,image-imagenette,random,0,0.9,782,3,508,416,0.08173076923076923,0.08173076923076923,0.08173076923076923,0.1,0.018269230769230774,1.372558498218643,36,0.21029674636416365,0.21029674636416365,0.0,1.0,1,0.16245851721866336,0.0
1.0,image-imagenette,random,0,dep,778,3,486,496,0.08266129032258064,0.08266129032258064,0.08266129032258064,0.1,0.017338709677419364,1.2741297452380247,34,0.17561759111151995,0.17561759111151995,0.0,1.0,1,0.18598693614444609,0.0
1.0,image-imagenette,random,0,dep,779,3,486,488,0.07581967213114754,0.07581967213114754,0.07581967213114754,0.1,0.024180327868852464,1.7768839527566498,34,0.351297762121806,0.351297762121806,0.0,1.0,1,0.3418299284114596,0.0
1.0,image-imagenette,random,0,dep,780,3,486,512,0.080078125,0.080078125,0.080078125,0.1,0.019921875000000006,1.463952854085259,34,0.23338575029430128,0.23338575029430128,0.0,1.0,1,0.28968167674641093,0.0
1.0,image-imagenette,random,0,dep,781,3,486,488,0.07991803278688525,0.07991803278688525,0.07991803278688525,0.1,0.020081967213114754,1.4757171811029801,34,0.2373226346354416,0.2373226346354416,0.0,1.0,1,0.2293235585692554,0.0
1.0,image-imagenette,random,0,dep,782,3,486,464,0.0668103448275862,0.0668103448275862,0.0668103448275862,0.1,0.033189655172413804,2.4389315973401477,34,0.6522323169820914,0.6522323169820914,1.0,0.0,1,0.619261274106673,1.0
1.0,mnist,greedy_entropy,0,0.5,778,2,2583,2658,0.008276899924755455,0.008276899924755455,0.007900677200902935,0.1,0.09172310007524455,15.538878576292513,226,1.0,1.0,1.0,0.0,1,1.0,1.0
1.0,mnist,greedy_entropy,0,0.5,779,2,2583,2680,0.006716417910447761,0.006716417910447761,0.006716417910447761,0.1,0.09328358208955224,15.803240994493859,226,1.0,1.0,1.0,0.0,1,1.0,1.0
1.0,mnist,greedy_entropy,0,0.5,780,2,2583,2678,0.0074682598954443615,0.0074682598954443615,0.007094846900672144,0.1,0.09253174010455564,15.67587088485041,226,1.0,1.0,1.0,0.0,1,1.0,1.0
1.0,mnist,greedy_entropy,0,0.5,781,2,2583,2658,0.007900677200902935,0.007900677200902935,0.007900677200902935,0.1,0.09209932279909708,15.602614747647282,226,1.0,1.0,1.0,0.0,1,1.0,1.0
1.0,mnist,greedy_entropy,0,0.5,782,2,2583,2635,0.008349146110056925,0.008349146110056925,0.008349146110056925,0.1,0.09165085388994308,15.526639296328371,226,1.0,1.0,1.0,0.0,1,1.0,1.0
1.0,mnist,greedy_entropy,0,0.7,778,3,3222,3364,0.009215219976218787,0.009215219976218787,0.0089179548156956,0.1,0.09078478002378122,17.17728648436636,286,1.0,1.0,1.0,0.0,1,1.0,1.0
1.0,mnist,greedy_entropy,0,0.7,779,3,3222,3354,0.0086463923673226,0.0086463923673226,0.0086463923673226,0.1,0.0913536076326774,17.28491371875154,286,1.0,1.0,1.0,0.0,1,1.0,1.0
1.0,mnist,greedy_entropy,0,0.7,780,3,3222,3295,0.010015174506828529,0.010015174506828529,0.009711684370257967,0.1,0.08998482549317148,17.025927984151334,286,1.0,1.0,1.0,0.0,1,1.0,1.0
1.0,mnist,greedy_entropy,0,0.7,781,3,3222,3400,0.007647058823529412,0.007647058823529412,0.007647058823529412,0.1,0.0923529411764706,17.473996498603803,286,1.0,1.0,1.0,0.0,1,1.0,1.0
1.0,mnist,greedy_entropy,0,0.7,782,3,3222,3375,0.008592592592592593,0.008592592592592593,0.008592592592592593,0.1,0.09140740740740741,17.29509311383395,286,1.0,1.0,1.0,0.0,1,1.0,1.0
1.0,mnist,greedy_entropy,0,0.9,778,3,2948,2937,0.013278855975485188,0.013278855975485188,0.013278855975485188,0.1,0.08672114402451482,15.695222736755868,260,1.0,1.0,1.0,0.0,1,1.0,1.0
1.0,mnist,greedy_entropy,0,0.9,779,3,2948,2934,0.011247443762781187,0.011247443762781187,0.011247443762781187,0.1,0.08875255623721882,16.062877793745688,260,1.0,1.0,1.0,0.0,1,1.0,1.0
1.0,mnist,greedy_entropy,0,0.9,780,3,2948,2977,0.015115888478333893,0.015115888478333893,0.015115888478333893,0.1,0.08488411152166611,15.36274748367664,260,1.0,1.0,1.0,0.0,1,1.0,1.0
1.0,mnist,greedy_entropy,0,0.9,781,3,2948,2947,0.011876484560570071,0.011876484560570071,0.011876484560570071,0.1,0.08812351543942994,15.949030870450807,260,1.0,1.0,1.0,0.0,1,1.0,1.0
1.0,mnist,greedy_entropy,0,0.9,782,3,2948,2961,0.014184397163120567,0.014184397163120567,0.014184397163120567,0.1,0.08581560283687945,15.531333401610267,260,1.0,1.0,1.0,0.0,1,1.0,1.0
1.0,mnist,greedy_entropy,0,dep,778,2,4388,4794,0.008135168961201502,0.008135168961201502,0.008135168961201502,0.1,0.0918648310387985,20.284361199286653,397,1.0,1.0,1.0,0.0,1,1.0,1.0
1.0,mnist,greedy_entropy,0,dep,779,2,4388,4734,0.007393324883819181,0.007393324883819181,0.007393324883819181,0.1,0.09260667511618083,20.448165269342795,397,1.0,1.0,1.0,0.0,1,1.0,1.0
1.0,mnist,greedy_entropy,0,dep,780,2,4388,4700,0.008936170212765958,0.008936170212765958,0.008297872340425531,0.1,0.09106382978723404,20.107494834606225,397,1.0,1.0,1.0,0.0,1,1.0,1.0
1.0,mnist,greedy_entropy,0,dep,781,2,4388,4769,0.006919689662403019,0.006919689662403019,0.006919689662403019,0.1,0.09308031033759699,20.55274705324497,397,1.0,1.0,1.0,0.0,1,1.0,1.0
1.0,mnist,greedy_entropy,0,dep,782,2,4388,4726,0.007829030892932713,0.007829030892932713,0.00761743546339399,0.1,0.09217096910706729,20.351958505931602,397,1.0,1.0,1.0,0.0,1,1.0,1.0
1.0,mnist,random,0,0.5,778,4,2574,2587,0.005798221878623889,0.005798221878623889,0.005798221878623889,0.1,0.09420177812137612,15.930966230431496,225,1.0,1.0,1.0,0.0,1,1.0,1.0
1.0,mnist,random,0,0.5,779,4,2574,2535,0.007495069033530572,0.007495069033530572,0.007100591715976331,0.1,0.09250493096646943,15.644003337988089,225,1.0,1.0,1.0,0.0,1,1.0,1.0
1.0,mnist,random,0,0.5,780,4,2574,2577,0.006984866123399301,0.006984866123399301,0.006984866123399301,0.1,0.09301513387660071,15.730286479283963,225,1.0,1.0,1.0,0.0,1,1.0,1.0
1.0,mnist,random,0,0.5,781,4,2574,2646,0.003779289493575208,0.003779289493575208,0.003779289493575208,0.1,0.09622071050642479,16.272398677771218,225,1.0,1.0,1.0,0.0,1,1.0,1.0
1.0,mnist,random,0,0.5,782,4,2574,2506,0.004788507581803671,0.004788507581803671,0.004788507581803671,0.1,0.09521149241819633,16.101724412345014,225,1.0,1.0,1.0,0.0,1,1.0,1.0
1.0,mnist,random,0,0.7,778,4,2552,2556,0.008215962441314555,0.008215962441314555,0.008215962441314555,0.1,0.09178403755868544,15.455613138225974,223,1.0,1.0,1.0,0.0,1,1.0,1.0
1.0,mnist,random,0,0.7,779,4,2552,2502,0.008393285371702638,0.008393285371702638,0.007194244604316547,0.1,0.09160671462829736,15.425753538610275,223,1.0,1.0,1.0,0.0,1,1.0,1.0
1.0,mnist,random,0,0.7,780,4,2552,2469,0.010935601458080195,0.010935601458080195,0.010935601458080195,0.1,0.0890643985419198,14.997650189146956,223,1.0,1.0,1.0,0.0,1,1.0,1.0
1.0,mnist,random,0,0.7,781,4,2552,2543,0.009044435705859222,0.009044435705859222,0.009044435705859222,0.1,0.09095556429414078,15.316105631117471,223,1.0,1.0,1.0,0.0,1,1.0,1.0
1.0,mnist,random,0,0.7,782,4,2552,2462,0.012185215272136474,0.012185215272136474,0.012185215272136474,0.1,0.08781478472786353,14.787226370409542,223,1.0,1.0,1.0,0.0,1,1.0,1.0
1.0,mnist,random,0,0.9,778,4,2646,2686,0.01340282948622487,0.01340282948622487,0.01340282948622487,0.1,0.08659717051377513,14.848321664927663,232,1.0,1.0,1.0,0.0,1,1.0,1.0
1.0,mnist,random,0,0.9,779,4,2646,2667,0.014623172103487065,0.014623172103487065,0.014623172103487065,0.1,0.08537682789651294,14.639076494271118,232,1.0,1.0,1.0,0.0,1,1.0,1.0
1.0,mnist,random,0,0.9,780,4,2646,2721,0.01617052554208012,0.01617052554208012,0.01617052554208012,0.1,0.08382947445791988,14.37376064793054,232,1.0,1.0,1.0,0.0,1,1.0,1.0
1.0,mnist,random,0,0.9,781,4,2646,2654,0.011680482290881688,0.011680482290881688,0.011680482290881688,0.1,0.08831951770911832,15.143642690122979,232,1.0,1.0,1.0,0.0,1,1.0,1.0
1.0,mnist,random,0,0.9,782,4,2646,2626,0.016755521706016754,0.016755521706016754,0.016755521706016754,0.1,0.08324447829398325,14.27345470071142,232,1.0,1.0,1.0,0.0,1,1.0,1.0
1.0,mnist,random,0,dep,778,4,2884,2826,0.01167728237791932,0.01167728237791932,0.01167728237791932,0.1,0.08832271762208069,15.810616215577019,254,1.0,1.0,1.0,0.0,1,1.0,1.0
1.0,mnist,random,0,dep,779,4,2884,2805,0.0106951871657754,0.0106951871657754,0.0106951871657754,0.1,0.0893048128342246,15.986420707381756,254,1.0,1.0,1.0,0.0,1,1.0,1.0
1.0,mnist,random,0,dep,780,4,2884,2760,0.013043478260869565,0.013043478260869565,0.013043478260869565,0.1,0.08695652173913045,15.566054008229047,254,1.0,1.0,1.0,0.0,1,1.0,1.0
1.0,mnist,random,0,dep,781,4,2884,2822,0.00885896527285613,0.00885896527285613,0.00885896527285613,0.1,0.09114103472714388,16.315122092678905,254,1.0,1.0,1.0,0.0,1,1.0,1.0
1.0,mnist,random,0,dep,782,4,2884,2740,0.011313868613138687,0.011313868613138687,0.011313868613138687,0.1,0.08868613138686132,15.875670775910974,254,1.0,1.0,1.0,0.0,1,1.0,1.0
1.0,tabular-MiniBooNE,greedy_entropy,0,0.5,778,0,23412,23411,0.07539190978599804,0.07539190978599804,0.07539190978599804,0.15,0.07460809021400196,31.970548596544518,3397,1.0,1.0,1.0,0.0,1,1.0,1.0
1.0,tabular-MiniBooNE,greedy_entropy,0,0.5,779,0,23412,23411,0.07735679808636965,0.07735679808636965,0.07735679808636965,0.15,0.07264320191363034,31.1285680993407,3397,1.0,1.0,1.0,0.0,1,1.0,1.0
1.0,tabular-MiniBooNE,greedy_entropy,0,0.5,780,0,23412,23411,0.07996241083251462,0.07996241083251462,0.07996241083251462,0.15,0.07003758916748537,30.01202874435303,3397,1.0,1.0,1.0,0.0,1,1.0,1.0
1.0,tabular-MiniBooNE,greedy_entropy,0,0.5,781,0,23412,23411,0.08013327068472086,0.08013327068472086,0.08013327068472086,0.15,0.06986672931527914,29.938813048944002,3397,1.0,1.0,1.0,0.0,1,1.0,1.0
1.0,tabular-MiniBooNE,greedy_entropy,0,0.5,782,0,23412,23411,0.07863824697791637,0.07863824697791637,0.07863824697791637,0.15,0.07136175302208363,30.579450383772993,3397,1.0,1.0,1.0,0.0,1,1.0,1.0
1.0,tabular-MiniBooNE,greedy_entropy,0,0.7,778,0,23412,23411,0.07539190978599804,0.07539190978599804,0.07539190978599804,0.15,0.07460809021400196,31.970548596544518,3397,1.0,1.0,1.0,0.0,1,1.0,1.0
1.0,tabular-MiniBooNE,greedy_entropy,0,0.7,779,0,23412,23411,0.07735679808636965,0.07735679808636965,0.07735679808636965,0.15,0.07264320191363034,31.1285680993407,3397,1.0,1.0,1.0,0.0,1,1.0,1.0
1.0,tabular-MiniBooNE,greedy_entropy,0,0.7,780,0,23412,23411,0.07996241083251462,0.07996241083251462,0.07996241083251462,0.15,0.07003758916748537,30.01202874435303,3397,1.0,1.0,1.0,0.0,1,1.0,1.0
1.0,tabular-MiniBooNE,greedy_entropy,0,0.7,781,0,23412,23411,0.08013327068472086,0.08013327068472086,0.08013327068472086,0.15,0.06986672931527914,29.938813048944002,3397,1.0,1.0,1.0,0.0,1,1.0,1.0
1.0,tabular-MiniBooNE,greedy_entropy,0,0.7,782,0,23412,23411,0.07863824697791637,0.07863824697791637,0.07863824697791637,0.15,0.07136175302208363,30.579450383772993,3397,1.0,1.0,1.0,0.0,1,1.0,1.0
1.0,tabular-MiniBooNE,greedy_entropy,0,0.9,778,4,4792,4843,0.19450753665083625,0.19450753665083625,0.19450753665083625,0.15,-0.04450753665083626,-8.628531133184566,667,4.4066454580738176e-24,4.4066454580738176e-24,0.0,1.0,1,2.453589757618382e-24,0.0
1.0,tabular-MiniBooNE,greedy_entropy,0,0.9,779,4,4792,4816,0.20161960132890366,0.20120431893687707,0.20161960132890366,0.15,-0.05161960132890367,-10.007323942531697,667,1.3265185840098678e-29,2.877488659215194e-29,0.0,1.0,1,8.267404939773809e-30,0.0
1.0,tabular-MiniBooNE,greedy_entropy,0,0.9,780,4,4792,4772,0.20808885163453478,0.20808885163453478,0.20808885163453478,0.15,-0.05808885163453478,-11.261496423664799,667,4.649138499769061e-35,4.649138499769061e-35,0.0,1.0,1,5.755147344071424e-35,0.0
1.0,tabular-MiniBooNE,greedy_entropy,0,0.9,781,4,4792,4812,0.20615128844555278,0.20615128844555278,0.20615128844555278,0.15,-0.05615128844555278,-10.885867360438954,667,2.2055775952587958e-33,2.2055775952587958e-33,0.0,1.0,1,1.1213820809151416e-33,0.0
1.0,tabular-MiniBooNE,greedy_entropy,0,0.9,782,4,4792,4824,0.19776119402985073,0.19776119402985073,0.19776119402985073,0.15,-0.04776119402985074,-9.259307089440833,667,1.518286350318625e-26,1.518286350318625e-26,0.0,1.0,1,8.561798173803008e-27,0.0
1.0,tabular-MiniBooNE,greedy_entropy,0,dep,778,2,6642,6883,0.1455760569519105,0.14368734563417115,0.1455760569519105,0.15,0.00442394304808949,1.0097267704194843,935,0.13701155180617958,0.25533992414171147,0.0,1.0,1,0.14068611250323534,0.0
1.0,tabular-MiniBooNE,greedy_entropy,0,dep,779,2,6642,6837,0.1503583443030569,0.1503583443030569,0.1503583443030569,0.15,-0.0003583443030568956,-0.08178899047539022,935,0.014471503058804604,0.014471503058804604,0.0,1.0,1,0.013982319283555516,0.0
1.0,tabular-MiniBooNE,greedy_entropy,0,dep,780,2,6642,6790,0.15832106038291605,0.1572901325478645,0.15832106038291605,0.15,-0.008321060382916051,-1.8992101244467423,935,3.7654447004295736e-05,9.503950246197618e-05,0.0,1.0,1,3.200786160464343e-05,0.0
1.0,tabular-MiniBooNE,greedy_entropy,0,dep,781,2,6642,6907,0.15462574200086868,0.15462574200086868,0.15462574200086868,0.15,-0.004625742000868682,-1.055785637509051,935,0.0008406044283204893,0.0008406044283204893,0.0,1.0,1,0.0007349025350970714,0.0
1.0,tabular-MiniBooNE,greedy_entropy,0,dep,782,2,6642,6831,0.1497584541062802,0.14931927975406237,0.1497584541062802,0.15,0.00024154589371980228,0.05513076287885573,935,0.020254019809480512,0.025649215876472113,0.0,1.0,1,0.01948609526629825,0.0
1.0,tabular-MiniBooNE,random,0,0.5,778,0,23412,23411,0.07539190978599804,0.07543462474904959,0.07539190978599804,0.15,0.07460809021400196,31.970548596544518,3397,1.0,1.0,1.0,0.0,1,1.0,1.0
1.0,tabular-MiniBooNE,random,0,0.5,779,0,23412,23411,0.07735679808636965,0.07748494297552433,0.07735679808636965,0.15,0.07264320191363034,31.1285680993407,3397,1.0,1.0,1.0,0.0,1,1.0,1.0
1.0,tabular-MiniBooNE,random,0,0.5,780,0,23412,23411,0.07996241083251462,0.08004784075861775,0.07996241083251462,0.15,0.07003758916748537,30.01202874435303,3397,1.0,1.0,1.0,0.0,1,1.0,1.0
1.0,tabular-MiniBooNE,random,0,0.5,781,0,23412,23411,0.08013327068472086,0.08013327068472086,0.08013327068472086,0.15,0.06986672931527914,29.938813048944002,3397,1.0,1.0,1.0,0.0,1,1.0,1.0
1.0,tabular-MiniBooNE,random,0,0.5,782,0,23412,23411,0.07863824697791637,0.07863824697791637,0.07863824697791637,0.15,0.07136175302208363,30.579450383772993,3397,1.0,1.0,1.0,0.0,1,1.0,1.0
1.0,tabular-MiniBooNE,random,0,0.7,778,0,23412,23411,0.07539190978599804,0.07543462474904959,0.07539190978599804,0.15,0.07460809021400196,31.970548596544518,3397,1.0,1.0,1.0,0.0,1,1.0,1.0
1.0,tabular-MiniBooNE,random,0,0.7,779,0,23412,23411,0.07735679808636965,0.07748494297552433,0.07735679808636965,0.15,0.07264320191363034,31.1285680993407,3397,1.0,1.0,1.0,0.0,1,1.0,1.0
1.0,tabular-MiniBooNE,random,0,0.7,780,0,23412,23411,0.07996241083251462,0.08004784075861775,0.07996241083251462,0.15,0.07003758916748537,30.01202874435303,3397,1.0,1.0,1.0,0.0,1,1.0,1.0
1.0,tabular-MiniBooNE,random,0,0.7,781,0,23412,23411,0.08013327068472086,0.08013327068472086,0.08013327068472086,0.15,0.06986672931527914,29.938813048944002,3397,1.0,1.0,1.0,0.0,1,1.0,1.0
1.0,tabular-MiniBooNE,random,0,0.7,782,0,23412,23411,0.07863824697791637,0.07863824697791637,0.07863824697791637,0.15,0.07136175302208363,30.579450383772993,3397,1.0,1.0,1.0,0.0,1,1.0,1.0
1.0,tabular-MiniBooNE,random,0,0.9,778,4,4833,4803,0.1977930460129086,0.19758484280657923,0.1977930460129086,0.15,-0.0477930460129086,-9.305035098996683,673,9.978723592140173e-27,1.4492927636611385e-26,0.0,1.0,1,1.0043957308873084e-26,0.0
1.0,tabular-MiniBooNE,random,0,0.9,779,4,4833,4738,0.20536091177712115,0.20493879273955257,0.20536091177712115,0.15,-0.05536091177712116,-10.778455657742267,673,6.501794748537171e-33,1.4892007535784002e-32,0.0,1.0,1,1.842784539311737e-32,0.0
1.0,tabular-MiniBooNE,random,0,0.9,780,4,4833,4770,0.21006289308176102,0.21006289308176102,0.21006289308176102,0.15,-0.06006289308176102,-11.693904760163631,673,4.874575543262698e-37,4.874575543262698e-37,0.0,1.0,1,7.579474060820811e-37,0.0
1.0,tabular-MiniBooNE,random,0,0.9,781,4,4833,4794,0.2117229870671673,0.21151439299123906,0.2117229870671673,0.15,-0.061722987067167306,-12.017115647322123,673,1.5182773788671138e-38,2.355472527284951e-38,0.0,1.0,1,2.2448602562408056e-38,0.0
1.0,tabular-MiniBooNE,random,0,0.9,782,4,4833,4849,0.2148896679727779,0.2148896679727779,0.2148896679727779,0.15,-0.0648896679727779,-12.633650466343086,673,1.7225775268047988e-41,1.7225775268047988e-41,0.0,1.0,1,1.1294265307678545e-41,0.0
1.0,tabular-MiniBooNE,random,0,dep,778,3,4743,4635,0.13203883495145632,0.13203883495145632,0.13203883495145632,0.15,0.01796116504854367,3.4642240597741645,659,0.922262913341145,0.922262913341145,1.0,0.0,1,0.9199958109781574,1.0
1.0,tabular-MiniBooNE,random,0,dep,779,3,4743,4680,0.1391025641025641,0.1391025641025641,0.1391025641025641,0.15,0.010897435897435886,2.1018213197035904,659,0.497603913793913,0.497603913793913,0.0,1.0,1,0.4936015490215939,0.0
1.0,tabular-MiniBooNE,random,0,dep,780,3,4743,4534,0.13895015438906044,0.13895015438906044,0.13895015438906044,0.15,0.011049845610939552,2.1312170406958373,659,0.5097078034667493,0.5097078034667493,0.0,1.0,1,0.4934972331857258,0.0
1.0,tabular-MiniBooNE,random,0,dep,781,3,4743,4635,0.14153182308522114,0.14153182308522114,0.14153182308522114,0.15,0.008468176914778858,1.633282814968602,659,0.31307549528980444,0.31307549528980444,0.0,1.0,1,0.31535247304709174,0.0
1.0,tabular-MiniBooNE,random,0,dep,782,3,4743,4682,0.14032464758650148,0.14011106364801368,0.13947031183255018,0.15,0.009675352413498511,1.8661143933061988,659,0.40182140853893317,0.4182719339760305,0.0,1.0,1,0.41035118375461,0.0
1.0,tabular-adult,greedy_entropy,0,0.5,778,0,8140,8140,0.14692874692874694,0.14692874692874694,0.1466830466830467,0.25,0.10307125307125306,21.47578870285095,1953,1.0,1.0,1.0,0.0,1,1.0,1.0
1.0,tabular-adult,greedy_entropy,0,0.5,779,0,8140,8140,0.14275184275184274,0.14275184275184274,0.14189189189189189,0.25,0.10724815724815726,22.346082881512373,1953,1.0,1.0,1.0,0.0,1,1.0,1.0
1.0,tabular-adult,greedy_entropy,0,0.5,780,0,8140,8140,0.1468058968058968,0.1468058968058968,0.1468058968058968,0.25,0.10319410319410319,21.501385590458636,1953,1.0,1.0,1.0,0.0,1,1.0,1.0
1.0,tabular-adult,greedy_entropy,0,0.5,781,0,8140,8140,0.14692874692874694,0.14692874692874694,0.14606879606879608,0.25,0.10307125307125306,21.47578870285095,1953,1.0,1.0,1.0,0.0,1,1.0,1.0
1.0,tabular-adult,greedy_entropy,0,0.5,782,0,8140,8140,0.15073710073710073,0.15073710073710073,0.14803439803439802,0.25,0.09926289926289927,20.682285187012596,1953,1.0,1.0,1.0,0.0,1,1.0,1.0
1.0,tabular-adult,greedy_entropy,0,0.7,778,0,8140,8140,0.14692874692874694,0.14692874692874694,0.1466830466830467,0.25,0.10307125307125306,21.47578870285095,1953,1.0,1.0,1.0,0.0,1,1.0,1.0
1.0,tabular-adult,greedy_entropy,0,0.7,779,0,8140,8140,0.14275184275184274,0.14275184275184274,0.14189189189189189,0.25,0.10724815724815726,22.346082881512373,1953,1.0,1.0,1.0,0.0,1,1.0,1.0
1.0,tabular-adult,greedy_entropy,0,0.7,780,0,8140,8140,0.1468058968058968,0.1468058968058968,0.1468058968058968,0.25,0.10319410319410319,21.501385590458636,1953,1.0,1.0,1.0,0.0,1,1.0,1.0
1.0,tabular-adult,greedy_entropy,0,0.7,781,0,8140,8140,0.14692874692874694,0.14692874692874694,0.14606879606879608,0.25,0.10307125307125306,21.47578870285095,1953,1.0,1.0,1.0,0.0,1,1.0,1.0
1.0,tabular-adult,greedy_entropy,0,0.7,782,0,8140,8140,0.15073710073710073,0.15073710073710073,0.14803439803439802,0.25,0.09926289926289927,20.682285187012596,1953,1.0,1.0,1.0,0.0,1,1.0,1.0
1.0,tabular-adult,greedy_entropy,0,0.9,778,2,3271,3261,0.29162833486660533,0.29162833486660533,0.2913216804661147,0.25,-0.04162833486660533,-5.49830307920754,765,6.605016357547292e-14,6.605016357547292e-14,0.0,1.0,1,7.974909902253299e-14,0.0
1.0,tabular-adult,greedy_entropy,0,0.9,779,2,3271,3295,0.2825493171471927,0.2825493171471927,0.27830045523520486,0.25,-0.032549317147192725,-4.299139306676445,765,1.700620131175566e-10,1.700620131175566e-10,0.0,1.0,1,1.6196314096275513e-10,0.0
1.0,tabular-adult,greedy_entropy,0,0.9,780,2,3271,3303,0.2909476233726915,0.29064486830154407,0.2909476233726915,0.25,-0.04094762337269148,-5.408394171848361,765,1.2382193555732638e-13,1.6341615192847893e-13,0.0,1.0,1,1.104963642191365e-13,0.0
1.0,tabular-adult,greedy_entropy,0,0.9,781,2,3271,3294,0.29295689131754704,0.29295689131754704,0.2923497267759563,0.25,-0.04295689131754704,-5.673779855987623,765,1.9021828491949933e-14,1.9021828491949933e-14,0.0,1.0,1,1.875666770433247e-14,0.0
1.0,tabular-adult,greedy_entropy,0,0.9,782,2,3271,3301,0.30384731899424416,0.30384731899424416,0.2974856104210845,0.25,-0.053847318994244164,-7.112196074665306,765,2.8575493101066215e-19,2.8575493101066215e-19,0.0,1.0,1,2.814685263193924e-19,0.0
1.0,tabular-adult,greedy_entropy,0,dep,778,1,1746,1788,0.19630872483221476,0.19630872483221476,0.19630872483221476,0.25,0.05369127516778524,5.181138504940594,398,0.9995176402099027,0.9995176402099027,1.0,0.0,1,0.9996154563363131,1.0
1.0,tabular-adult,greedy_entropy,0,dep,779,1,1746,1715,0.1836734693877551,0.1836734693877551,0.1836734693877551,0.25,0.06632653061224489,6.400424288309903,398,0.999998561245902,0.999998561245902,1.0,0.0,1,0.9999982764248646,1.0
1.0,tabular-adult,greedy_entropy,0,dep,780,1,1746,1714,0.1896149358226371,0.18844807467911318,0.1896149358226371,0.25,0.06038506417736289,5.8270804735954895,398,0.9999715185426927,0.9999835707061474,1.0,0.0,1,0.9999604544384433,1.0
1.0,tabular-adult,greedy_entropy,0,dep,781,1,1746,1736,0.1912442396313364,0.1912442396313364,0.18951612903225806,0.25,0.05875576036866359,5.669854766567334,398,0.9999403379246111,0.9999403379246111,1.0,0.0,1,0.9999416587842365,1.0
1.0,tabular-adult,greedy_entropy,0,dep,782,1,1746,1771,0.20045172219085264,0.19988706945228685,0.19875776397515527,0.25,0.04954827780914736,4.781344626444946,398,0.9978725578280054,0.998241870831012,1.0,0.0,1,0.9981092453217023,1.0
1.0,tabular-adult,random,0,0.5,778,0,8140,8140,0.14692874692874694,0.14692874692874694,0.14692874692874694,0.25,0.10307125307125306,21.47578870285095,1953,1.0,1.0,1.0,0.0,1,1.0,1.0
1.0,tabular-adult,random,0,0.5,779,0,8140,8140,0.14275184275184274,0.14275184275184274,0.14275184275184274,0.25,0.10724815724815726,22.346082881512373,1953,1.0,1.0,1.0,0.0,1,1.0,1.0
1.0,tabular-adult,random,0,0.5,780,0,8140,8140,0.1468058968058968,0.1468058968058968,0.1468058968058968,0.25,0.10319410319410319,21.501385590458636,1953,1.0,1.0,1.0,0.0,1,1.0,1.0
1.0,tabular-adult,random,0,0.5,781,0,8140,8140,0.14692874692874694,0.14692874692874694,0.14692874692874694,0.25,0.10307125307125306,21.47578870285095,1953,1.0,1.0,1.0,0.0,1,1.0,1.0
1.0,tabular-adult,random,0,0.5,782,0,8140,8140,0.15073710073710073,0.15073710073710073,0.15073710073710073,0.25,0.09926289926289927,20.682285187012596,1953,1.0,1.0,1.0,0.0,1,1.0,1.0
1.0,tabular-adult,random,0,0.7,778,0,8140,8140,0.14692874692874694,0.14692874692874694,0.14692874692874694,0.25,0.10307125307125306,21.47578870285095,1953,1.0,1.0,1.0,0.0,1,1.0,1.0
1.0,tabular-adult,random,0,0.7,779,0,8140,8140,0.14275184275184274,0.14275184275184274,0.14275184275184274,0.25,0.10724815724815726,22.346082881512373,1953,1.0,1.0,1.0,0.0,1,1.0,1.0
1.0,tabular-adult,random,0,0.7,780,0,8140,8140,0.1468058968058968,0.1468058968058968,0.1468058968058968,0.25,0.10319410319410319,21.501385590458636,1953,1.0,1.0,1.0,0.0,1,1.0,1.0
1.0,tabular-adult,random,0,0.7,781,0,8140,8140,0.14692874692874694,0.14692874692874694,0.14692874692874694,0.25,0.10307125307125306,21.47578870285095,1953,1.0,1.0,1.0,0.0,1,1.0,1.0
1.0,tabular-adult,random,0,0.7,782,0,8140,8140,0.15073710073710073,0.15073710073710073,0.15073710073710073,0.25,0.09926289926289927,20.682285187012596,1953,1.0,1.0,1.0,0.0,1,1.0,1.0
1.0,tabular-adult,random,0,0.9,778,2,3051,3036,0.30270092226613965,0.30237154150197626,0.30270092226613965,0.25,-0.05270092226613965,-6.722621857855904,712,7.8901604469891e-18,1.100789316250429e-17,0.0,1.0,1,7.91012142460246e-18,0.0
1.0,tabular-adult,random,0,0.9,779,2,3051,3060,0.29183006535947714,0.29183006535947714,0.29183006535947714,0.25,-0.04183006535947714,-5.335916329529552,712,2.2828163820137105e-13,2.2828163820137105e-13,0.0,1.0,1,2.0449426507074119e-13,0.0
1.0,tabular-adult,random,0,0.9,780,2,3051,3034,0.3015820698747528,0.3009228740936058,0.3015820698747528,0.25,-0.05158206987475278,-6.5798990890954725,712,2.4319229437104138e-17,4.686095829874432e-17,0.0,1.0,1,2.9359975392995024e-17,0.0
1.0,tabular-adult,random,0,0.9,781,2,3051,3021,0.3018867924528302,0.3015557762330354,0.3018867924528302,0.25,-0.05188679245283018,-6.618770034344214,712,1.7925666773454866e-17,2.4966471166062346e-17,0.0,1.0,1,2.559538947624815e-17,0.0
1.0,tabular-adult,random,0,0.9,782,2,3051,3051,0.3143231727302524,0.3143231727302524,0.3136676499508358,0.25,-0.0643231727302524,-8.205176463123601,712,2.6534986452415887e-23,2.6534986452415887e-23,0.0,1.0,1,2.6534986452415887e-23,0.0
1.0,tabular-adult,random,0,dep,778,2,1818,1860,0.2543010752688172,0.2543010752688172,0.25268817204301075,0.25,-0.004301075268817178,-0.42351943656227425,415,0.005438243757838536,0.005438243757838536,0.0,1.0,1,0.005322645382917582,0.0
1.0,tabular-adult,random,0,dep,779,2,1818,1803,0.24348308374930672,0.24348308374930672,0.2418191902384914,0.25,0.006516916250693283,0.6417094624284908,415,0.06816288624360081,0.06816288624360081,0.0,1.0,1,0.07220260435737515,0.0
1.0,tabular-adult,random,0,dep,780,2,1818,1839,0.24687330070690594,0.2463295269168026,0.24687330070690594,0.25,0.0031266992930940596,0.3078806670767762,415,0.03414737938256129,0.03838756765193137,0.0,1.0,1,0.03418372104651066,0.0
1.0,tabular-adult,random,0,dep,781,2,1818,1833,0.24931805782869612,0.24931805782869612,0.24931805782869612,0.25,0.0006819421713038787,0.06714966516689179,415,0.019591799117121524,0.019591799117121524,0.0,1.0,1,0.020709743624659722,0.0
1.0,tabular-adult,random,0,dep,782,2,1818,1877,0.26052210974960044,0.26052210974960044,0.25732551944592436,0.25,-0.010522109749600439,-1.036093933278853,415,0.000828504471663564,0.000828504471663564,0.0,1.0,1,0.0007660063686413039,0.0
